sex,age,cause,val,upper,lower
Both,<1 year,Cardiovascular diseases,33.48867616877,42.43485674092,26.60331789833
Both,<5 years,Cardiovascular diseases,30.81846120963,39.27361856432,24.525160941600003
Both,2-4 years,Cardiovascular diseases,28.62236682001,38.03336339064,22.20840233671
Both,5-9 years,Cardiovascular diseases,20.27021993929,27.931643535520003,14.36864620236
Both,10-14 years,Cardiovascular diseases,21.01272097187,29.01714524953,14.76940723573
Both,15-19 years,Cardiovascular diseases,33.10133890016,44.36322753854,23.7377469485
Both,20-24 years,Cardiovascular diseases,46.87749472016,58.991855608399995,36.47070853528
Both,25-29 years,Cardiovascular diseases,59.56514822853,73.00829178837,47.80715757915
Both,30-34 years,Cardiovascular diseases,96.84703444238,116.45604667962,82.55636920517999
Both,35-39 years,Cardiovascular diseases,159.01718379964,191.04109782173,134.26614328452
Both,40-44 years,Cardiovascular diseases,320.94108748233,359.66997808029,284.85250353337
Both,45-49 years,Cardiovascular diseases,502.9599943863,585.7206587816099,425.42988059087
Both,50-54 years,Cardiovascular diseases,828.11824344787,930.78979924501,718.73510693143
Both,55-59 years,Cardiovascular diseases,1283.9948286449,1568.85746479834,1064.19316301579
Both,60-64 years,Cardiovascular diseases,2158.56277881338,2468.37125349493,1896.91793868556
Both,65-69 years,Cardiovascular diseases,3411.47580913098,3932.19347856422,2980.33157302973
Both,70-74 years,Cardiovascular diseases,4446.70416902092,4989.38962228957,3953.7520752212904
Both,75-79 years,Cardiovascular diseases,5310.60977558806,6364.20846004537,4373.4802603041
Both,80-84 years,Cardiovascular diseases,6433.355085105851,7491.732553008889,5513.10400051069
Both,85-89 years,Cardiovascular diseases,7679.47023371956,9853.7429887645,6109.847588266501
Both,90-94 years,Cardiovascular diseases,8725.63960273604,10287.68953564438,7288.86443999826
Both,95+ years,Cardiovascular diseases,9667.03232578522,12052.10663550987,7520.919622230531
Both,<1 year,Chronic respiratory diseases,0.0,0.0,0.0
Both,<5 years,Chronic respiratory diseases,3049.14579888168,4388.27073882079,1990.64145921716
Both,2-4 years,Chronic respiratory diseases,3120.94853277067,4798.15725878704,1713.63844232962
Both,5-9 years,Chronic respiratory diseases,1196.10160272657,2133.18403036129,571.69888011895
Both,10-14 years,Chronic respiratory diseases,616.69285942038,1166.66548051239,268.07507994512
Both,15-19 years,Chronic respiratory diseases,443.75567128482,801.3539504415501,189.72630547303
Both,20-24 years,Chronic respiratory diseases,376.62090456748,723.41018765001,159.00460229866
Both,25-29 years,Chronic respiratory diseases,386.06921563523,648.87624575007,216.77537529606
Both,30-34 years,Chronic respiratory diseases,402.02974454828,639.75694651728,227.15809442859
Both,35-39 years,Chronic respiratory diseases,423.8031671544901,694.3598758271401,241.18802813088
Both,40-44 years,Chronic respiratory diseases,558.9529905158901,857.41793742579,352.22911673912
Both,45-49 years,Chronic respiratory diseases,737.79147932722,1022.15092675421,538.09358785935
Both,50-54 years,Chronic respiratory diseases,779.38824481853,1071.32088192703,589.07354479314
Both,55-59 years,Chronic respiratory diseases,767.3484090167,1060.42148088215,571.99886881932
Both,60-64 years,Chronic respiratory diseases,1334.30273632611,1663.7018360221498,1070.78863125814
Both,65-69 years,Chronic respiratory diseases,1943.55530953883,2368.03590440125,1636.7864034964
Both,70-74 years,Chronic respiratory diseases,2160.54110801525,2646.58422684955,1715.6654675599
Both,75-79 years,Chronic respiratory diseases,2076.32193634565,2475.62492157651,1640.99011588303
Both,80-84 years,Chronic respiratory diseases,1749.0960074860202,2255.9300955270996,1313.80612061643
Both,85-89 years,Chronic respiratory diseases,1560.65011414997,2108.81301318636,1203.00850182161
Both,90-94 years,Chronic respiratory diseases,1538.1774039491102,2089.00039976555,1116.21576194549
Both,95+ years,Chronic respiratory diseases,1613.68326569323,2417.35137852034,1033.71234136271
Both,<1 year,"Communicable, maternal, neonatal, and nutritional diseases",801411.2261578622,895403.2077820248,686097.2477267521
Both,<5 years,"Communicable, maternal, neonatal, and nutritional diseases",732792.5098352979,842108.6656890615,627575.7199474775
Both,2-4 years,"Communicable, maternal, neonatal, and nutritional diseases",706279.9099436855,857500.8825391087,565170.6810083978
Both,5-9 years,"Communicable, maternal, neonatal, and nutritional diseases",545376.705133944,683535.6656133254,433847.7922972386
Both,10-14 years,"Communicable, maternal, neonatal, and nutritional diseases",473835.6323753052,588480.0144015244,371921.5227094474
Both,15-19 years,"Communicable, maternal, neonatal, and nutritional diseases",462479.1409886133,579996.5560079354,366764.20191435784
Both,20-24 years,"Communicable, maternal, neonatal, and nutritional diseases",454909.5345016377,565390.120539917,362105.953451501
Both,25-29 years,"Communicable, maternal, neonatal, and nutritional diseases",438253.2971331339,549008.2357277212,355708.3083366728
Both,30-34 years,"Communicable, maternal, neonatal, and nutritional diseases",408294.0038945678,511157.67396540334,317484.5600828444
Both,35-39 years,"Communicable, maternal, neonatal, and nutritional diseases",403933.2709660335,505164.87181323254,318370.693468518
Both,40-44 years,"Communicable, maternal, neonatal, and nutritional diseases",385431.53777043446,502663.97723301355,297945.66601317876
Both,45-49 years,"Communicable, maternal, neonatal, and nutritional diseases",374514.3055605753,476357.7812858176,292207.4585604196
Both,50-54 years,"Communicable, maternal, neonatal, and nutritional diseases",356006.6570571988,447438.528129074,274887.7796965078
Both,55-59 years,"Communicable, maternal, neonatal, and nutritional diseases",356486.64859537414,430100.2420433441,281803.66756053077
Both,60-64 years,"Communicable, maternal, neonatal, and nutritional diseases",330805.8005950144,412488.4130613152,258514.4292592548
Both,65-69 years,"Communicable, maternal, neonatal, and nutritional diseases",310278.9931309505,382037.90025068173,245406.04617819833
Both,70-74 years,"Communicable, maternal, neonatal, and nutritional diseases",301453.58299065166,382840.1106676471,241829.8959335893
Both,75-79 years,"Communicable, maternal, neonatal, and nutritional diseases",278044.88679836126,347649.47735641163,224437.24360464083
Both,80-84 years,"Communicable, maternal, neonatal, and nutritional diseases",267776.1280839318,338206.29810157313,210765.95845872993
Both,85-89 years,"Communicable, maternal, neonatal, and nutritional diseases",272424.2151768184,334961.12103906047,224415.6562235694
Both,90-94 years,"Communicable, maternal, neonatal, and nutritional diseases",287433.97684007767,350430.862956774,234688.74395064136
Both,95+ years,"Communicable, maternal, neonatal, and nutritional diseases",303881.2850465886,388301.5979378848,233300.87187372017
Both,<1 year,Diabetes and kidney diseases,43.9185387957,53.31773681017,36.9507750449
Both,<5 years,Diabetes and kidney diseases,40.14165079484,78.87467041149,19.59824126597
Both,2-4 years,Diabetes and kidney diseases,45.15960215274,99.93652586432,16.59127825453
Both,5-9 years,Diabetes and kidney diseases,73.55211504063,132.75880971847,43.42948325608
Both,10-14 years,Diabetes and kidney diseases,65.71317597973,115.7463148612,48.151319528070005
Both,15-19 years,Diabetes and kidney diseases,122.88621858227,147.64302095736,96.8714336359
Both,20-24 years,Diabetes and kidney diseases,91.10729277183,123.56830631823,66.32526491539001
Both,25-29 years,Diabetes and kidney diseases,160.17766891620002,209.38402010178,108.9289269343
Both,30-34 years,Diabetes and kidney diseases,341.38452242645997,403.99692166959,284.09978082931997
Both,35-39 years,Diabetes and kidney diseases,567.36722549087,690.91842609666,450.84926751971994
Both,40-44 years,Diabetes and kidney diseases,796.76416850148,903.12154893626,700.85039197168
Both,45-49 years,Diabetes and kidney diseases,1038.4890417986,1286.1593481300802,812.28870092276
Both,50-54 years,Diabetes and kidney diseases,1330.26591006044,1544.5822204173598,1115.59694419074
Both,55-59 years,Diabetes and kidney diseases,1708.4642322851,2011.71824588865,1451.78038553278
Both,60-64 years,Diabetes and kidney diseases,2126.6787246195,2514.43835549767,1801.29836061345
Both,65-69 years,Diabetes and kidney diseases,2458.12549120913,2887.30629490466,1977.58129347075
Both,70-74 years,Diabetes and kidney diseases,2604.7349771874997,3258.6883789287403,2021.4041088970296
Both,75-79 years,Diabetes and kidney diseases,2513.9550134424303,3180.4841179080204,1911.22398014743
Both,80-84 years,Diabetes and kidney diseases,2093.46694538412,2636.4895341272,1570.0116082657398
Both,85-89 years,Diabetes and kidney diseases,1620.89699887456,2090.1083298090502,1191.1754755835
Both,90-94 years,Diabetes and kidney diseases,1312.21031533248,1699.19239557557,938.31807884361
Both,95+ years,Diabetes and kidney diseases,1131.78245649782,1632.172252751,761.23212654002
Both,<1 year,Digestive diseases,247.71010021333,276.32548092909997,223.8937748545
Both,<5 years,Digestive diseases,339.21697635912,380.26463488334,307.91891433574
Both,2-4 years,Digestive diseases,390.84774869356,445.41456800507,346.12275774205
Both,5-9 years,Digestive diseases,544.0682128716301,630.39089061981,473.0406241038
Both,10-14 years,Digestive diseases,1133.54395776357,1358.95582453236,938.94697814865
Both,15-19 years,Digestive diseases,3587.34542156794,4372.1792447074495,2948.30444310335
Both,20-24 years,Digestive diseases,5561.26153250331,6829.55728144019,4518.52552821848
Both,25-29 years,Digestive diseases,7211.9194921793405,8763.45015421249,5828.926991795111
Both,30-34 years,Digestive diseases,8532.44810419221,10550.07008868653,6896.13134768196
Both,35-39 years,Digestive diseases,9649.49407790768,11995.91696366575,7791.68534227815
Both,40-44 years,Digestive diseases,10715.939144659991,13266.033687964273,8616.09504473426
Both,45-49 years,Digestive diseases,11927.54303384994,14383.26499235378,9704.608288065469
Both,50-54 years,Digestive diseases,14029.25096763792,16744.19414589623,11616.58431960219
Both,55-59 years,Digestive diseases,16236.42827411361,19366.62241146064,13489.88115067576
Both,60-64 years,Digestive diseases,18059.4437598365,21152.14588386787,15048.05255599154
Both,65-69 years,Digestive diseases,19481.109008539952,22426.6037663592,16752.695450116138
Both,70-74 years,Digestive diseases,20696.35637978354,23653.11573424404,17829.62818469857
Both,75-79 years,Digestive diseases,20845.167515170346,23788.40621062506,17998.96176026971
Both,80-84 years,Digestive diseases,20662.81849097626,23426.30249776714,17989.4817030578
Both,85-89 years,Digestive diseases,20903.23811036831,23501.87438612547,18398.76665073136
Both,90-94 years,Digestive diseases,21090.60826086485,23776.42262057915,18239.71592554024
Both,95+ years,Digestive diseases,21849.059764968228,26039.35847736741,18461.080454531988
Both,<1 year,Injuries,14228.98715836152,16453.470876266223,12337.97022216542
Both,<5 years,Injuries,14802.0238190892,17865.21832096262,12364.03210253713
Both,2-4 years,Injuries,15510.32751399206,19778.46919895602,12493.2866631486
Both,5-9 years,Injuries,18990.93629664836,24770.51699818936,14651.985013679669
Both,10-14 years,Injuries,20947.87319598658,27711.97590484401,16106.65674938129
Both,15-19 years,Injuries,22733.92688844202,29523.438477488016,18136.5757883165
Both,20-24 years,Injuries,23737.05335174029,29994.69432039162,18764.94067967991
Both,25-29 years,Injuries,22195.31413865003,27646.88770935746,18343.82543484318
Both,30-34 years,Injuries,20130.45999212344,24489.87315810394,16095.23857814654
Both,35-39 years,Injuries,19030.39185575859,22917.09503286357,15555.5928879761
Both,40-44 years,Injuries,19693.29180241845,24607.457034085688,15905.60529600714
Both,45-49 years,Injuries,26600.039680870992,33176.42976753334,19959.06754399252
Both,50-54 years,Injuries,31575.98733894516,39269.86818556809,24223.56890133444
Both,55-59 years,Injuries,32449.084392925244,39951.67554534517,25399.765392513003
Both,60-64 years,Injuries,31371.82757491005,39901.41405826428,24372.7252125985
Both,65-69 years,Injuries,28706.82726569712,37346.64730614199,22437.08060820543
Both,70-74 years,Injuries,29157.11965564506,36423.6629986518,22501.699411775666
Both,75-79 years,Injuries,28926.72846348801,35596.728069972574,22877.03473192872
Both,80-84 years,Injuries,28371.10362887085,34791.56298217838,22732.241836694287
Both,85-89 years,Injuries,29388.21676043828,36113.49950861157,23201.36283282602
Both,90-94 years,Injuries,32510.90081359369,39604.407266465976,26472.44686794303
Both,95+ years,Injuries,37279.06301661072,52946.30155249657,27419.80382311305
Both,<1 year,Mental disorders,1617.8676231580698,4118.6089110187595,477.14143231286
Both,<5 years,Mental disorders,717.00989710708,1147.42691961175,418.0817347197601
Both,2-4 years,Mental disorders,660.62926560496,1105.19671063635,387.00879521759
Both,5-9 years,Mental disorders,3907.77791976838,4948.32176545988,2909.57985086009
Both,10-14 years,Mental disorders,7984.683642821599,9737.0143773777,6303.82023223822
Both,15-19 years,Mental disorders,9430.81350797663,11449.36138544628,7655.380455776791
Both,20-24 years,Mental disorders,7825.09827846013,9702.73085233878,6291.8036243691895
Both,25-29 years,Mental disorders,7370.32544457753,8901.56905661014,6055.20493447259
Both,30-34 years,Mental disorders,6890.22095681754,8261.671287695151,5747.23800538993
Both,35-39 years,Mental disorders,6787.218337238771,8265.77257293868,5733.78134533738
Both,40-44 years,Mental disorders,6513.064813500349,7823.41628936418,5467.55608750996
Both,45-49 years,Mental disorders,6222.02926835166,7271.73925354001,5032.40980193457
Both,50-54 years,Mental disorders,6097.8414272460595,7113.193259944061,5007.5737222717
Both,55-59 years,Mental disorders,5602.83926601389,6724.61200495867,4630.55238019416
Both,60-64 years,Mental disorders,5479.151550543989,6559.53380072199,4537.5926896805
Both,65-69 years,Mental disorders,5284.57952657701,6354.05542983067,4377.60758432204
Both,70-74 years,Mental disorders,4980.18617151245,5966.51558599953,4029.29484160074
Both,75-79 years,Mental disorders,4902.90709718167,5839.73390329388,3867.83392266496
Both,80-84 years,Mental disorders,4761.38752936925,5763.56702859705,3888.44106135378
Both,85-89 years,Mental disorders,4747.51012871931,5545.55690602515,3938.07228472158
Both,90-94 years,Mental disorders,4827.6510331199,5896.495545801679,4044.34924072805
Both,95+ years,Mental disorders,4976.5486977291,6375.572879073089,3973.4178245111502
Both,<1 year,Musculoskeletal disorders,0.0,0.0,0.0
Both,<5 years,Musculoskeletal disorders,0.0,0.0,0.0
Both,2-4 years,Musculoskeletal disorders,0.0,0.0,0.0
Both,5-9 years,Musculoskeletal disorders,758.5667488015799,964.84755398423,594.42895650736
Both,10-14 years,Musculoskeletal disorders,2236.60461904672,2836.07139957394,1751.6531039872
Both,15-19 years,Musculoskeletal disorders,3161.18629128778,3989.61791175058,2436.34862209751
Both,20-24 years,Musculoskeletal disorders,3926.60201639926,4873.30760052336,2946.82715011444
Both,25-29 years,Musculoskeletal disorders,5102.393561395,6442.46529276995,3877.7367248653904
Both,30-34 years,Musculoskeletal disorders,6365.11914189308,7832.93954002668,4991.85245406678
Both,35-39 years,Musculoskeletal disorders,7597.57916007376,9516.428199279731,6067.39488498723
Both,40-44 years,Musculoskeletal disorders,8530.84596172308,10454.02163201528,7033.50500802437
Both,45-49 years,Musculoskeletal disorders,9486.90604451103,11246.49013390924,7780.847885097859
Both,50-54 years,Musculoskeletal disorders,10455.74434951063,12812.75799202414,8315.922402282431
Both,55-59 years,Musculoskeletal disorders,11184.48829127056,13337.635862263469,9217.02269919559
Both,60-64 years,Musculoskeletal disorders,11633.74574182032,13645.68639272943,9537.54454744579
Both,65-69 years,Musculoskeletal disorders,12199.13284914983,14630.45822010986,9888.829310066689
Both,70-74 years,Musculoskeletal disorders,13019.624041199551,15734.51650153352,10526.52394544715
Both,75-79 years,Musculoskeletal disorders,12947.12433519324,15641.29660950996,10501.23228224578
Both,80-84 years,Musculoskeletal disorders,12493.48471577507,15162.90739855126,9828.90705716197
Both,85-89 years,Musculoskeletal disorders,11485.58841449082,13842.37400075928,9209.02468908809
Both,90-94 years,Musculoskeletal disorders,10185.85421828022,12155.09353186549,8223.809305533721
Both,95+ years,Musculoskeletal disorders,9144.16147320011,11638.06066367134,7021.60425780553
Both,<1 year,Neoplasms,851.2552073386901,1105.57978151764,654.51157331755
Both,<5 years,Neoplasms,804.5571251516001,1024.19732596441,637.35250172097
Both,2-4 years,Neoplasms,768.3918925540701,969.25725376516,603.47424800569
Both,5-9 years,Neoplasms,541.85356987753,748.9372372254701,379.34533114229
Both,10-14 years,Neoplasms,506.79560180032,700.87760994472,333.42138013177
Both,15-19 years,Neoplasms,694.06564795917,980.58793851338,467.16127397385
Both,20-24 years,Neoplasms,986.95177962176,1334.39871941697,720.50455235068
Both,25-29 years,Neoplasms,1389.90762366663,2042.62985853922,951.61079815396
Both,30-34 years,Neoplasms,1925.02368731968,2630.61112466491,1414.92110107135
Both,35-39 years,Neoplasms,2561.67028288947,3498.13196572352,1757.53793711481
Both,40-44 years,Neoplasms,3295.7788180561297,4169.63966525435,2456.4162783275797
Both,45-49 years,Neoplasms,4123.37868157638,5543.54262711447,2963.8352051657603
Both,50-54 years,Neoplasms,5373.76287636336,6679.45986602922,4281.03048926221
Both,55-59 years,Neoplasms,7053.57822877096,8778.79851553741,5489.95223266628
Both,60-64 years,Neoplasms,9208.97000994369,11082.37112148765,7539.925424260489
Both,65-69 years,Neoplasms,11650.05616751856,14659.3402199523,9516.56483228121
Both,70-74 years,Neoplasms,13774.37686242061,16867.58146859255,11206.35898221145
Both,75-79 years,Neoplasms,15728.66033621679,18610.89130847703,12889.9189012115
Both,80-84 years,Neoplasms,17111.34409314892,20161.14108675037,14516.02609459203
Both,85-89 years,Neoplasms,18135.57728677859,20768.0742114702,15611.921630715313
Both,90-94 years,Neoplasms,18136.13294177667,20963.60660730011,15142.4200435895
Both,95+ years,Neoplasms,17436.523381888812,21032.51685645032,14234.35721774611
Both,<1 year,Neurological disorders,50.91419036133,79.83901168822001,30.512633458190003
Both,<5 years,Neurological disorders,48.05404872395,76.94727916764,28.32914026733
Both,2-4 years,Neurological disorders,47.01367427406,80.81918485874999,25.82426857498
Both,5-9 years,Neurological disorders,9786.80077885327,13506.55310755648,6550.971401399849
Both,10-14 years,Neurological disorders,17205.16483370776,22645.23068775527,12863.26970862751
Both,15-19 years,Neurological disorders,15670.295768028833,21220.076235032433,11196.49540876965
Both,20-24 years,Neurological disorders,15608.4388025241,22286.25827927834,10326.73076037903
Both,25-29 years,Neurological disorders,16791.29555945673,22129.101129654067,10534.44641219921
Both,30-34 years,Neurological disorders,17178.68231124065,22926.04591042248,10778.58473064898
Both,35-39 years,Neurological disorders,16068.02218116886,21515.19142170994,10547.54575959343
Both,40-44 years,Neurological disorders,14527.33742421597,19707.29888842568,10486.171451027889
Both,45-49 years,Neurological disorders,13969.13035718611,19897.41283033957,8470.85486705665
Both,50-54 years,Neurological disorders,14675.36127949815,20414.36051934678,10349.52671786462
Both,55-59 years,Neurological disorders,13931.111994621078,18647.19228119481,9662.72413580406
Both,60-64 years,Neurological disorders,12358.1798875607,17435.38351317962,8201.282203887531
Both,65-69 years,Neurological disorders,11004.61959965089,15322.35044339931,7712.93657851676
Both,70-74 years,Neurological disorders,11634.94778090791,15414.8763745571,7975.65999988809
Both,75-79 years,Neurological disorders,11993.303880549309,16221.20449689046,8376.302231841639
Both,80-84 years,Neurological disorders,12277.34691022175,16076.33571030891,8863.28011435469
Both,85-89 years,Neurological disorders,13336.29369502192,16914.98850744797,10299.39003160956
Both,90-94 years,Neurological disorders,15643.85027321274,20248.62513250402,12076.61863535547
Both,95+ years,Neurological disorders,18542.36024608204,24026.852673793008,13314.598844633729
Both,<1 year,Other non-communicable diseases,25932.137934099632,26820.484490004732,25251.51091476575
Both,<5 years,Other non-communicable diseases,47542.56085001931,62720.551697119874,33506.76073892548
Both,2-4 years,Other non-communicable diseases,66176.02703134372,91098.05212132298,43704.75942958762
Both,5-9 years,Other non-communicable diseases,129580.27370643908,161383.54417506146,94006.46307996564
Both,10-14 years,Other non-communicable diseases,62854.70393140434,94648.27389068856,38530.29335998307
Both,15-19 years,Other non-communicable diseases,61948.717816049946,74368.48913220888,49432.07122511927
Both,20-24 years,Other non-communicable diseases,75404.29968611228,82641.01699162729,64995.27218015953
Both,25-29 years,Other non-communicable diseases,74579.92803516149,84346.40185340904,64589.72525063801
Both,30-34 years,Other non-communicable diseases,70677.79573807023,80437.2590667059,61336.62230390455
Both,35-39 years,Other non-communicable diseases,67258.48025912845,78626.17392513475,58336.50196271941
Both,40-44 years,Other non-communicable diseases,62443.34554701605,72085.50011878496,53713.67091247033
Both,45-49 years,Other non-communicable diseases,54144.09118899352,62721.08115004768,45067.0561431314
Both,50-54 years,Other non-communicable diseases,46241.31507208149,54679.74349387661,39421.730426795
Both,55-59 years,Other non-communicable diseases,43543.26169768392,50826.567189799585,36737.07565661548
Both,60-64 years,Other non-communicable diseases,42243.173359189386,48263.66362290678,36135.85705631295
Both,65-69 years,Other non-communicable diseases,42051.93560462721,48289.33933321803,35896.93135969118
Both,70-74 years,Other non-communicable diseases,42356.68351394142,48420.232634783024,37059.58742058566
Both,75-79 years,Other non-communicable diseases,44117.50124394232,49576.63639203579,38383.06219834627
Both,80-84 years,Other non-communicable diseases,45907.42639640873,52406.87128561914,39858.54976362153
Both,85-89 years,Other non-communicable diseases,47595.945581882595,55716.3402691373,40303.43388984542
Both,90-94 years,Other non-communicable diseases,48399.72591484204,57073.75086009142,41307.27833708081
Both,95+ years,Other non-communicable diseases,47606.65533092034,60519.931870456545,39068.55128827142
Both,<1 year,Skin and subcutaneous diseases,22997.91050783124,24933.466872833094,21267.11231946283
Both,<5 years,Skin and subcutaneous diseases,22688.36587235998,25738.09832065992,20013.50716522779
Both,2-4 years,Skin and subcutaneous diseases,22776.22493889556,27884.903900704223,19117.05933749685
Both,5-9 years,Skin and subcutaneous diseases,24863.66683693297,29799.123140845928,21212.7715379905
Both,10-14 years,Skin and subcutaneous diseases,30111.37789198926,34923.84193077367,26621.59587833286
Both,15-19 years,Skin and subcutaneous diseases,29471.252897190257,31885.17298566553,27275.023069486047
Both,20-24 years,Skin and subcutaneous diseases,28047.030215358933,31046.63268152139,25268.61649628291
Both,25-29 years,Skin and subcutaneous diseases,30254.00343242568,33250.25144598564,27779.26195572421
Both,30-34 years,Skin and subcutaneous diseases,33199.10108021988,36651.36678432333,30215.38230446488
Both,35-39 years,Skin and subcutaneous diseases,34994.82429867387,38473.290750715474,32222.13085078375
Both,40-44 years,Skin and subcutaneous diseases,36762.10465418408,40360.12024724017,33981.178505417796
Both,45-49 years,Skin and subcutaneous diseases,40242.82174580049,44187.33397693352,37325.42787217823
Both,50-54 years,Skin and subcutaneous diseases,47322.90640934378,51401.16436933266,44078.76150428522
Both,55-59 years,Skin and subcutaneous diseases,53250.15274580199,58774.18350270917,48043.85364422202
Both,60-64 years,Skin and subcutaneous diseases,57963.16466538418,64223.03801240637,53552.21524638628
Both,65-69 years,Skin and subcutaneous diseases,74099.11027211543,80525.52396434978,68725.65668617144
Both,70-74 years,Skin and subcutaneous diseases,93271.33526412978,100053.99086627032,86785.95603314905
Both,75-79 years,Skin and subcutaneous diseases,97747.13732205569,104971.544871296,90961.34485719344
Both,80-84 years,Skin and subcutaneous diseases,107913.97652676424,115045.07735044154,101036.24109977492
Both,85-89 years,Skin and subcutaneous diseases,120091.68687197244,127393.85453534772,113405.58242330524
Both,90-94 years,Skin and subcutaneous diseases,118810.59657256171,127427.62215331224,110982.42526438185
Both,95+ years,Skin and subcutaneous diseases,116827.15258246553,127063.25841467516,107761.16557933332
Both,<1 year,Substance use disorders,95.78564077269,123.33389030955,73.43017855453
Both,<5 years,Substance use disorders,18.74267553648,24.13312757608,14.36831241229
Both,2-4 years,Substance use disorders,0.0,0.0,0.0
Both,5-9 years,Substance use disorders,0.0,0.0,0.0
Both,10-14 years,Substance use disorders,588.56262328607,914.22762785076,353.56984204148
Both,15-19 years,Substance use disorders,2673.74345246424,3267.1735023604097,2184.65959466216
Both,20-24 years,Substance use disorders,3446.69483782098,4100.92844199493,2753.0008250466103
Both,25-29 years,Substance use disorders,3839.7282902953502,4718.528570655741,3006.33733553768
Both,30-34 years,Substance use disorders,3774.59496601274,4616.80054548942,2922.59918861718
Both,35-39 years,Substance use disorders,3204.77538574723,3996.66491250331,2595.8231277689597
Both,40-44 years,Substance use disorders,2683.54142386003,3423.1489172317697,2073.70422627601
Both,45-49 years,Substance use disorders,2207.20561774017,2817.35228602532,1733.40392182289
Both,50-54 years,Substance use disorders,1810.88393033276,2365.56049489833,1353.44598617366
Both,55-59 years,Substance use disorders,1479.1584094812902,1901.28441492092,1102.16482421399
Both,60-64 years,Substance use disorders,1135.64855354601,1537.7004541856302,767.33642871723
Both,65-69 years,Substance use disorders,785.54865417643,1048.8917951396602,579.61834054989
Both,70-74 years,Substance use disorders,557.0054275172,778.23819449402,381.84187519089
Both,75-79 years,Substance use disorders,449.73214537107,616.82008282093,323.81247875415
Both,80-84 years,Substance use disorders,398.94047446069,537.72963719951,280.23466938629
Both,85-89 years,Substance use disorders,404.98340584353,570.99245176941,274.51179685476
Both,90-94 years,Substance use disorders,431.65901371668,611.78880927093,270.5234533861
Both,95+ years,Substance use disorders,473.34602485395,776.13747032378,237.53047496458
Female,<1 year,Cardiovascular diseases,28.54060528788,36.62886877209,22.56132879389
Female,0-6 days,Cardiovascular diseases,29.409737971850003,38.56883262788,22.88852508608
Female,<5 years,Cardiovascular diseases,26.62140100744,33.93896954584,21.40430320397
Female,2-4 years,Cardiovascular diseases,24.85748995428,32.97096550014,19.60951275608
Female,5-9 years,Cardiovascular diseases,18.04523284986,25.58160615479,12.77309559845
Female,10-14 years,Cardiovascular diseases,17.44959725456,23.93359294355,12.40351799246
Female,15-19 years,Cardiovascular diseases,24.8579087086,33.03393669507,17.64299699648
Female,25-29 years,Cardiovascular diseases,47.66148924137,59.58452452095,37.464078145319995
Female,30-34 years,Cardiovascular diseases,75.33781988049999,89.48802786847,63.381066223169995
Female,35-39 years,Cardiovascular diseases,119.11693455589,142.97673208824,98.96012012916
Female,40-44 years,Cardiovascular diseases,249.16605241938,282.44592700694,220.04915003403
Female,45-49 years,Cardiovascular diseases,371.97244470381,448.64246977601,303.15873108808
Female,50-54 years,Cardiovascular diseases,592.5636533243801,680.6123160831,510.0073179339899
Female,55-59 years,Cardiovascular diseases,906.9348182858,1116.43137781215,748.8093070830199
Female,60-64 years,Cardiovascular diseases,1636.31579353755,1913.1545542734,1408.02844090481
Female,65-69 years,Cardiovascular diseases,2751.65216910973,3246.61468788877,2324.93533698799
Female,70-74 years,Cardiovascular diseases,3823.7121089751495,4382.2400317639695,3346.1908567453
Female,75-79 years,Cardiovascular diseases,4841.61867994471,5957.71218303968,3951.23867866837
Female,80-84 years,Cardiovascular diseases,6048.0381696924305,7169.67022132473,5151.0484810136095
Female,85-89 years,Cardiovascular diseases,7255.20268652563,9477.48938476262,5687.14408811034
Female,90-94 years,Cardiovascular diseases,8148.86484624059,9640.6172050978,6779.012553612
Female,95+ years,Cardiovascular diseases,8961.76369023554,11202.99284067949,6971.070864843031
Female,<1 year,Chronic respiratory diseases,0.0,0.0,0.0
Female,0-6 days,Chronic respiratory diseases,0.0,0.0,0.0
Female,<5 years,Chronic respiratory diseases,2505.2766939786,3641.96477688825,1624.4266994545098
Female,2-4 years,Chronic respiratory diseases,2631.33784648294,4012.6792266285,1423.2961773911102
Female,5-9 years,Chronic respiratory diseases,1040.2710037343,1846.03450901983,512.1747292567701
Female,10-14 years,Chronic respiratory diseases,625.46049177353,1195.99965931839,268.06646414676
Female,15-19 years,Chronic respiratory diseases,505.11666885489,885.98863796257,226.52469979646995
Female,25-29 years,Chronic respiratory diseases,443.71292523427,740.89386767881,249.92363718973
Female,30-34 years,Chronic respiratory diseases,454.19210378644,722.30132883341,256.63914536579
Female,35-39 years,Chronic respiratory diseases,478.47200897358,780.89871115855,272.88778198182
Female,40-44 years,Chronic respiratory diseases,627.9512751183299,955.80597593941,395.22033550329
Female,45-49 years,Chronic respiratory diseases,810.1606825922901,1133.66581993453,575.95579702462
Female,50-54 years,Chronic respiratory diseases,832.79918226503,1174.44375785545,617.61021000191
Female,55-59 years,Chronic respiratory diseases,805.2840568021901,1128.74141774159,584.47988623511
Female,60-64 years,Chronic respiratory diseases,1345.37233321414,1697.00471270242,1049.36626625395
Female,65-69 years,Chronic respiratory diseases,1938.0802025131704,2365.07375380578,1617.06938357128
Female,70-74 years,Chronic respiratory diseases,2107.83867414944,2609.55786329273,1662.99254151089
Female,75-79 years,Chronic respiratory diseases,1922.95180857764,2351.58403433527,1482.14266759287
Female,80-84 years,Chronic respiratory diseases,1536.86187411845,2039.2377898797,1110.15648976417
Female,85-89 years,Chronic respiratory diseases,1382.74253029252,1888.3920518753705,1041.70475286039
Female,90-94 years,Chronic respiratory diseases,1417.16676590027,1929.52493611226,1021.29696445595
Female,95+ years,Chronic respiratory diseases,1529.13194997654,2305.66378979731,964.13069467526
Female,<1 year,"Communicable, maternal, neonatal, and nutritional diseases",797312.1709316908,893664.5528252908,683476.5993193323
Female,0-6 days,"Communicable, maternal, neonatal, and nutritional diseases",873687.4771776677,977353.0806465792,712493.4457686774
Female,<5 years,"Communicable, maternal, neonatal, and nutritional diseases",730509.9641183474,845107.1590147178,624634.5537452649
Female,2-4 years,"Communicable, maternal, neonatal, and nutritional diseases",705376.7276264336,856588.8125270673,564417.2890105894
Female,5-9 years,"Communicable, maternal, neonatal, and nutritional diseases",546785.3468385818,687114.6232372641,432626.19499103574
Female,10-14 years,"Communicable, maternal, neonatal, and nutritional diseases",479312.3812893769,593537.8176844651,375653.29398222535
Female,15-19 years,"Communicable, maternal, neonatal, and nutritional diseases",477128.5712694168,598602.6743867025,377788.9192386297
Female,25-29 years,"Communicable, maternal, neonatal, and nutritional diseases",460411.90976222703,577679.7774716549,375252.66915234405
Female,30-34 years,"Communicable, maternal, neonatal, and nutritional diseases",445050.45180382143,555039.0175473125,345275.1777965902
Female,35-39 years,"Communicable, maternal, neonatal, and nutritional diseases",439689.3954869864,545788.1594708593,345114.1905195282
Female,40-44 years,"Communicable, maternal, neonatal, and nutritional diseases",408030.5481571646,531086.9153276954,313593.86400671845
Female,45-49 years,"Communicable, maternal, neonatal, and nutritional diseases",399061.7161860693,511798.3393625213,310556.8056400412
Female,50-54 years,"Communicable, maternal, neonatal, and nutritional diseases",379184.1910881399,477161.62001871376,289225.8742021724
Female,55-59 years,"Communicable, maternal, neonatal, and nutritional diseases",363551.5266156021,440875.5845297537,288103.52518103505
Female,60-64 years,"Communicable, maternal, neonatal, and nutritional diseases",328512.7844699454,412771.2176396992,256121.18561942969
Female,65-69 years,"Communicable, maternal, neonatal, and nutritional diseases",312191.6498258939,383544.3653441304,247359.95833151697
Female,70-74 years,"Communicable, maternal, neonatal, and nutritional diseases",296668.8914902994,374051.6354317215,238491.88762517556
Female,75-79 years,"Communicable, maternal, neonatal, and nutritional diseases",262256.3835346132,326801.791114319,213302.47699924075
Female,80-84 years,"Communicable, maternal, neonatal, and nutritional diseases",255053.0381273252,320583.8856887076,202766.59704280327
Female,85-89 years,"Communicable, maternal, neonatal, and nutritional diseases",269065.9405087107,332116.8961502908,222743.44973228555
Female,90-94 years,"Communicable, maternal, neonatal, and nutritional diseases",285128.5927914218,345205.95683893724,233064.25810304383
Female,95+ years,"Communicable, maternal, neonatal, and nutritional diseases",301275.6328140347,384897.5566413885,231303.92695587015
Female,<1 year,Diabetes and kidney diseases,44.07248879514,52.90652387848,37.141387389360005
Female,0-6 days,Diabetes and kidney diseases,73.11806820217,84.54840645989,63.45303842383
Female,<5 years,Diabetes and kidney diseases,38.35175852564,74.03666780545001,19.18648471058
Female,2-4 years,Diabetes and kidney diseases,42.47167142658,92.71313933599,15.81635757448
Female,5-9 years,Diabetes and kidney diseases,67.81516253366999,127.05663278872,39.40559495698
Female,10-14 years,Diabetes and kidney diseases,58.20117591473,110.70036843768,40.78965662197
Female,15-19 years,Diabetes and kidney diseases,125.9310223447,150.63663698112998,99.24157690684
Female,25-29 years,Diabetes and kidney diseases,161.12660311434,206.82599359816,109.51441783637
Female,30-34 years,Diabetes and kidney diseases,298.1961177627,358.85493572431,243.86624428382
Female,35-39 years,Diabetes and kidney diseases,463.6949357950399,581.2332641381,361.75588975201
Female,40-44 years,Diabetes and kidney diseases,665.60139827525,764.9726858954,579.5844803213199
Female,45-49 years,Diabetes and kidney diseases,916.36816649541,1132.5181116170002,723.55649704161
Female,50-54 years,Diabetes and kidney diseases,1230.18823754795,1440.30277580441,1030.22228574139
Female,55-59 years,Diabetes and kidney diseases,1631.13179503807,1893.1449961718704,1384.7498581216
Female,60-64 years,Diabetes and kidney diseases,2081.52488955166,2469.45279444039,1743.52942583738
Female,65-69 years,Diabetes and kidney diseases,2427.1092976621,2891.03731117296,1942.2964942900096
Female,70-74 years,Diabetes and kidney diseases,2581.3582663779403,3218.8338966140104,1995.86467693072
Female,75-79 years,Diabetes and kidney diseases,2506.94330591473,3190.13564155504,1896.03322235264
Female,80-84 years,Diabetes and kidney diseases,2088.52189089312,2631.66705933137,1561.74032954302
Female,85-89 years,Diabetes and kidney diseases,1608.87000915612,2072.38802363379,1177.63334759287
Female,90-94 years,Diabetes and kidney diseases,1295.72213710406,1671.2064775207002,923.65504136259
Female,95+ years,Diabetes and kidney diseases,1113.49816937395,1605.3628244905,750.0734968906901
Female,<1 year,Digestive diseases,188.30828261884,203.42294845127003,174.74260765665
Female,0-6 days,Digestive diseases,67.7914278264,80.01039978957,56.61986340825
Female,<5 years,Digestive diseases,303.27258266586,340.64624556789,270.00603739887
Female,2-4 years,Digestive diseases,370.93147131978,426.42886814764,320.09551331562
Female,5-9 years,Digestive diseases,557.6598633972001,665.54195706603,471.3960812467
Female,10-14 years,Digestive diseases,1235.55014226719,1488.95841080835,1012.15526568887
Female,15-19 years,Digestive diseases,3724.30324179005,4498.07816918738,3019.6614368607597
Female,25-29 years,Digestive diseases,7885.97268528904,9547.53568741205,6459.598072825789
Female,30-34 years,Digestive diseases,9313.15050594897,11529.11947721699,7441.27113777302
Female,35-39 years,Digestive diseases,10466.82689872968,12992.52188253474,8353.32178699903
Female,40-44 years,Digestive diseases,11491.01777386898,14171.49716496414,9153.234733808693
Female,45-49 years,Digestive diseases,12604.24398315294,15315.035671860547,10342.36986635825
Female,50-54 years,Digestive diseases,14621.71977295749,17493.66645545093,12155.45161454362
Female,55-59 years,Digestive diseases,16754.24334344273,19854.38022527433,13827.66474179518
Female,60-64 years,Digestive diseases,18439.28165611814,21694.481795962132,15288.81478341558
Female,65-69 years,Digestive diseases,19707.24914220469,22698.07110591906,16993.30360961112
Female,70-74 years,Digestive diseases,20809.49859107679,23793.093235493303,17954.96050021505
Female,75-79 years,Digestive diseases,20818.73356956937,23881.245410430573,17909.01497656503
Female,80-84 years,Digestive diseases,20325.037168234052,23121.53370458472,17612.40989398313
Female,85-89 years,Digestive diseases,20138.5767307513,22729.707137970483,17699.70853050063
Female,90-94 years,Digestive diseases,20215.44768177105,23006.5889989697,17670.31650201572
Female,95+ years,Digestive diseases,21108.94563353205,25048.630558481334,17731.23839746586
Female,<1 year,Injuries,14345.755855447109,16717.054256809923,12407.10412863717
Female,0-6 days,Injuries,16202.05934100661,18915.40081149804,13966.52107518552
Female,<5 years,Injuries,14591.86380928775,17691.62557965525,12089.67104293871
Female,2-4 years,Injuries,15159.17496751135,19553.93494636028,12043.573184952447
Female,5-9 years,Injuries,18010.11830357044,23809.54152046422,13885.98753230117
Female,10-14 years,Injuries,19260.73650800724,25520.344665501172,14736.411454116713
Female,15-19 years,Injuries,19770.63832437849,26125.71131543575,15291.494207603931
Female,25-29 years,Injuries,18502.79946723219,23272.13205716856,15098.8700183458
Female,30-34 years,Injuries,17025.47205076392,21266.66657074891,13252.49355008093
Female,35-39 years,Injuries,16213.09113284658,20240.8848086303,13016.0108372687
Female,40-44 years,Injuries,16886.69490457049,21267.82445158693,13420.690411133952
Female,45-49 years,Injuries,24837.13163537977,31586.21022467515,18397.50257046277
Female,50-54 years,Injuries,31844.46386303358,39699.76858074058,24324.48419231556
Female,55-59 years,Injuries,35037.8203011327,44049.368814329435,26751.92221316054
Female,60-64 years,Injuries,35032.53913698048,45031.12475606474,26807.68172185692
Female,65-69 years,Injuries,32447.28832921654,42783.93936216704,25046.641990285512
Female,70-74 years,Injuries,33074.374364678435,41844.30145556522,25216.81362302864
Female,75-79 years,Injuries,32125.02371615199,39925.97283951084,24855.40892520392
Female,80-84 years,Injuries,30806.83602396404,38024.93521009366,24534.84989933645
Female,85-89 years,Injuries,31705.29868511577,39207.431549859015,24890.50154273103
Female,90-94 years,Injuries,35094.9413690813,43130.46546728857,28295.11945297706
Female,95+ years,Injuries,40082.6079587313,57606.63442124334,29088.78070996457
Female,<1 year,Mental disorders,939.28504895253,2409.5826381151796,273.01382968157003
Female,0-6 days,Mental disorders,0.0,0.0,0.0
Female,<5 years,Mental disorders,439.9894325870099,761.48695071347,247.58477050886
Female,2-4 years,Mental disorders,422.67444989536995,912.77502302298,235.48232470607
Female,5-9 years,Mental disorders,4375.93474013322,5948.76548583287,3053.85987103007
Female,10-14 years,Mental disorders,10148.28747321768,12235.87711252015,7832.907639862339
Female,15-19 years,Mental disorders,12001.10071303278,14572.95776816899,9717.796258206
Female,25-29 years,Mental disorders,9467.4349016172,11443.74720835749,7748.41431595672
Female,30-34 years,Mental disorders,8931.972583332381,10712.285208369987,7419.201332008681
Female,35-39 years,Mental disorders,8915.70379613783,10847.01907632018,7532.348575882911
Female,40-44 years,Mental disorders,8550.848436625889,10254.75745298386,7175.79423999072
Female,45-49 years,Mental disorders,8137.22217018617,9499.68356369549,6597.15570677432
Female,50-54 years,Mental disorders,7985.93130673133,9294.93533437119,6552.0294461759595
Female,55-59 years,Mental disorders,7171.29143578277,8589.351741581611,5920.12345210099
Female,60-64 years,Mental disorders,6988.084446336181,8367.07259212781,5801.83948172379
Female,65-69 years,Mental disorders,6605.56089399624,7914.705669106729,5463.86176531373
Female,70-74 years,Mental disorders,6088.67812679295,7286.38365189869,4924.74823120114
Female,75-79 years,Mental disorders,5924.82396230579,7081.219884805099,4671.521728613609
Female,80-84 years,Mental disorders,5606.91171073329,6745.14465006269,4567.452914560819
Female,85-89 years,Mental disorders,5500.33353068358,6417.152730085681,4583.68204624319
Female,90-94 years,Mental disorders,5465.91307229532,6681.3574922425405,4587.31933875697
Female,95+ years,Mental disorders,5489.07169423505,7020.845523381231,4378.55894366211
Female,<1 year,Musculoskeletal disorders,0.0,0.0,0.0
Female,0-6 days,Musculoskeletal disorders,0.0,0.0,0.0
Female,<5 years,Musculoskeletal disorders,0.0,0.0,0.0
Female,2-4 years,Musculoskeletal disorders,0.0,0.0,0.0
Female,5-9 years,Musculoskeletal disorders,836.2670230315699,1055.92692479568,648.4345311609
Female,10-14 years,Musculoskeletal disorders,2629.92852050176,3337.29520363139,2062.25547090081
Female,15-19 years,Musculoskeletal disorders,3768.6695355558,4713.90858525749,2945.62786459701
Female,25-29 years,Musculoskeletal disorders,5644.36886893334,7105.934858281319,4264.26834261378
Female,30-34 years,Musculoskeletal disorders,6861.56882916732,8475.43245366532,5346.08877857901
Female,35-39 years,Musculoskeletal disorders,8127.94961175025,10168.38638614661,6531.95018590854
Female,40-44 years,Musculoskeletal disorders,9225.91365077322,11283.38175727783,7571.870106430039
Female,45-49 years,Musculoskeletal disorders,10326.80484019468,12319.16281357843,8459.93513920171
Female,50-54 years,Musculoskeletal disorders,11245.47195134253,13776.48479573138,8907.07080743741
Female,55-59 years,Musculoskeletal disorders,11864.97630865828,14262.26205386824,9796.04386416415
Female,60-64 years,Musculoskeletal disorders,12419.81430339357,14577.547622519902,10214.070126886709
Female,65-69 years,Musculoskeletal disorders,13194.47657811345,15953.91095175092,10672.71679474939
Female,70-74 years,Musculoskeletal disorders,14072.34324859332,16958.14565909171,11326.14067150311
Female,75-79 years,Musculoskeletal disorders,13912.88716368764,16844.6504249553,11298.826127544738
Female,80-84 years,Musculoskeletal disorders,13417.8630330314,16231.6835147154,10528.6131013646
Female,85-89 years,Musculoskeletal disorders,12325.23156276386,14801.26356741236,10037.520270162931
Female,90-94 years,Musculoskeletal disorders,10667.91614714493,12745.640836032451,8684.88599634281
Female,95+ years,Musculoskeletal disorders,9191.09229313055,11736.06588430917,7094.09315585372
Female,<1 year,Neoplasms,1006.90095139592,1311.37416381708,769.54047436453
Female,0-6 days,Neoplasms,168.9276497914,232.49773061762,126.96095677805
Female,<5 years,Neoplasms,939.23879500082,1198.58445809403,736.82849848048
Female,2-4 years,Neoplasms,890.3542081847,1123.10963899635,697.47313858111
Female,5-9 years,Neoplasms,609.17176304723,856.56065753593,426.91605456248
Female,10-14 years,Neoplasms,602.7261637100199,839.065199095,409.40009745331
Female,15-19 years,Neoplasms,916.30239792168,1296.97029514615,611.41734183315
Female,25-29 years,Neoplasms,2081.9461328396496,3052.20513953962,1422.28279642391
Female,30-34 years,Neoplasms,2870.94445491892,3872.71470632517,2130.37656673415
Female,35-39 years,Neoplasms,3740.5864352484305,5059.83516160191,2585.10780716299
Female,40-44 years,Neoplasms,4627.9106666770795,5880.729226773889,3474.71840917917
Female,45-49 years,Neoplasms,5522.44156995542,7479.37361352042,3925.00791760184
Female,50-54 years,Neoplasms,6574.53535207594,8286.38936805992,5081.7852417063295
Female,55-59 years,Neoplasms,7785.68112392155,10021.95067251388,5978.90143615887
Female,60-64 years,Neoplasms,9169.1514299227,11330.36184448572,7359.28126106719
Female,65-69 years,Neoplasms,10621.90981919526,13747.849240494108,8413.847072009161
Female,70-74 years,Neoplasms,11700.63316261111,14934.89820209016,9311.29183743434
Female,75-79 years,Neoplasms,12570.97261952673,15059.469210070669,10251.76598013992
Female,80-84 years,Neoplasms,13061.41371131819,15658.73758042391,11005.40392577817
Female,85-89 years,Neoplasms,13461.7948121881,15429.23117043081,11420.58293560346
Female,90-94 years,Neoplasms,13391.63888984376,15543.65068330024,11067.0698061006
Female,95+ years,Neoplasms,13309.54048191419,16264.751887609047,10829.64433326706
Female,<1 year,Neurological disorders,50.878306543019995,80.03934403356,29.969384892620003
Female,0-6 days,Neurological disorders,53.70556156306,79.64385712757,33.21075420893
Female,<5 years,Neurological disorders,47.48205382341,75.60820318855001,27.85441306927
Female,2-4 years,Neurological disorders,46.2165137692,79.06204659131,25.40638221208
Female,5-9 years,Neurological disorders,10912.74429427764,15100.74405280118,7525.39561558185
Female,10-14 years,Neurological disorders,18960.40448050429,24769.90045075816,14139.91799424344
Female,15-19 years,Neurological disorders,17097.73971807822,23007.20738755608,12213.68668971417
Female,25-29 years,Neurological disorders,17676.23019316836,23291.04760155248,11829.25838506884
Female,30-34 years,Neurological disorders,17965.73760525832,24629.73673583494,11568.48253304801
Female,35-39 years,Neurological disorders,16916.28720490522,22892.70846137669,11159.232326697
Female,40-44 years,Neurological disorders,15330.4655603375,20812.008913555997,10952.02420729572
Female,45-49 years,Neurological disorders,14592.209642356647,20491.35963613436,8852.690536917129
Female,50-54 years,Neurological disorders,15186.5333656524,21457.92084495751,10673.44761027469
Female,55-59 years,Neurological disorders,14309.52980393857,19299.0561906272,9892.60540875224
Female,60-64 years,Neurological disorders,12767.08766547312,17772.64970155258,8481.373286705619
Female,65-69 years,Neurological disorders,11571.12817744438,16242.38717238974,8155.94525673123
Female,70-74 years,Neurological disorders,12203.824913034668,16384.442878185422,8278.3256935108
Female,75-79 years,Neurological disorders,12511.21038346124,16713.82187009946,8776.17674816938
Female,80-84 years,Neurological disorders,12796.072565113838,16760.6561055553,9192.95968390724
Female,85-89 years,Neurological disorders,13728.34978219105,17349.76109971268,10496.83843869329
Female,90-94 years,Neurological disorders,15741.06313215894,20505.78386016113,11874.90259379183
Female,95+ years,Neurological disorders,18451.15432931453,24173.32153505476,13193.5118927899
Female,<1 year,Other non-communicable diseases,35495.416932071974,36478.32926733821,34630.57393783469
Female,0-6 days,Other non-communicable diseases,3003.13373754753,3547.25700287898,2560.89742291285
Female,<5 years,Other non-communicable diseases,50691.97782712336,66012.55962898076,36610.550317730165
Female,2-4 years,Other non-communicable diseases,67931.99123923822,94043.28500224388,45336.23098269643
Female,5-9 years,Other non-communicable diseases,132049.7247754045,163916.04654148282,95656.23011332708
Female,10-14 years,Other non-communicable diseases,69896.35530201909,101122.07967657287,45248.86438630365
Female,15-19 years,Other non-communicable diseases,73594.088141692,86623.5951206752,58944.45581109169
Female,25-29 years,Other non-communicable diseases,94228.86813568692,106766.0336812853,81362.44100804874
Female,30-34 years,Other non-communicable diseases,93420.5089951202,106316.02513825032,80838.61927688812
Female,35-39 years,Other non-communicable diseases,90972.63567274378,104215.03710415776,79785.74133768238
Female,40-44 years,Other non-communicable diseases,84485.40261647767,96387.38642378931,72729.94553104814
Female,45-49 years,Other non-communicable diseases,70976.42675330116,82347.52702785794,59152.03784880044
Female,50-54 years,Other non-communicable diseases,58129.11888808184,68876.06669722256,48592.52135138004
Female,55-59 years,Other non-communicable diseases,54685.02670788843,63413.906461752915,46288.63788655977
Female,60-64 years,Other non-communicable diseases,52549.82614904174,60932.6219341786,45449.52936178968
Female,65-69 years,Other non-communicable diseases,51480.86055784137,58385.82263098816,44721.78074342712
Female,70-74 years,Other non-communicable diseases,51563.51507897734,58490.74597619743,45249.98900264366
Female,75-79 years,Other non-communicable diseases,53748.466380478734,60320.45799607211,46541.02323125601
Female,80-84 years,Other non-communicable diseases,55347.09227186833,64091.96693820402,47518.324091316
Female,85-89 years,Other non-communicable diseases,56314.72225061259,66404.11408142767,47529.8369675219
Female,90-94 years,Other non-communicable diseases,55252.86350188634,65751.4542935289,46495.65638865666
Female,95+ years,Other non-communicable diseases,52031.0934672659,66750.27967489527,42303.83153843779
Female,<1 year,Sense organ diseases,530.7204966834499,745.08392669381,342.80076157849
Female,0-6 days,Sense organ diseases,0.0,0.0,0.0
Female,<5 years,Sense organ diseases,103.87599699054,145.83257328595,67.09514914273001
Female,2-4 years,Sense organ diseases,0.0,0.0,0.0
Female,5-9 years,Sense organ diseases,0.0,0.0,0.0
Female,10-14 years,Sense organ diseases,0.0,0.0,0.0
Female,15-19 years,Sense organ diseases,0.0,0.0,0.0
Female,25-29 years,Sense organ diseases,0.0,0.0,0.0
Female,30-34 years,Sense organ diseases,0.0,0.0,0.0
Female,35-39 years,Sense organ diseases,0.0,0.0,0.0
Female,40-44 years,Sense organ diseases,0.0,0.0,0.0
Female,45-49 years,Sense organ diseases,0.0,0.0,0.0
Female,50-54 years,Sense organ diseases,0.0,0.0,0.0
Female,55-59 years,Sense organ diseases,0.0,0.0,0.0
Female,60-64 years,Sense organ diseases,0.0,0.0,0.0
Female,65-69 years,Sense organ diseases,0.0,0.0,0.0
Female,70-74 years,Sense organ diseases,0.0,0.0,0.0
Female,75-79 years,Sense organ diseases,0.0,0.0,0.0
Female,80-84 years,Sense organ diseases,0.0,0.0,0.0
Female,85-89 years,Sense organ diseases,0.0,0.0,0.0
Female,90-94 years,Sense organ diseases,0.0,0.0,0.0
Female,95+ years,Sense organ diseases,0.0,0.0,0.0
Female,<1 year,Skin and subcutaneous diseases,21660.40766656221,23568.98656391762,20082.70703480337
Female,0-6 days,Skin and subcutaneous diseases,22862.92603744314,25135.18652783212,20606.56658868199
Female,<5 years,Skin and subcutaneous diseases,21989.693531241388,25051.95289775935,19451.73980058868
Female,2-4 years,Skin and subcutaneous diseases,22295.46013942578,27032.17160600384,18744.51603647036
Female,5-9 years,Skin and subcutaneous diseases,25452.273538296024,30355.58547937487,21838.68285307298
Female,10-14 years,Skin and subcutaneous diseases,31737.84008361806,36388.480671581194,28135.4908844137
Female,15-19 years,Skin and subcutaneous diseases,31778.90014913834,34214.36130803681,29451.11475766734
Female,25-29 years,Skin and subcutaneous diseases,35358.78655595919,38817.11756313214,32496.48851092762
Female,30-34 years,Skin and subcutaneous diseases,39594.62113995384,43669.10266571399,36154.90841848385
Female,35-39 years,Skin and subcutaneous diseases,41072.25870621755,45074.57012873835,37795.53149704604
Female,40-44 years,Skin and subcutaneous diseases,41942.35561730407,46400.66629818903,38761.78847489913
Female,45-49 years,Skin and subcutaneous diseases,45072.786927444555,49639.64672247816,41651.7819603833
Female,50-54 years,Skin and subcutaneous diseases,52424.307340711995,57126.137233991845,48731.88449866312
Female,55-59 years,Skin and subcutaneous diseases,58398.41631536851,64903.158563128534,52632.08549999947
Female,60-64 years,Skin and subcutaneous diseases,61168.579612304886,68049.61327499864,56314.09324890584
Female,65-69 years,Skin and subcutaneous diseases,72300.61018628642,79038.0007652538,66899.14679154746
Female,70-74 years,Skin and subcutaneous diseases,86287.12523296842,92983.43756547217,79987.78534747128
Female,75-79 years,Skin and subcutaneous diseases,88224.39454677838,95173.72956935006,81999.34255685436
Female,80-84 years,Skin and subcutaneous diseases,93972.46206904307,100260.13410631818,87344.85342797774
Female,85-89 years,Skin and subcutaneous diseases,105133.42545311547,111873.98184411712,99000.35817594372
Female,90-94 years,Skin and subcutaneous diseases,108127.23598128882,116290.7941697202,100837.8729364136
Female,95+ years,Skin and subcutaneous diseases,109731.82323255728,119251.94287858272,101109.61154661744
Female,<1 year,Substance use disorders,82.08528693479,105.92439153332,62.74003377598
Female,0-6 days,Substance use disorders,0.0,0.0,0.0
Female,<5 years,Substance use disorders,16.06625534889,20.732196787,12.27987914623
Female,2-4 years,Substance use disorders,0.0,0.0,0.0
Female,5-9 years,Substance use disorders,0.0,0.0,0.0
Female,10-14 years,Substance use disorders,489.7177283738099,735.20356947348,302.56737048723
Female,15-19 years,Substance use disorders,2241.62564919213,2754.4314705238203,1792.96936558168
Female,25-29 years,Substance use disorders,2940.0149540246,3597.9837885010697,2303.52965248713
Female,30-34 years,Substance use disorders,2819.6901679869097,3505.1751332493304,2215.94576186762
Female,35-39 years,Substance use disorders,2449.7289858526497,3052.43791129134,2009.67199736947
Female,40-44 years,Substance use disorders,2055.70498359238,2604.56747682531,1618.65972175331
Female,45-49 years,Substance use disorders,1631.9250928642198,2043.93151763778,1308.37894021967
Female,50-54 years,Substance use disorders,1253.81524857056,1604.9597514630702,950.79105561233
Female,55-59 years,Substance use disorders,911.52689212764,1164.57834057323,697.90733221012
Female,60-64 years,Substance use disorders,654.09619643308,878.7669776527699,446.49731911941
Female,65-69 years,Substance use disorders,481.9691003558599,641.03342721898,359.90422291499
Female,70-74 years,Substance use disorders,371.71492199635,502.15089870842,254.5963202051
Female,75-79 years,Substance use disorders,324.00245783664,440.49552419336,234.06547317607
Female,80-84 years,Substance use disorders,309.33288037643996,414.43930306145,223.29529370091
Female,85-89 years,Substance use disorders,327.83003984365,467.6483257733,226.24522039515
Female,90-94 years,Substance use disorders,359.58661943221,507.29578068494,229.10825633045
Female,95+ years,Substance use disorders,403.24833764723,659.2786283855601,208.16797154164
Male,<1 year,Cardiovascular diseases,38.22560634371,47.83810823101,30.601668626579997
Male,0-6 days,Cardiovascular diseases,39.54297164512,50.36726918164,30.94296639694
Male,<5 years,Cardiovascular diseases,34.83428833724,44.50947169404,27.8792985267
Male,2-4 years,Cardiovascular diseases,32.22315579304,41.98453141032,24.54235050757
Male,5-9 years,Cardiovascular diseases,22.39531447826,31.33052554333,15.99759405395
Male,10-14 years,Cardiovascular diseases,24.4040575791,34.01829555993,17.54504678023
Male,15-19 years,Cardiovascular diseases,40.95577178205,55.15529173686,29.56388158248
Male,25-29 years,Cardiovascular diseases,71.07796722976,87.23369297716,57.715001629709995
Male,30-34 years,Cardiovascular diseases,117.82353038637,139.15929204677,100.46888757751
Male,35-39 years,Cardiovascular diseases,197.89327940737,239.36331458003,166.51615770539
Male,40-44 years,Cardiovascular diseases,391.70265663218,438.12342362955,347.61729243524
Male,45-49 years,Cardiovascular diseases,633.69104422078,734.8814221651201,533.304602362
Male,50-54 years,Cardiovascular diseases,1064.19591215456,1183.0462033328702,925.92168690667
Male,55-59 years,Cardiovascular diseases,1668.96636831424,2023.89183068984,1382.43386984984
Male,60-64 years,Cardiovascular diseases,2706.73540329238,3045.16115700469,2425.9831143604497
Male,65-69 years,Cardiovascular diseases,4134.351568142431,4751.17846547152,3650.656399008101
Male,70-74 years,Cardiovascular diseases,5163.5475486928,5820.99488817485,4617.33874903796
Male,75-79 years,Cardiovascular diseases,5875.24609502693,6978.058858711669,4908.39435124068
Male,80-84 years,Cardiovascular diseases,6945.144737591249,8097.497067649189,5948.172750858001
Male,85-89 years,Cardiovascular diseases,8327.52522575195,10541.49294077641,6756.38141700196
Male,90-94 years,Cardiovascular diseases,9843.243587509687,11716.37426182292,8104.1186533932705
Male,95+ years,Cardiovascular diseases,11551.72360295427,14523.594048382018,8986.560603025071
Male,<1 year,Chronic respiratory diseases,0.0,0.0,0.0
Male,0-6 days,Chronic respiratory diseases,0.0,0.0,0.0
Male,<5 years,Chronic respiratory diseases,3569.53011555267,5088.65632108673,2351.46396890818
Male,2-4 years,Chronic respiratory diseases,3589.2200920120904,5565.2550640462105,1978.37488214532
Male,5-9 years,Chronic respiratory diseases,1344.93606405616,2340.36112276738,627.19852810938
Male,10-14 years,Chronic respiratory diseases,608.3479365614,1160.25808496895,264.57693609275003
Male,15-19 years,Chronic respiratory diseases,385.29022355497,722.72124139946,154.30619963805
Male,25-29 years,Chronic respiratory diseases,330.31815657942,567.52438401267,182.43182834591
Male,30-34 years,Chronic respiratory diseases,351.15929022089,556.55613292564,201.12757581032
Male,35-39 years,Chronic respiratory diseases,370.53755699903,610.04230639108,213.40440336721
Male,40-44 years,Chronic respiratory diseases,490.9289640165,758.44918338026,307.38277582151
Male,45-49 years,Chronic respiratory diseases,665.5639894515799,915.11759722094,491.04130435448
Male,50-54 years,Chronic respiratory diseases,725.85870167018,968.34073496483,562.086589771
Male,55-59 years,Chronic respiratory diseases,728.61678981788,991.96379719092,556.1981214853
Male,60-64 years,Chronic respiratory diseases,1322.68361711793,1625.6701822465195,1078.61131332359
Male,65-69 years,Chronic respiratory diseases,1949.5536125804,2371.62978437356,1657.62449052437
Male,70-74 years,Chronic respiratory diseases,2221.18295761848,2657.50600115305,1791.23138309594
Male,75-79 years,Chronic respiratory diseases,2260.9700997313803,2655.8702141420104,1825.85404628478
Male,80-84 years,Chronic respiratory diseases,2030.99184184146,2547.19064804571,1567.1062456595705
Male,85-89 years,Chronic respiratory diseases,1832.39820943037,2462.06629593144,1393.0650759697298
Male,90-94 years,Chronic respiratory diseases,1772.65710293096,2351.61711786559,1301.63793769755
Male,95+ years,Chronic respiratory diseases,1839.62997475143,2715.81442313067,1202.04217387081
Male,<1 year,"Communicable, maternal, neonatal, and nutritional diseases",805335.3692950562,897753.9335329462,687622.1274144115
Male,0-6 days,"Communicable, maternal, neonatal, and nutritional diseases",879461.9302239238,979051.1987695196,720883.5946386931
Male,<5 years,"Communicable, maternal, neonatal, and nutritional diseases",734976.4930446353,847331.647969442,629798.0626261253
Male,2-4 years,"Communicable, maternal, neonatal, and nutritional diseases",707143.7280829208,859716.3728574734,565808.3986063875
Male,5-9 years,"Communicable, maternal, neonatal, and nutritional diseases",544031.3055097886,680903.0339187229,432256.8668747388
Male,10-14 years,"Communicable, maternal, neonatal, and nutritional diseases",468622.9312303327,583409.0840139049,368194.8827181259
Male,15-19 years,"Communicable, maternal, neonatal, and nutritional diseases",448520.99926550186,566247.7059777416,359032.3262609608
Male,25-29 years,"Communicable, maternal, neonatal, and nutritional diseases",416822.2315429348,522025.6291133574,336805.6592597521
Male,30-34 years,"Communicable, maternal, neonatal, and nutritional diseases",372447.90276123193,468910.9426783495,289656.7822485065
Male,35-39 years,"Communicable, maternal, neonatal, and nutritional diseases",369094.9293068939,465949.242929598,291454.31403408945
Male,40-44 years,"Communicable, maternal, neonatal, and nutritional diseases",363151.626171696,473481.2336378812,282653.823688297
Male,45-49 years,"Communicable, maternal, neonatal, and nutritional diseases",350014.9636798564,446231.8388749811,272089.0780325473
Male,50-54 years,"Communicable, maternal, neonatal, and nutritional diseases",332777.6543978754,415944.2290993063,255999.05086011635
Male,55-59 years,"Communicable, maternal, neonatal, and nutritional diseases",349273.5342520286,422832.7225474949,276848.7371205734
Male,60-64 years,"Communicable, maternal, neonatal, and nutritional diseases",333212.6477433761,414378.94668176514,259936.74653426107
Male,65-69 years,"Communicable, maternal, neonatal, and nutritional diseases",308183.56478279195,381215.3106061679,242695.7102543999
Male,70-74 years,"Communicable, maternal, neonatal, and nutritional diseases",306959.0695702845,389725.90264345147,244344.55201141204
Male,75-79 years,"Communicable, maternal, neonatal, and nutritional diseases",297053.2698041462,373640.30495003064,238345.28497902912
Male,80-84 years,"Communicable, maternal, neonatal, and nutritional diseases",284675.3233358345,361612.9225293072,223416.5009726148
Male,85-89 years,"Communicable, maternal, neonatal, and nutritional diseases",277553.8713988817,340041.7458991905,226716.56489716092
Male,90-94 years,"Communicable, maternal, neonatal, and nutritional diseases",291901.0697046583,360395.1284745937,236542.93719020055
Male,95+ years,"Communicable, maternal, neonatal, and nutritional diseases",310844.3765361212,399286.86654014135,236041.42740636723
Male,<1 year,Diabetes and kidney diseases,43.77115804564,53.67944353047999,36.88579578442
Male,0-6 days,Diabetes and kidney diseases,71.5145970698,81.79698755014999,62.32898004099
Male,<5 years,Diabetes and kidney diseases,41.8542538036,83.73708442089999,20.08123761918
Male,2-4 years,Diabetes and kidney diseases,47.73038246356,106.90694288852,17.62159749135
Male,5-9 years,Diabetes and kidney diseases,79.03150253943001,138.02358891487,47.69799606989
Male,10-14 years,Diabetes and kidney diseases,72.86300372503,120.90410815359002,54.169500183980006
Male,15-19 years,Diabetes and kidney diseases,119.98509535628,144.58086742768,95.05506568382
Male,25-29 years,Diabetes and kidney diseases,159.25989164461,209.62987997446,107.7054856582
Male,30-34 years,Diabetes and kidney diseases,383.50328007101,447.4879470028,323.32304513036996
Male,35-39 years,Diabetes and kidney diseases,668.3784703446601,803.1514170061499,534.6823614369699
Male,40-44 years,Diabetes and kidney diseases,926.07491599342,1038.16063467892,819.61125800132
Male,45-49 years,Diabetes and kidney diseases,1160.37077997746,1447.89038142697,902.69696534996
Male,50-54 years,Diabetes and kidney diseases,1430.56581762731,1644.68013307554,1197.82372451982
Male,55-59 years,Diabetes and kidney diseases,1787.4192702511098,2117.79259725951,1496.46887543761
Male,60-64 years,Diabetes and kidney diseases,2174.07410835994,2572.16579870099,1831.5683888618096
Male,65-69 years,Diabetes and kidney diseases,2492.10556268889,2916.66631030397,2011.2933575028
Male,70-74 years,Diabetes and kidney diseases,2631.6332981405803,3308.72997760689,2058.09905809132
Male,75-79 years,Diabetes and kidney diseases,2522.39667634007,3167.80009028935,1918.10104728516
Male,80-84 years,Diabetes and kidney diseases,2100.0351172401397,2650.99569661746,1572.3536758731602
Male,85-89 years,Diabetes and kidney diseases,1639.2678376948002,2119.13557022635,1215.51061147539
Male,90-94 years,Diabetes and kidney diseases,1344.1591020680698,1735.33690597984,969.78119506621
Male,95+ years,Diabetes and kidney diseases,1180.64360629895,1699.07656549575,791.0513626511799
Male,<1 year,Digestive diseases,304.57716396061,347.9886309513,268.25352074001
Male,0-6 days,Digestive diseases,162.9081843773,215.14161188912,126.22053695236
Male,<5 years,Digestive diseases,373.60925674715,420.36467914998,337.80575294522
Male,2-4 years,Digestive diseases,409.89599768261,468.26056809105,364.58318582144
Male,5-9 years,Digestive diseases,531.08677021766,605.81203562862,470.63528517139
Male,10-14 years,Digestive diseases,1036.45574665532,1251.54085316416,866.06084587288
Male,15-19 years,Digestive diseases,3456.85047206443,4181.25080783922,2815.23749248974
Male,25-29 years,Digestive diseases,6559.997892455601,8263.675001311669,5245.97142258388
Male,30-34 years,Digestive diseases,7771.08135522067,9677.76631147294,6119.70492412338
Male,35-39 years,Digestive diseases,8853.1404338113,11250.26869547229,7113.51404738311
Male,40-44 years,Digestive diseases,9951.8046518068,12447.49749760386,7912.69038636786
Male,45-49 years,Digestive diseases,11252.16720049165,13704.665994317262,9154.1411149629
Male,50-54 years,Digestive diseases,13435.4665108462,15937.32964609705,11046.6265449681
Male,55-59 years,Digestive diseases,15707.74833185781,18719.21729813465,13197.48332664696
Male,60-64 years,Digestive diseases,17660.749765707802,20780.86089419664,14777.80855296216
Male,65-69 years,Digestive diseases,19233.359138952717,22293.96140955345,16363.53919017469
Male,70-74 years,Digestive diseases,20566.16973644006,23591.25242317161,17829.95569975227
Male,75-79 years,Digestive diseases,20876.99235340508,23746.50054964965,18136.2453014604
Male,80-84 years,Digestive diseases,21111.46992273811,23829.87650018228,18423.20578948873
Male,85-89 years,Digestive diseases,22071.233700775032,24684.47895538307,19347.59124060144
Male,90-94 years,Digestive diseases,22786.3880076329,25771.002648102392,19916.13801467087
Male,95+ years,Digestive diseases,23826.86875478693,28053.79573782697,19998.37371709825
Male,<1 year,Injuries,14117.20113547947,16212.00188280246,12259.89026941774
Male,0-6 days,Injuries,15680.44026405147,18212.72254790746,13648.2521139696
Male,<5 years,Injuries,15003.10891862173,17979.807569314802,12682.635214201751
Male,2-4 years,Injuries,15846.175474580628,20044.14805056816,12923.39988891066
Male,5-9 years,Injuries,19927.71969224677,26005.80046334799,15423.53049814513
Male,10-14 years,Injuries,22553.66880267537,30006.18920397861,17231.451227094778
Male,15-19 years,Injuries,25557.38151779179,32749.99878558609,20552.448000998545
Male,25-29 years,Injuries,25766.590257806933,31616.552314479264,21371.450373725052
Male,30-34 years,Injuries,23158.546711453608,28025.26496767806,19122.59329421365
Male,35-39 years,Injuries,21775.37852465306,26337.543569654248,17989.83234849627
Male,40-44 years,Injuries,22460.25945751822,28001.468743053592,18197.72083990038
Male,45-49 years,Injuries,28359.495599447797,35190.31843751838,21486.05345282382
Male,50-54 years,Injuries,31306.91462897996,38691.678896935635,24094.46648025237
Male,55-59 years,Injuries,29806.03124223224,35965.3996050381,23693.74419726005
Male,60-64 years,Injuries,27529.38918652776,34331.924420275514,21889.63529756436
Male,65-69 years,Injuries,24608.93130328913,31114.30321220779,19644.17166597886
Male,70-74 years,Injuries,24649.7458306033,30662.36381558138,19613.36206502428
Male,75-79 years,Injuries,25076.17847070872,30209.607720434928,20354.49229412508
Male,80-84 years,Injuries,25135.88974085691,30220.65614922822,20273.92176579706
Male,85-89 years,Injuries,25848.948866472023,31385.39328174861,20782.63257101175
Male,90-94 years,Injuries,27503.8612559384,32993.56446520773,22691.08516161438
Male,95+ years,Injuries,29787.14230550759,40492.48145657559,22361.4918580164
Male,<1 year,Mental disorders,2267.49418456345,5754.70878039374,672.55864110361
Male,0-6 days,Mental disorders,0.0,0.0,0.0
Male,<5 years,Mental disorders,982.06835296264,1582.14053376855,583.1753183938699
Male,2-4 years,Mental disorders,888.21309026817,1310.79343007598,538.82653877756
Male,5-9 years,Mental disorders,3460.63936914117,4415.33845945204,2667.58016971164
Male,10-14 years,Mental disorders,5925.392566870781,7403.8373151187,4686.3141576061
Male,15-19 years,Mental disorders,6981.81498792607,8484.4076993349,5566.94233000595
Male,25-29 years,Mental disorders,5342.07164205217,6443.40324954789,4415.23391722268
Male,30-34 years,Mental disorders,4899.03738342392,5891.95076767216,4093.02885032768
Male,35-39 years,Mental disorders,4713.36652507773,5750.78111913708,3981.37946973818
Male,40-44 years,Mental disorders,4504.05476378361,5426.40574488351,3784.13920485464
Male,45-49 years,Mental disorders,4310.58669767013,5049.81728704902,3475.2528420750896
Male,50-54 years,Mental disorders,4205.55880679749,4929.06351560468,3445.06827592287
Male,55-59 years,Mental disorders,4001.4775991572,4820.746021380451,3307.93271979925
Male,60-64 years,Mental disorders,3895.31147301395,4654.67923210199,3221.0550690644304
Male,65-69 years,Mental disorders,3837.3664370574897,4634.61698813797,3173.7815712298298
Male,70-74 years,Mental disorders,3704.70423438472,4454.6029222186,2997.21152107346
Male,75-79 years,Mental disorders,3672.58229388306,4426.67428912408,2900.24343119464
Male,80-84 years,Mental disorders,3638.33658185502,4449.101750973789,2969.04457602947
Male,85-89 years,Mental disorders,3597.59666729976,4222.02298218164,2970.63701482305
Male,90-94 years,Mental disorders,3590.90446909473,4391.37451236944,2999.11895335828
Male,95+ years,Mental disorders,3606.93211168812,4637.5400206648,2890.75811897749
Male,<1 year,Musculoskeletal disorders,0.0,0.0,0.0
Male,0-6 days,Musculoskeletal disorders,0.0,0.0,0.0
Male,<5 years,Musculoskeletal disorders,0.0,0.0,0.0
Male,2-4 years,Musculoskeletal disorders,0.0,0.0,0.0
Male,5-9 years,Musculoskeletal disorders,684.35488967399,859.9069811675399,537.40111974462
Male,10-14 years,Musculoskeletal disorders,1862.24384705814,2369.7927845202803,1434.40260871395
Male,15-19 years,Musculoskeletal disorders,2582.3694325175597,3283.14297702054,1951.1016393011
Male,25-29 years,Musculoskeletal disorders,4578.21325468788,5792.715571856101,3506.34098584093
Male,30-34 years,Musculoskeletal disorders,5880.96502173488,7277.32436096637,4587.57489163103
Male,35-39 years,Musculoskeletal disorders,7080.822177907239,8881.20437774305,5645.9487830914595
Male,40-44 years,Musculoskeletal disorders,7845.592651858251,9662.27669790456,6432.2996246679795
Male,45-49 years,Musculoskeletal disorders,8648.65193883004,10320.887257818107,7090.89039663267
Male,50-54 years,Musculoskeletal disorders,9664.263058247929,11884.03677319151,7736.82059287194
Male,55-59 years,Musculoskeletal disorders,10489.72217292562,12624.12072705555,8606.2254713283
Male,60-64 years,Musculoskeletal disorders,10808.6547818592,12650.329036530413,8813.55719552466
Male,65-69 years,Musculoskeletal disorders,11108.67502085999,13223.70312001982,9012.62062668235
Male,70-74 years,Musculoskeletal disorders,11808.31679850655,14254.15868543035,9540.0050065155
Male,75-79 years,Musculoskeletal disorders,11784.40552454306,14314.81966382862,9534.3737698061
Male,80-84 years,Musculoskeletal disorders,11265.69730538829,13869.852870479372,8930.70520329383
Male,85-89 years,Musculoskeletal disorders,10203.06059127407,12313.36897411862,8039.86893353376
Male,90-94 years,Musculoskeletal disorders,9251.77323339034,11130.19794898683,7352.20707377478
Male,95+ years,Musculoskeletal disorders,9018.74811650893,11446.4024387908,6853.70602644191
Male,<1 year,Neoplasms,702.2510723184699,911.1050031273,531.1946097428
Male,0-6 days,Neoplasms,130.1467264616,180.55924798146,92.61481425327
Male,<5 years,Neoplasms,675.69113864721,859.00520122019,528.46014359861
Male,2-4 years,Neoplasms,651.74516627023,823.25976498912,512.47013976335
Male,5-9 years,Neoplasms,477.55768009153,667.26897434286,334.85617651503
Male,10-14 years,Neoplasms,415.4900923182799,597.64880269145,276.68067559842
Male,15-19 years,Neoplasms,482.31597629275,677.87563654414,325.54068229775004
Male,25-29 years,Neoplasms,720.59123056545,1085.13366032329,476.1902505833101
Male,30-34 years,Neoplasms,1002.53053501078,1402.52188982774,713.82302640397
Male,35-39 years,Neoplasms,1413.01437418519,1977.96972670033,955.47318216799
Male,40-44 years,Neoplasms,1982.4567160154904,2488.60210545525,1496.96138478709
Male,45-49 years,Neoplasms,2727.05543844677,3599.70233377102,1985.7964522537
Male,50-54 years,Neoplasms,4170.323934397669,5048.94900305104,3392.18771732114
Male,55-59 years,Neoplasms,6306.1142416085695,7882.72939726145,4929.49284021929
Male,60-64 years,Neoplasms,9250.76528330769,10864.08235504335,7729.31451488513
Male,65-69 years,Neoplasms,12776.45120225106,15804.94200439756,10555.12744170692
Male,70-74 years,Neoplasms,16160.52194785801,19197.72149032714,13415.789326227889
Male,75-79 years,Neoplasms,19530.32136315688,23058.18547775246,16125.53154908796
Male,80-84 years,Neoplasms,22490.584868196,26073.31450572243,19245.77705286576
Male,85-89 years,Neoplasms,25274.6292467142,28822.56217036136,21988.16541995282
Male,90-94 years,Neoplasms,27329.436564136213,31648.549294375873,23016.229611526825
Male,95+ years,Neoplasms,28465.070917603254,34007.16639512046,23206.06054405982
Male,<1 year,Neurological disorders,50.94854296981,80.70974885105,30.762245783079997
Male,0-6 days,Neurological disorders,53.17807048554,80.39050637337,32.54724148151
Male,<5 years,Neurological disorders,48.60134433749,77.95240098098,28.75205387385
Male,2-4 years,Neurological disorders,47.77609144148,82.49974024559,26.59600132339
Male,5-9 years,Neurological disorders,8711.4073857108,12388.57634359438,5690.66096672241
Male,10-14 years,Neurological disorders,15534.54968225398,21092.3767871432,11340.48639044005
Male,15-19 years,Neurological disorders,14310.211138478771,20484.547324535048,9794.9679711055
Male,25-29 years,Neurological disorders,15935.41651614459,21695.3374157239,9383.93810446088
Male,30-34 years,Neurological disorders,16411.120012061532,21924.63847828617,10347.3768763955
Male,35-39 years,Neurological disorders,15241.53029732086,20298.1104784265,9891.63666885243
Male,40-44 years,Neurological disorders,13735.54948443282,19062.29021988043,9766.59345243
Male,45-49 years,Neurological disorders,13347.27118600601,19226.145597251932,8144.808644526131
Male,50-54 years,Neurological disorders,14163.054071457933,19636.13612218249,10026.59084369152
Male,55-59 years,Neurological disorders,13544.754166453322,18330.39005582499,9167.25398837028
Male,60-64 years,Neurological disorders,11928.97291057886,17019.53033505267,7790.70127800224
Male,65-69 years,Neurological disorders,10383.97600139212,14809.291417322487,7072.12999622637
Male,70-74 years,Neurological disorders,10980.37153160252,14719.55080980377,7495.587963392019
Male,75-79 years,Neurological disorders,11369.7764312349,15291.193809344588,7964.72722621235
Male,80-84 years,Neurological disorders,11588.35971024991,15098.189671789189,8328.36437070113
Male,85-89 years,Neurological disorders,12737.440669078582,16409.35729182306,9674.84426349417
Male,90-94 years,Neurological disorders,15455.48301666069,19994.93067096293,12067.90550140498
Male,95+ years,Neurological disorders,18786.09006347839,24521.86997665204,13535.2854240742
Male,<1 year,Other non-communicable diseases,16776.93665518882,17587.57531233088,16139.74569596329
Male,0-6 days,Other non-communicable diseases,1362.0722631072902,1585.14683188801,1194.88882828472
Male,<5 years,Other non-communicable diseases,44529.13871081845,60239.600503881105,30422.33512175969
Male,2-4 years,Other non-communicable diseases,64496.594533990814,89274.36757121472,42049.69167045667
Male,5-9 years,Other non-communicable diseases,127221.6905911459,158964.7405000469,91780.30161913505
Male,10-14 years,Other non-communicable diseases,56152.548193027294,90022.53852218165,31929.530893307663
Male,15-19 years,Other non-communicable diseases,50852.87816169707,62621.11975264841,38347.2553118768
Male,25-29 years,Other non-communicable diseases,55576.13338786596,64882.606328761925,47082.703277216955
Male,30-34 years,Other non-communicable diseases,48498.351155411576,57163.843648952505,40377.729755298744
Male,35-39 years,Other non-communicable diseases,44153.0162434933,53469.00050611758,34987.01702515482
Male,40-44 years,Other non-communicable diseases,40712.52306594321,49413.70876359963,32268.13780308696
Male,45-49 years,Other non-communicable diseases,37344.71670781414,45146.14276381946,30127.87407471196
Male,50-54 years,Other non-communicable diseases,34327.1128930771,41553.900656921774,28214.977990377272
Male,55-59 years,Other non-communicable diseases,32167.71851417982,38504.26090931405,26764.858949498834
Male,60-64 years,Other non-communicable diseases,31424.87269169365,37040.3992314989,25542.38531335793
Male,65-69 years,Other non-communicable diseases,31721.9915577645,37656.12412782007,26715.427193091728
Male,70-74 years,Other non-communicable diseases,31762.878747528663,36840.885770913104,27278.29415305471
Male,75-79 years,Other non-communicable diseases,32522.41392170149,37413.4861090049,28149.26994734638
Male,80-84 years,Other non-communicable diseases,33369.3749257219,38039.67108126839,29225.541922702443
Male,85-89 years,Other non-communicable diseases,34278.29547652731,39470.0050906361,29691.3934222053
Male,90-94 years,Other non-communicable diseases,35120.54927053046,40686.65460172472,30933.14123246233
Male,95+ years,Other non-communicable diseases,35783.21736469685,44701.29912204976,29312.235832345013
Male,<1 year,Sense organ diseases,623.96096676196,883.54816133837,393.22540278427
Male,0-6 days,Sense organ diseases,0.0,0.0,0.0
Male,<5 years,Sense organ diseases,122.06060168272,172.84161339177,76.92360871524
Male,2-4 years,Sense organ diseases,0.0,0.0,0.0
Male,5-9 years,Sense organ diseases,0.0,0.0,0.0
Male,10-14 years,Sense organ diseases,0.0,0.0,0.0
Male,15-19 years,Sense organ diseases,0.0,0.0,0.0
Male,25-29 years,Sense organ diseases,0.0,0.0,0.0
Male,30-34 years,Sense organ diseases,0.0,0.0,0.0
Male,35-39 years,Sense organ diseases,0.0,0.0,0.0
Male,40-44 years,Sense organ diseases,0.0,0.0,0.0
Male,45-49 years,Sense organ diseases,0.0,0.0,0.0
Male,50-54 years,Sense organ diseases,0.0,0.0,0.0
Male,55-59 years,Sense organ diseases,0.0,0.0,0.0
Male,60-64 years,Sense organ diseases,0.0,0.0,0.0
Male,65-69 years,Sense organ diseases,0.0,0.0,0.0
Male,70-74 years,Sense organ diseases,0.0,0.0,0.0
Male,75-79 years,Sense organ diseases,0.0,0.0,0.0
Male,80-84 years,Sense organ diseases,0.0,0.0,0.0
Male,85-89 years,Sense organ diseases,0.0,0.0,0.0
Male,90-94 years,Sense organ diseases,0.0,0.0,0.0
Male,95+ years,Sense organ diseases,0.0,0.0,0.0
Male,<1 year,Skin and subcutaneous diseases,24278.34034006026,26313.397172591307,22421.3683455758
Male,0-6 days,Skin and subcutaneous diseases,26628.40471668652,29075.834748373807,24137.501933150703
Male,<5 years,Skin and subcutaneous diseases,23356.86887341704,26433.236511970932,20552.75646210972
Male,2-4 years,Skin and subcutaneous diseases,23236.03614927384,28441.14041109494,19467.28354736842
Male,5-9 years,Skin and subcutaneous diseases,24301.48609772724,29348.226981302676,20577.3227129565
Male,10-14 years,Skin and subcutaneous diseases,28563.331512361823,33480.26349695785,25101.18570104304
Male,15-19 years,Skin and subcutaneous diseases,27272.50067459725,29886.32398974942,25172.04704844302
Male,25-29 years,Skin and subcutaneous diseases,25316.82871957604,27873.81370838957,23242.74049990546
Male,30-34 years,Skin and subcutaneous diseases,26961.97883632145,29767.66876057686,24505.2924724233
Male,35-39 years,Skin and subcutaneous diseases,29073.38456946212,31885.35287468983,26737.106545232196
Male,40-44 years,Skin and subcutaneous diseases,31654.99900917921,34523.662235277094,29356.746756857112
Male,45-49 years,Skin and subcutaneous diseases,35422.31460301567,38754.44696422807,32833.310402959745
Male,50-54 years,Skin and subcutaneous diseases,42210.17717581823,45698.98584028339,39261.7683744705
Male,55-59 years,Skin and subcutaneous diseases,47993.86754305119,52545.28786895363,43910.78773812811
Male,60-64 years,Skin and subcutaneous diseases,54598.624948472905,60106.88641326529,50724.65760009384
Male,65-69 years,Skin and subcutaneous diseases,76069.47331425184,82016.60840479344,70813.33715631977
Male,70-74 years,Skin and subcutaneous diseases,101307.68924704936,107767.81537126064,94675.10761433416
Male,75-79 years,Skin and subcutaneous diseases,109211.9316039597,117384.4621927722,101936.56546771235
Male,80-84 years,Skin and subcutaneous diseases,126431.5202784623,134563.00738932277,118464.38485388045
Male,85-89 years,Skin and subcutaneous diseases,142939.94865567394,151196.20577367043,135474.5907434896
Male,90-94 years,Skin and subcutaneous diseases,139511.51358239734,148792.1510764885,131006.7364440299
Male,95+ years,Skin and subcutaneous diseases,135788.02034314696,147453.1651219971,124898.58576617629
Male,<1 year,Substance use disorders,108.90138245552,139.84521630925,83.14554337844001
Male,0-6 days,Substance use disorders,0.0,0.0,0.0
Male,<5 years,Substance use disorders,21.30352534002,27.35682543371,16.26511207051
Male,2-4 years,Substance use disorders,0.0,0.0,0.0
Male,5-9 years,Substance use disorders,0.0,0.0,0.0
Male,10-14 years,Substance use disorders,682.64195848435,1095.05934233721,395.5203051505099
Male,15-19 years,Substance use disorders,3085.47014923927,3781.514483902021,2556.42383098672
Male,25-29 years,Substance use disorders,4709.90079814809,5750.943872958101,3658.57385376009
Male,30-34 years,Substance use disorders,4705.84964130806,5829.46457439779,3600.6300760363797
Male,35-39 years,Substance use disorders,3940.44136746222,4931.98978629422,3129.2797694168603
Male,40-44 years,Substance use disorders,3302.5127924401,4248.264228961731,2495.11220592857
Male,45-49 years,Substance use disorders,2781.35962816837,3586.7801182166504,2148.2413863226
Male,50-54 years,Substance use disorders,2369.18965314199,3118.60218106393,1745.0141681517698
Male,55-59 years,Substance use disorders,2058.70005589553,2671.35425133283,1517.9255973504
Male,60-64 years,Substance use disorders,1641.1063673105498,2233.33257146284,1108.5486782544
Male,65-69 years,Substance use disorders,1118.13798119924,1491.62703022895,817.7748327415999
Male,70-74 years,Substance use disorders,770.2092237083,1093.93598408966,527.10667343797
Male,75-79 years,Substance use disorders,601.1029254842,822.182099179,427.15732047701
Male,80-84 years,Substance use disorders,517.96000773818,705.28168606984,355.30427716595
Male,85-89 years,Substance use disorders,522.83268354346,735.8460952725001,347.84601531984003
Male,90-94 years,Substance use disorders,571.31213503899,805.7021318958799,352.76129201752
Male,95+ years,Substance use disorders,660.66826345776,1101.23658795537,327.47225702594
