Prevalence,Rate,Parkinson's disease,United States of America,10-14 years,Both sexes,2023,0,0,0,
All Population,Prevalence,Rate,Alzheimer's disease and other dementias,United States of America,10-14 years,Both sexes,2023,0,0,0
All Population,Prevalence,Rate,Idiopathic epilepsy,United States of America,10-14 years,Both sexes,2023,316.15,510.86,177.22
All Population,Prevalence,Rate,Multiple sclerosis,United States of America,10-14 years,Both sexes,2023,3.14,4.4,2.19
All Population,Prevalence,Rate,Motor neuron disease,United States of America,10-14 years,Both sexes,2023,4.82,5.71,4.08
All Population,Prevalence,Rate,Parkinson's disease,United States of America,15-19 years,Both sexes,2023,0,0,0
All Population,Prevalence,Rate,Alzheimer's disease and other dementias,United States of America,15-19 years,Both sexes,2023,0,0,0
All Population,Prevalence,Rate,Idiopathic epilepsy,United States of America,15-19 years,Both sexes,2023,357.92,523.36,211
All Population,Prevalence,Rate,Multiple sclerosis,United States of America,15-19 years,Both sexes,2023,12.96,17.14,10.15
All Population,Prevalence,Rate,Motor neuron disease,United States of America,15-19 years,Both sexes,2023,4.78,5.64,4.05
All Population,Prevalence,Rate,Parkinson's disease,United States of America,20-24 years,Both sexes,2023,0.12,0.2,0.05
All Population,Prevalence,Rate,Alzheimer's disease and other dementias,United States of America,20-24 years,Both sexes,2023,0,0,0
All Population,Prevalence,Rate,Idiopathic epilepsy,United States of America,20-24 years,Both sexes,2023,389.87,583.64,230.94
All Population,Prevalence,Rate,Multiple sclerosis,United States of America,20-24 years,Both sexes,2023,41.15,52.29,32.65
All Population,Prevalence,Rate,Motor neuron disease,United States of America,20-24 years,Both sexes,2023,4.7,5.52,3.96
All Population,Prevalence,Rate,Alzheimer's disease and other dementias,United States of America,25-29 years,Both sexes,2023,0,0,0
All Population,Prevalence,Rate,Parkinson's disease,United States of America,25-29 years,Both sexes,2023,0.82,1.35,0.36
All Population,Prevalence,Rate,Idiopathic epilepsy,United States of America,25-29 years,Both sexes,2023,410.65,600.36,231.36
All Population,Prevalence,Rate,Multiple sclerosis,United States of America,25-29 years,Both sexes,2023,90.8,109,73.25
All Population,Prevalence,Rate,Motor neuron disease,United States of America,25-29 years,Both sexes,2023,4.58,5.35,3.89
All Population,Prevalence,Rate,Alzheimer's disease and other dementias,United States of America,30-34 years,Both sexes,2023,0,0,0
All Population,Prevalence,Rate,Parkinson's disease,United States of America,30-34 years,Both sexes,2023,2.37,3.48,1.37
All Population,Prevalence,Rate,Idiopathic epilepsy,United States of America,30-34 years,Both sexes,2023,421.19,608.11,249.01
All Population,Prevalence,Rate,Multiple sclerosis,United States of America,30-34 years,Both sexes,2023,146.18,165.96,126.22
All Population,Prevalence,Rate,Motor neuron disease,United States of America,30-34 years,Both sexes,2023,4.51,5.33,3.83
All Population,Prevalence,Rate,Alzheimer's disease and other dementias,United States of America,35-39 years,Both sexes,2023,0,0,0
All Population,Prevalence,Rate,Parkinson's disease,United States of America,35-39 years,Both sexes,2023,5.4,6.87,3.9
All Population,Prevalence,Rate,Idiopathic epilepsy,United States of America,35-39 years,Both sexes,2023,420.72,605.29,244.78
All Population,Prevalence,Rate,Multiple sclerosis,United States of America,35-39 years,Both sexes,2023,189.99,213.61,168.35
All Population,Prevalence,Rate,Motor neuron disease,United States of America,35-39 years,Both sexes,2023,4.91,5.99,4.05
All Population,Prevalence,Rate,Alzheimer's disease and other dementias,United States of America,40-44 years,Both sexes,2023,23.1,36.41,11.09
All Population,Prevalence,Rate,Parkinson's disease,United States of America,40-44 years,Both sexes,2023,11.78,14.87,9.2
All Population,Prevalence,Rate,Idiopathic epilepsy,United States of America,40-44 years,Both sexes,2023,414.28,615.72,236.19
All Population,Prevalence,Rate,Multiple sclerosis,United States of America,40-44 years,Both sexes,2023,219.45,238.6,202.62
All Population,Prevalence,Rate,Motor neuron disease,United States of America,40-44 years,Both sexes,2023,6.36,8.05,5.11
All Population,Prevalence,Rate,Alzheimer's disease and other dementias,United States of America,45-49 years,Both sexes,2023,163.82,238.28,102.75
All Population,Prevalence,Rate,Parkinson's disease,United States of America,45-49 years,Both sexes,2023,28.07,33.51,23.02
All Population,Prevalence,Rate,Idiopathic epilepsy,United States of America,45-49 years,Both sexes,2023,406.95,595.49,241.38
All Population,Prevalence,Rate,Multiple sclerosis,United States of America,45-49 years,Both sexes,2023,234.91,252.89,217.67
All Population,Prevalence,Rate,Motor neuron disease,United States of America,45-49 years,Both sexes,2023,8.67,10.95,6.73
All Population,Prevalence,Rate,Parkinson's disease,United States of America,5-9 years,Both sexes,2023,0,0,0
All Population,Prevalence,Rate,Alzheimer's disease and other dementias,United States of America,5-9 years,Both sexes,2023,0,0,0
All Population,Prevalence,Rate,Idiopathic epilepsy,United States of America,5-9 years,Both sexes,2023,260.01,401.03,151.09
All Population,Prevalence,Rate,Multiple sclerosis,United States of America,5-9 years,Both sexes,2023,0.39,0.65,0.18
All Population,Prevalence,Rate,Motor neuron disease,United States of America,5-9 years,Both sexes,2023,4.75,5.59,4.06
All Population,Prevalence,Rate,Alzheimer's disease and other dementias,United States of America,50-54 years,Both sexes,2023,387.2,510.9,285.55
All Population,Prevalence,Rate,Parkinson's disease,United States of America,50-54 years,Both sexes,2023,59.45,70.03,49.08
All Population,Prevalence,Rate,Idiopathic epilepsy,United States of America,50-54 years,Both sexes,2023,405.5,591.59,232.72
All Population,Prevalence,Rate,Multiple sclerosis,United States of America,50-54 years,Both sexes,2023,238.62,256.41,221.17
All Population,Prevalence,Rate,Motor neuron disease,United States of America,50-54 years,Both sexes,2023,11.66,14.38,9.44
All Population,Prevalence,Rate,Alzheimer's disease and other dementias,United States of America,55-59 years,Both sexes,2023,660.8,818.62,510.09
All Population,Prevalence,Rate,Parkinson's disease,United States of America,55-59 years,Both sexes,2023,122.5,143.94,103.69
All Population,Prevalence,Rate,Idiopathic epilepsy,United States of America,55-59 years,Both sexes,2023,426.42,630.67,261.16
All Population,Prevalence,Rate,Multiple sclerosis,United States of America,55-59 years,Both sexes,2023,236.51,255.15,219.81
All Population,Prevalence,Rate,Motor neuron disease,United States of America,55-59 years,Both sexes,2023,15.72,18.95,12.74
All Population,Prevalence,Rate,Alzheimer's disease and other dementias,United States of America,60-64 years,Both sexes,2023,"1,131.61","1,405.10",879.22
All Population,Prevalence,Rate,Parkinson's disease,United States of America,60-64 years,Both sexes,2023,263.66,308.67,221
All Population,Prevalence,Rate,Idiopathic epilepsy,United States of America,60-64 years,Both sexes,2023,471.44,706.79,283.67
All Population,Prevalence,Rate,Multiple sclerosis,United States of America,60-64 years,Both sexes,2023,228.49,246.2,212.56
All Population,Prevalence,Rate,Motor neuron disease,United States of America,60-64 years,Both sexes,2023,21.29,26.11,17.81
All Population,Prevalence,Rate,Alzheimer's disease and other dementias,United States of America,65-69 years,Both sexes,2023,"2,096.57","2,673.19","1,639.24"
All Population,Prevalence,Rate,Parkinson's disease,United States of America,65-69 years,Both sexes,2023,640.92,749.33,549.36
All Population,Prevalence,Rate,Idiopathic epilepsy,United States of America,65-69 years,Both sexes,2023,518.82,777.69,309.02
All Population,Prevalence,Rate,Multiple sclerosis,United States of America,65-69 years,Both sexes,2023,213.56,230.08,199.2
All Population,Prevalence,Rate,Motor neuron disease,United States of America,65-69 years,Both sexes,2023,29.77,36.9,24.2
All Population,Prevalence,Rate,Alzheimer's disease and other dementias,United States of America,70-74 years,Both sexes,2023,"3,907.39","5,002.50","2,947.37"
All Population,Prevalence,Rate,Parkinson's disease,United States of America,70-74 years,Both sexes,2023,"1,254.65","1,474.99","1,055.57"
All Population,Prevalence,Rate,Idiopathic epilepsy,United States of America,70-74 years,Both sexes,2023,558.18,820.65,338.95
All Population,Prevalence,Rate,Multiple sclerosis,United States of America,70-74 years,Both sexes,2023,192.21,208.29,177.33
All Population,Prevalence,Rate,Motor neuron disease,United States of America,70-74 years,Both sexes,2023,38.62,47.22,31.34
All Population,Prevalence,Rate,Alzheimer's disease and other dementias,United States of America,75-79 years,Both sexes,2023,"7,561.34","9,630.36","5,763.48"
All Population,Prevalence,Rate,Parkinson's disease,United States of America,75-79 years,Both sexes,2023,"2,005.30","2,312.14","1,735.17"
All Population,Prevalence,Rate,Idiopathic epilepsy,United States of America,75-79 years,Both sexes,2023,606.17,879.94,365.01
All Population,Prevalence,Rate,Multiple sclerosis,United States of America,75-79 years,Both sexes,2023,165.59,179.46,151.61
All Population,Prevalence,Rate,Motor neuron disease,United States of America,75-79 years,Both sexes,2023,41.86,51.66,33.06
All Population,Prevalence,Rate,Alzheimer's disease and other dementias,United States of America,80-84 years,Both sexes,2023,"13,762.40","17,607.40","10,467.08"
All Population,Prevalence,Rate,Parkinson's disease,United States of America,80-84 years,Both sexes,2023,"2,664.10","3,090.46","2,223.87"
All Population,Prevalence,Rate,Idiopathic epilepsy,United States of America,80-84 years,Both sexes,2023,661.24,968.44,383.52
All Population,Prevalence,Rate,Multiple sclerosis,United States of America,80-84 years,Both sexes,2023,138.69,152.02,126.17
All Population,Prevalence,Rate,Motor neuron disease,United States of America,80-84 years,Both sexes,2023,36.72,45.87,28.81
All Population,Prevalence,Rate,Alzheimer's disease and other dementias,United States of America,85-89 years,Both sexes,2023,"21,746.24","27,437.69","16,878.43"
All Population,Prevalence,Rate,Parkinson's disease,United States of America,85-89 years,Both sexes,2023,"2,829.62","3,256.06","2,437.76"
All Population,Prevalence,Rate,Idiopathic epilepsy,United States of America,85-89 years,Both sexes,2023,713.16,"1,090.68",407.98
All Population,Prevalence,Rate,Multiple sclerosis,United States of America,85-89 years,Both sexes,2023,112.6,125.82,98.9
All Population,Prevalence,Rate,Motor neuron disease,United States of America,85-89 years,Both sexes,2023,31.4,39.47,24.18
All Population,Prevalence,Rate,Alzheimer's disease and other dementias,United States of America,90-94 years,Both sexes,2023,"29,810.42","36,539.52","23,003.38"
All Population,Prevalence,Rate,Parkinson's disease,United States of America,90-94 years,Both sexes,2023,"2,524.84","2,979.08","2,068.18"
All Population,Prevalence,Rate,Idiopathic epilepsy,United States of America,90-94 years,Both sexes,2023,764.64,"1,151.18",408.45
All Population,Prevalence,Rate,Multiple sclerosis,United States of America,90-94 years,Both sexes,2023,89.7,104.28,73.81
All Population,Prevalence,Rate,Motor neuron disease,United States of America,90-94 years,Both sexes,2023,24.37,32.61,18.1
All Population,Prevalence,Rate,Alzheimer's disease and other dementias,United States of America,95+ years,Both sexes,2023,"35,982.02","46,479.44","27,292.72"
All Population,Prevalence,Rate,Parkinson's disease,United States of America,95+ years,Both sexes,2023,"2,013.23","2,502.71","1,519.16"
All Population,Prevalence,Rate,Idiopathic epilepsy,United States of America,95+ years,Both sexes,2023,834.57,"1,318.21",454.1
All Population,Prevalence,Rate,Multiple sclerosis,United States of America,95+ years,Both sexes,2023,70.09,85.4,52.8
All Population,Prevalence,Rate,Motor neuron disease,United States of America,95+ years,Both sexes,2023,22.67,33.48,13.74
All Population,Prevalence,Rate,Alzheimer's disease and other dementias,United States of America,<5 years,Both sexes,2023,0,0,0
All Population,Prevalence,Rate,Parkinson's disease,United States of America,<5 years,Both sexes,2023,0,0,0
All Population,Prevalence,Rate,Idiopathic epilepsy,United States of America,<5 years,Both sexes,2023,201.48,289.35,121.57
All Population,Prevalence,Rate,Multiple sclerosis,United States of America,<5 years,Both sexes,2023,0,0,0
All Population,Prevalence,Rate,Motor neuron disease,United States of America,<5 years,Both sexes,2023,3.05,3.57,2.62
All Population,Prevalence,Rate,Alzheimer's disease and other dementias,United States of America,<5 years,Males,2023,0,0,0
All Population,Prevalence,Rate,Alzheimer's disease and other dementias,United States of America,5-9 years,Males,2023,0,0,0
All Population,Prevalence,Rate,Alzheimer's disease and other dementias,United States of America,10-14 years,Males,2023,0,0,0
All Population,Prevalence,Rate,Alzheimer's disease and other dementias,United States of America,15-19 years,Males,2023,0,0,0
All Population,Prevalence,Rate,Alzheimer's disease and other dementias,United States of America,20-24 years,Males,2023,0,0,0
All Population,Prevalence,Rate,Alzheimer's disease and other dementias,United States of America,25-29 years,Males,2023,0,0,0
All Population,Prevalence,Rate,Alzheimer's disease and other dementias,United States of America,30-34 years,Males,2023,0,0,0
All Population,Prevalence,Rate,Alzheimer's disease and other dementias,United States of America,35-39 years,Males,2023,0,0,0
All Population,Prevalence,Rate,Alzheimer's disease and other dementias,United States of America,40-44 years,Males,2023,21.81,34.62,10.34
All Population,Prevalence,Rate,Alzheimer's disease and other dementias,United States of America,45-49 years,Males,2023,154.27,221.91,96.41
All Population,Prevalence,Rate,Alzheimer's disease and other dementias,United States of America,50-54 years,Males,2023,362.94,480.15,267.43
All Population,Prevalence,Rate,Alzheimer's disease and other dementias,United States of America,55-59 years,Males,2023,616.92,769.31,476.46
All Population,Prevalence,Rate,Alzheimer's disease and other dementias,United States of America,60-64 years,Males,2023,"1,046.44","1,300.61",807.03
All Population,Prevalence,Rate,Alzheimer's disease and other dementias,United States of America,65-69 years,Males,2023,"1,887.30","2,421.62","1,451.65"
All Population,Prevalence,Rate,Alzheimer's disease and other dementias,United States of America,70-74 years,Males,2023,"3,401.59","4,419.11","2,483.18"
All Population,Prevalence,Rate,Alzheimer's disease and other dementias,United States of America,75-79 years,Males,2023,"6,555.76","8,459.99","4,884.71"
All Population,Prevalence,Rate,Alzheimer's disease and other dementias,United States of America,All ages,Males,2023,"1,114.71","1,301.39",900.42
All Population,Prevalence,Rate,Alzheimer's disease and other dementias,United States of America,80-84 years,Males,2023,"11,965.72","15,337.96","8,952.91"
All Population,Prevalence,Rate,Alzheimer's disease and other dementias,United States of America,85-89 years,Males,2023,"19,395.47","24,614.29","14,865.40"
All Population,Prevalence,Rate,Alzheimer's disease and other dementias,United States of America,90-94 years,Males,2023,"27,598.65","34,311.34","21,176.95"
All Population,Prevalence,Rate,Alzheimer's disease and other dementias,United States of America,95+ years,Males,2023,"34,425.92","45,018.15","26,272.74"
All Population,Prevalence,Rate,Parkinson's disease,United States of America,<5 years,Males,2023,0,0,0
All Population,Prevalence,Rate,Parkinson's disease,United States of America,5-9 years,Males,2023,0,0,0
All Population,Prevalence,Rate,Parkinson's disease,United States of America,10-14 years,Males,2023,0,0,0
All Population,Prevalence,Rate,Parkinson's disease,United States of America,15-19 years,Males,2023,0,0,0
All Population,Prevalence,Rate,Parkinson's disease,United States of America,20-24 years,Males,2023,0.14,0.23,0.06
All Population,Prevalence,Rate,Parkinson's disease,United States of America,25-29 years,Males,2023,0.95,1.58,0.42
All Population,Prevalence,Rate,Parkinson's disease,United States of America,30-34 years,Males,2023,2.81,4.1,1.69
All Population,Prevalence,Rate,Parkinson's disease,United States of America,35-39 years,Males,2023,6.62,8.47,4.94
All Population,Prevalence,Rate,Parkinson's disease,United States of America,40-44 years,Males,2023,14.95,18.76,11.69
All Population,Prevalence,Rate,Parkinson's disease,United States of America,45-49 years,Males,2023,36.55,43.51,29.72
All Population,Prevalence,Rate,Parkinson's disease,United States of America,50-54 years,Males,2023,78.4,92.57,64.59
All Population,Prevalence,Rate,Parkinson's disease,United States of America,55-59 years,Males,2023,163,191.4,138.67
All Population,Prevalence,Rate,Parkinson's disease,United States of America,60-64 years,Males,2023,348.9,410.78,295.19
All Population,Prevalence,Rate,Parkinson's disease,United States of America,65-69 years,Males,2023,833.58,971.45,714.75
All Population,Prevalence,Rate,Parkinson's disease,United States of America,70-74 years,Males,2023,"1,624.69","1,914.52","1,360.53"
All Population,Prevalence,Rate,Parkinson's disease,United States of America,75-79 years,Males,2023,"2,620.25","3,012.75","2,268.32"
All Population,Prevalence,Rate,Parkinson's disease,United States of America,All ages,Males,2023,352.56,393.39,314.07
All Population,Prevalence,Rate,Parkinson's disease,United States of America,80-84 years,Males,2023,"3,543.33","4,146.43","2,952.75"
All Population,Prevalence,Rate,Parkinson's disease,United States of America,85-89 years,Males,2023,"3,850.87","4,448.57","3,294.14"
All Population,Prevalence,Rate,Parkinson's disease,United States of America,90-94 years,Males,2023,"3,588.78","4,288.99","2,905.55"
All Population,Prevalence,Rate,Parkinson's disease,United States of America,95+ years,Males,2023,"3,072.20","3,909.04","2,298.47"
All Population,Prevalence,Rate,Idiopathic epilepsy,United States of America,<5 years,Males,2023,204.27,294.1,124.45
All Population,Prevalence,Rate,Idiopathic epilepsy,United States of America,5-9 years,Males,2023,264.69,405.81,153.68
All Population,Prevalence,Rate,Idiopathic epilepsy,United States of America,10-14 years,Males,2023,324.32,527.29,183.94
All Population,Prevalence,Rate,Idiopathic epilepsy,United States of America,15-19 years,Males,2023,368.75,543.01,218.32
All Population,Prevalence,Rate,Idiopathic epilepsy,United States of America,20-24 years,Males,2023,401.86,598.98,236.89
All Population,Prevalence,Rate,Idiopathic epilepsy,United States of America,25-29 years,Males,2023,419.62,615.48,236.68
All Population,Prevalence,Rate,Idiopathic epilepsy,United States of America,30-34 years,Males,2023,424.27,612.41,250.93
All Population,Prevalence,Rate,Idiopathic epilepsy,United States of America,35-39 years,Males,2023,419.41,608.02,243.44
All Population,Prevalence,Rate,Idiopathic epilepsy,United States of America,40-44 years,Males,2023,411.72,619.58,232.6
All Population,Prevalence,Rate,Idiopathic epilepsy,United States of America,45-49 years,Males,2023,407.84,599.06,244.04
All Population,Prevalence,Rate,Idiopathic epilepsy,United States of America,50-54 years,Males,2023,413.4,609.61,235
All Population,Prevalence,Rate,Idiopathic epilepsy,United States of America,55-59 years,Males,2023,443.51,654.15,270.42
All Population,Prevalence,Rate,Idiopathic epilepsy,United States of America,60-64 years,Males,2023,499.38,742.96,299.36
All Population,Prevalence,Rate,Idiopathic epilepsy,United States of America,65-69 years,Males,2023,557.54,825.9,331.8
All Population,Prevalence,Rate,Idiopathic epilepsy,United States of America,70-74 years,Males,2023,606.86,887.07,368.11
All Population,Prevalence,Rate,Idiopathic epilepsy,United States of America,75-79 years,Males,2023,665.17,966.66,399.04
All Population,Prevalence,Rate,Idiopathic epilepsy,United States of America,All ages,Males,2023,426.62,576.48,268.31
All Population,Prevalence,Rate,Idiopathic epilepsy,United States of America,80-84 years,Males,2023,732.8,"1,071.36",422.48
All Population,Prevalence,Rate,Idiopathic epilepsy,United States of America,85-89 years,Males,2023,800.32,"1,225.27",456.87
All Population,Prevalence,Rate,Idiopathic epilepsy,United States of America,90-94 years,Males,2023,871.75,"1,309.23",467.69
All Population,Prevalence,Rate,Idiopathic epilepsy,United States of America,95+ years,Males,2023,956.52,"1,496.95",517.76
All Population,Prevalence,Rate,Multiple sclerosis,United States of America,<5 years,Males,2023,0,0,0
All Population,Prevalence,Rate,Multiple sclerosis,United States of America,5-9 years,Males,2023,0.3,0.52,0.14
All Population,Prevalence,Rate,Multiple sclerosis,United States of America,10-14 years,Males,2023,2.3,3.29,1.56
All Population,Prevalence,Rate,Multiple sclerosis,United States of America,15-19 years,Males,2023,8.09,10.95,6.19
All Population,Prevalence,Rate,Multiple sclerosis,United States of America,20-24 years,Males,2023,22.27,28.55,17.41
All Population,Prevalence,Rate,Multiple sclerosis,United States of America,25-29 years,Males,2023,47.64,57.08,38.42
All Population,Prevalence,Rate,Multiple sclerosis,United States of America,30-34 years,Males,2023,77.39,88.04,65.46
All Population,Prevalence,Rate,Multiple sclerosis,United States of America,35-39 years,Males,2023,101.93,116.5,88.49
All Population,Prevalence,Rate,Multiple sclerosis,United States of America,40-44 years,Males,2023,118.8,131.44,106.53
All Population,Prevalence,Rate,Multiple sclerosis,United States of America,45-49 years,Males,2023,130.28,142.46,117.77
All Population,Prevalence,Rate,Multiple sclerosis,United States of America,50-54 years,Males,2023,137.1,149.46,126.86
All Population,Prevalence,Rate,Multiple sclerosis,United States of America,55-59 years,Males,2023,138.49,150.58,126.45
All Population,Prevalence,Rate,Multiple sclerosis,United States of America,60-64 years,Males,2023,133.84,145.54,122.33
All Population,Prevalence,Rate,Multiple sclerosis,United States of America,65-69 years,Males,2023,123.1,134.25,112.07
All Population,Prevalence,Rate,Multiple sclerosis,United States of America,70-74 years,Males,2023,107.65,117.78,97.93
All Population,Prevalence,Rate,Multiple sclerosis,United States of America,75-79 years,Males,2023,90.3,100.54,81.52
All Population,Prevalence,Rate,Multiple sclerosis,United States of America,All ages,Males,2023,75.39,81.3,70.15
All Population,Prevalence,Rate,Multiple sclerosis,United States of America,80-84 years,Males,2023,73.53,82.44,65.65
All Population,Prevalence,Rate,Multiple sclerosis,United States of America,85-89 years,Males,2023,58.19,66.68,50.36
All Population,Prevalence,Rate,Multiple sclerosis,United States of America,90-94 years,Males,2023,45.21,54.65,36.33
All Population,Prevalence,Rate,Multiple sclerosis,United States of America,95+ years,Males,2023,34.76,44.24,25.6
All Population,Prevalence,Rate,Motor neuron disease,United States of America,<5 years,Males,2023,3.13,3.66,2.68
All Population,Prevalence,Rate,Motor neuron disease,United States of America,5-9 years,Males,2023,5,5.88,4.24
All Population,Prevalence,Rate,Motor neuron disease,United States of America,10-14 years,Males,2023,5.11,6.04,4.31
All Population,Prevalence,Rate,Motor neuron disease,United States of America,15-19 years,Males,2023,5.07,5.95,4.28
All Population,Prevalence,Rate,Motor neuron disease,United States of America,20-24 years,Males,2023,4.97,5.83,4.16
All Population,Prevalence,Rate,Motor neuron disease,United States of America,25-29 years,Males,2023,4.85,5.66,4.1
All Population,Prevalence,Rate,Motor neuron disease,United States of America,30-34 years,Males,2023,4.85,5.76,4.06
All Population,Prevalence,Rate,Motor neuron disease,United States of America,35-39 years,Males,2023,5.5,6.88,4.39
All Population,Prevalence,Rate,Motor neuron disease,United States of America,40-44 years,Males,2023,7.63,9.84,6
All Population,Prevalence,Rate,Motor neuron disease,United States of America,45-49 years,Males,2023,10.88,13.73,8.62
All Population,Prevalence,Rate,Motor neuron disease,United States of America,50-54 years,Males,2023,14.39,17.59,11.57
All Population,Prevalence,Rate,Motor neuron disease,United States of America,55-59 years,Males,2023,19.12,22.84,15.43
All Population,Prevalence,Rate,Motor neuron disease,United States of America,60-64 years,Males,2023,26.31,32.2,22.12
All Population,Prevalence,Rate,Motor neuron disease,United States of America,65-69 years,Males,2023,36.05,44.46,29.49
All Population,Prevalence,Rate,Motor neuron disease,United States of America,70-74 years,Males,2023,46.26,56.11,37.58
All Population,Prevalence,Rate,Motor neuron disease,United States of America,75-79 years,Males,2023,50.26,61.98,40.1
All Population,Prevalence,Rate,Motor neuron disease,United States of America,All ages,Males,2023,14.28,15.49,13.17
All Population,Prevalence,Rate,Motor neuron disease,United States of America,80-84 years,Males,2023,45.38,56.53,35.56
All Population,Prevalence,Rate,Motor neuron disease,United States of America,85-89 years,Males,2023,38.09,48.18,29.37
All Population,Prevalence,Rate,Motor neuron disease,United States of America,90-94 years,Males,2023,31.1,41.51,23.54
All Population,Prevalence,Rate,Motor neuron disease,United States of America,95+ years,Males,2023,29.8,44.23,17.63
All Population,Prevalence,Rate,Alzheimer's disease and other dementias,United States of America,<5 years,Females,2023,0,0,0
All Population,Prevalence,Rate,Alzheimer's disease and other dementias,United States of America,5-9 years,Females,2023,0,0,0
All Population,Prevalence,Rate,Alzheimer's disease and other dementias,United States of America,10-14 years,Females,2023,0,0,0
All Population,Prevalence,Rate,Alzheimer's disease and other dementias,United States of America,15-19 years,Females,2023,0,0,0
All Population,Prevalence,Rate,Alzheimer's disease and other dementias,United States of America,20-24 years,Females,2023,0,0,0
All Population,Prevalence,Rate,Alzheimer's disease and other dementias,United States of America,25-29 years,Females,2023,0,0,0
All Population,Prevalence,Rate,Alzheimer's disease and other dementias,United States of America,30-34 years,Females,2023,0,0,0
All Population,Prevalence,Rate,Alzheimer's disease and other dementias,United States of America,35-39 years,Females,2023,0,0,0
All Population,Prevalence,Rate,Alzheimer's disease and other dementias,United States of America,40-44 years,Females,2023,24.41,39.28,11.88
All Population,Prevalence,Rate,Alzheimer's disease and other dementias,United States of America,45-49 years,Females,2023,173.39,253.11,108.68
All Population,Prevalence,Rate,Alzheimer's disease and other dementias,United States of America,50-54 years,Females,2023,411.41,541.43,303.31
All Population,Prevalence,Rate,Alzheimer's disease and other dementias,United States of America,55-59 years,Females,2023,703.79,872.88,541.41
All Population,Prevalence,Rate,Alzheimer's disease and other dementias,United States of America,60-64 years,Females,2023,"1,212.74","1,501.89",952.73
All Population,Prevalence,Rate,Alzheimer's disease and other dementias,United States of America,65-69 years,Females,2023,"2,287.59","2,914.64","1,771.61"
All Population,Prevalence,Rate,Alzheimer's disease and other dementias,United States of America,70-74 years,Females,2023,"4,346.98","5,486.25","3,318.92"
All Population,Prevalence,Rate,Alzheimer's disease and other dementias,United States of America,75-79 years,Females,2023,"8,396.59","10,733.69","6,450.89"
All Population,Prevalence,Rate,Alzheimer's disease and other dementias,United States of America,All ages,Females,2023,"1,793.16","2,077.21","1,509.57"
All Population,Prevalence,Rate,Alzheimer's disease and other dementias,United States of America,80-84 years,Females,2023,"15,115.08","19,344.74","11,630.85"
All Population,Prevalence,Rate,Alzheimer's disease and other dementias,United States of America,85-89 years,Females,2023,"23,285.23","29,311.08","18,091.45"
All Population,Prevalence,Rate,Alzheimer's disease and other dementias,United States of America,90-94 years,Females,2023,"30,951.87","37,962.22","23,870.89"
All Population,Prevalence,Rate,Alzheimer's disease and other dementias,United States of America,95+ years,Females,2023,"36,564.33","47,311.56","27,674.41"
All Population,Prevalence,Rate,Parkinson's disease,United States of America,<5 years,Females,2023,0,0,0
All Population,Prevalence,Rate,Parkinson's disease,United States of America,5-9 years,Females,2023,0,0,0
All Population,Prevalence,Rate,Parkinson's disease,United States of America,10-14 years,Females,2023,0,0,0
All Population,Prevalence,Rate,Parkinson's disease,United States of America,15-19 years,Females,2023,0,0,0
All Population,Prevalence,Rate,Parkinson's disease,United States of America,20-24 years,Females,2023,0.1,0.17,0.04
All Population,Prevalence,Rate,Parkinson's disease,United States of America,25-29 years,Females,2023,0.68,1.2,0.26
All Population,Prevalence,Rate,Parkinson's disease,United States of America,30-34 years,Females,2023,1.92,2.99,1.03
All Population,Prevalence,Rate,Parkinson's disease,United States of America,35-39 years,Females,2023,4.14,5.5,2.92
All Population,Prevalence,Rate,Parkinson's disease,United States of America,40-44 years,Females,2023,8.57,11.12,6.5
All Population,Prevalence,Rate,Parkinson's disease,United States of America,45-49 years,Females,2023,19.56,23.73,16.07
All Population,Prevalence,Rate,Parkinson's disease,United States of America,50-54 years,Females,2023,40.53,48.77,33.23
All Population,Prevalence,Rate,Parkinson's disease,United States of America,55-59 years,Females,2023,82.82,97.83,69.7
All Population,Prevalence,Rate,Parkinson's disease,United States of America,60-64 years,Females,2023,182.45,212.54,152.7
All Population,Prevalence,Rate,Parkinson's disease,United States of America,65-69 years,Females,2023,465.07,545.36,395.67
All Population,Prevalence,Rate,Parkinson's disease,United States of America,70-74 years,Females,2023,933.07,"1,092.22",791.29
All Population,Prevalence,Rate,Parkinson's disease,United States of America,75-79 years,Females,2023,"1,494.52","1,727.77","1,299.65"
All Population,Prevalence,Rate,Parkinson's disease,United States of America,All ages,Females,2023,243.63,277.22,216.73
All Population,Prevalence,Rate,Parkinson's disease,United States of America,80-84 years,Females,2023,"2,002.14","2,294.70","1,683.10"
All Population,Prevalence,Rate,Parkinson's disease,United States of America,85-89 years,Females,2023,"2,161.02","2,475.57","1,850.98"
All Population,Prevalence,Rate,Parkinson's disease,United States of America,90-94 years,Females,2023,"1,975.76","2,302.55","1,640.25"
All Population,Prevalence,Rate,Parkinson's disease,United States of America,95+ years,Females,2023,"1,616.96","1,993.63","1,244.27"
All Population,Prevalence,Rate,Idiopathic epilepsy,United States of America,<5 years,Females,2023,198.56,285.29,118.57
All Population,Prevalence,Rate,Idiopathic epilepsy,United States of America,5-9 years,Females,2023,255.12,397.13,147.32
All Population,Prevalence,Rate,Idiopathic epilepsy,United States of America,10-14 years,Females,2023,307.57,492.81,170.96
All Population,Prevalence,Rate,Idiopathic epilepsy,United States of America,15-19 years,Females,2023,346.55,511.46,201.84
All Population,Prevalence,Rate,Idiopathic epilepsy,United States of America,20-24 years,Females,2023,377.41,582.69,223.43
All Population,Prevalence,Rate,Idiopathic epilepsy,United States of America,25-29 years,Females,2023,401.37,584.99,225.67
All Population,Prevalence,Rate,Idiopathic epilepsy,United States of America,30-34 years,Females,2023,418.04,600.72,250.73
All Population,Prevalence,Rate,Idiopathic epilepsy,United States of America,35-39 years,Females,2023,422.06,602.5,249.5
All Population,Prevalence,Rate,Idiopathic epilepsy,United States of America,40-44 years,Females,2023,416.88,616.19,241.73
All Population,Prevalence,Rate,Idiopathic epilepsy,United States of America,45-49 years,Females,2023,406.06,598.12,241.73
All Population,Prevalence,Rate,Idiopathic epilepsy,United States of America,50-54 years,Females,2023,397.62,581.87,230.45
All Population,Prevalence,Rate,Idiopathic epilepsy,United States of America,55-59 years,Females,2023,409.67,607.98,251.72
All Population,Prevalence,Rate,Idiopathic epilepsy,United States of America,60-64 years,Females,2023,444.83,673.8,272.47
All Population,Prevalence,Rate,Idiopathic epilepsy,United States of America,65-69 years,Females,2023,483.47,727.95,288.22
All Population,Prevalence,Rate,Idiopathic epilepsy,United States of America,70-74 years,Females,2023,515.86,761.31,310.22
All Population,Prevalence,Rate,Idiopathic epilepsy,United States of America,75-79 years,Females,2023,557.17,813.77,336.35
All Population,Prevalence,Rate,Idiopathic epilepsy,United States of America,All ages,Females,2023,405.77,552.63,254.83
All Population,Prevalence,Rate,Idiopathic epilepsy,United States of America,80-84 years,Females,2023,607.35,891.08,353.66
All Population,Prevalence,Rate,Idiopathic epilepsy,United States of America,85-89 years,Females,2023,656.1,997.01,375.8
All Population,Prevalence,Rate,Idiopathic epilepsy,United States of America,90-94 years,Females,2023,709.36,"1,070.56",382.54
All Population,Prevalence,Rate,Idiopathic epilepsy,United States of America,95+ years,Females,2023,788.94,"1,245.64",430.27
All Population,Prevalence,Rate,Multiple sclerosis,United States of America,<5 years,Females,2023,0,0,0
All Population,Prevalence,Rate,Multiple sclerosis,United States of America,5-9 years,Females,2023,0.48,0.79,0.22
All Population,Prevalence,Rate,Multiple sclerosis,United States of America,10-14 years,Females,2023,4.03,5.6,2.82
All Population,Prevalence,Rate,Multiple sclerosis,United States of America,15-19 years,Females,2023,18.08,23.8,13.98
All Population,Prevalence,Rate,Multiple sclerosis,United States of America,20-24 years,Females,2023,60.77,77.98,48.46
All Population,Prevalence,Rate,Multiple sclerosis,United States of America,25-29 years,Females,2023,135.43,162.7,109.04
All Population,Prevalence,Rate,Multiple sclerosis,United States of America,30-34 years,Females,2023,216.71,244.97,187.61
All Population,Prevalence,Rate,Multiple sclerosis,United States of America,35-39 years,Females,2023,280.38,311.52,248.68
All Population,Prevalence,Rate,Multiple sclerosis,United States of America,40-44 years,Females,2023,321.54,350.03,296.1
All Population,Prevalence,Rate,Multiple sclerosis,United States of America,45-49 years,Females,2023,339.76,364.99,314.86
All Population,Prevalence,Rate,Multiple sclerosis,United States of America,50-54 years,Females,2023,339.92,365.26,315.43
All Population,Prevalence,Rate,Multiple sclerosis,United States of America,55-59 years,Females,2023,332.52,357.44,309.01
All Population,Prevalence,Rate,Multiple sclerosis,United States of America,60-64 years,Females,2023,318.68,343.98,296.33
All Population,Prevalence,Rate,Multiple sclerosis,United States of America,65-69 years,Females,2023,296.13,318.64,275.43
All Population,Prevalence,Rate,Multiple sclerosis,United States of America,70-74 years,Females,2023,265.69,287.13,246.43
All Population,Prevalence,Rate,Multiple sclerosis,United States of America,75-79 years,Females,2023,228.13,246.95,210.67
All Population,Prevalence,Rate,Multiple sclerosis,United States of America,All ages,Females,2023,196.25,210.6,183.49
All Population,Prevalence,Rate,Multiple sclerosis,United States of America,80-84 years,Females,2023,187.75,204.42,170.31
All Population,Prevalence,Rate,Multiple sclerosis,United States of America,85-89 years,Females,2023,148.22,164.84,130.76
All Population,Prevalence,Rate,Multiple sclerosis,United States of America,90-94 years,Females,2023,112.65,130.17,92.87
All Population,Prevalence,Rate,Multiple sclerosis,United States of America,95+ years,Females,2023,83.31,100.9,63.2
All Population,Prevalence,Rate,Motor neuron disease,United States of America,<5 years,Females,2023,2.97,3.45,2.55
All Population,Prevalence,Rate,Motor neuron disease,United States of America,5-9 years,Females,2023,4.48,5.29,3.83
All Population,Prevalence,Rate,Motor neuron disease,United States of America,10-14 years,Females,2023,4.52,5.37,3.86
All Population,Prevalence,Rate,Motor neuron disease,United States of America,15-19 years,Females,2023,4.48,5.33,3.8
All Population,Prevalence,Rate,Motor neuron disease,United States of America,20-24 years,Females,2023,4.42,5.23,3.75
All Population,Prevalence,Rate,Motor neuron disease,United States of America,25-29 years,Females,2023,4.3,5.08,3.68
All Population,Prevalence,Rate,Motor neuron disease,United States of America,30-34 years,Females,2023,4.17,4.87,3.57
All Population,Prevalence,Rate,Motor neuron disease,United States of America,35-39 years,Females,2023,4.31,5.15,3.63
All Population,Prevalence,Rate,Motor neuron disease,United States of America,40-44 years,Females,2023,5.07,6.37,4.07
All Population,Prevalence,Rate,Motor neuron disease,United States of America,45-49 years,Females,2023,6.45,8.39,4.88
All Population,Prevalence,Rate,Motor neuron disease,United States of America,50-54 years,Females,2023,8.94,11.2,6.96
All Population,Prevalence,Rate,Motor neuron disease,United States of America,55-59 years,Females,2023,12.4,15.13,9.99
All Population,Prevalence,Rate,Motor neuron disease,United States of America,60-64 years,Females,2023,16.5,20.18,13.44
All Population,Prevalence,Rate,Motor neuron disease,United States of America,65-69 years,Females,2023,24.04,30,19.35
All Population,Prevalence,Rate,Motor neuron disease,United States of America,70-74 years,Females,2023,31.98,39.54,25.88
All Population,Prevalence,Rate,Motor neuron disease,United States of America,75-79 years,Females,2023,34.88,43.25,27.21
All Population,Prevalence,Rate,Motor neuron disease,United States of America,All ages,Females,2023,10.73,11.65,9.79
All Population,Prevalence,Rate,Motor neuron disease,United States of America,80-84 years,Females,2023,30.2,37.69,23.61
All Population,Prevalence,Rate,Motor neuron disease,United States of America,85-89 years,Females,2023,27.01,33.97,20.88
All Population,Prevalence,Rate,Motor neuron disease,United States of America,90-94 years,Females,2023,20.9,28.03,15.19
All Population,Prevalence,Rate,Motor neuron disease,United States of America,95+ years,Females,2023,20,29.77,12.25