cause_id,cause_name,parent_id,level,sex,age,val,upper,lower
295,"Communicable, maternal, neonatal, and nutritional diseases",294,1,Both,<5 years,24702.83340768412,26643.269231020473,22872.82556111808
295,"Communicable, maternal, neonatal, and nutritional diseases",294,1,Both,5-9 years,19921.03561856867,22646.14515513882,17913.46019008978
295,"Communicable, maternal, neonatal, and nutritional diseases",294,1,Both,10-14 years,23739.01272684777,26662.979564339726,20866.66682758751
295,"Communicable, maternal, neonatal, and nutritional diseases",294,1,Both,15-19 years,32339.74774342112,36677.61793834715,28918.42159732276
295,"Communicable, maternal, neonatal, and nutritional diseases",294,1,Both,20-24 years,40533.28442150866,45094.62565376255,36521.99104334596
295,"Communicable, maternal, neonatal, and nutritional diseases",294,1,Both,25-29 years,45599.498922846185,49131.525054990336,41806.111066763864
295,"Communicable, maternal, neonatal, and nutritional diseases",294,1,Both,30-34 years,49413.01606520902,53910.71056659281,44675.966044353496
295,"Communicable, maternal, neonatal, and nutritional diseases",294,1,Both,35-39 years,52191.578638487365,57316.98447834821,47168.896870618686
295,"Communicable, maternal, neonatal, and nutritional diseases",294,1,Both,40-44 years,52394.02615980144,57823.812403567485,47568.12058379659
295,"Communicable, maternal, neonatal, and nutritional diseases",294,1,Both,45-49 years,51290.49835013064,56628.627718317795,46379.70652615907
295,"Communicable, maternal, neonatal, and nutritional diseases",294,1,Both,50-54 years,48411.40455976317,54113.602731951,42989.21056670032
295,"Communicable, maternal, neonatal, and nutritional diseases",294,1,Both,55-59 years,48522.30089588859,53788.391668710356,43508.7089739311
295,"Communicable, maternal, neonatal, and nutritional diseases",294,1,Both,60-64 years,47238.08980541522,52626.626317733695,42725.39849399487
295,"Communicable, maternal, neonatal, and nutritional diseases",294,1,Both,65-69 years,44780.0974076025,49642.39592947976,40265.3735392089
295,"Communicable, maternal, neonatal, and nutritional diseases",294,1,Both,70-74 years,42272.55562862105,47245.35347946775,37901.91546614585
295,"Communicable, maternal, neonatal, and nutritional diseases",294,1,Both,75-79 years,40233.65302204911,44747.93137532228,35556.23025843206
295,"Communicable, maternal, neonatal, and nutritional diseases",294,1,Both,80-84 years,38795.92837205372,42459.046650690216,34977.57688322678
295,"Communicable, maternal, neonatal, and nutritional diseases",294,1,Both,85-89 years,36741.24872099756,40218.1542900851,33391.99043668038
295,"Communicable, maternal, neonatal, and nutritional diseases",294,1,Both,90-94 years,36183.84928195921,39794.9511224584,32250.61541797793
295,"Communicable, maternal, neonatal, and nutritional diseases",294,1,Both,95+ years,35512.87153320772,39182.16047817069,31894.60880078182
295,"Communicable, maternal, neonatal, and nutritional diseases",294,1,Female,<5 years,23540.9884729224,26273.709906070257,21259.45254225396
295,"Communicable, maternal, neonatal, and nutritional diseases",294,1,Female,5-9 years,19724.19705211109,22761.91807407674,17014.36397148598
295,"Communicable, maternal, neonatal, and nutritional diseases",294,1,Female,10-14 years,24453.87728450987,28455.654674383008,20922.94069123265
295,"Communicable, maternal, neonatal, and nutritional diseases",294,1,Female,15-19 years,35289.97427229814,40769.7012211078,30897.08576106973
295,"Communicable, maternal, neonatal, and nutritional diseases",294,1,Female,20-24 years,43854.95535916527,48733.26253594749,39988.64025154861
295,"Communicable, maternal, neonatal, and nutritional diseases",294,1,Female,25-29 years,50245.96550741704,54136.45533802012,46071.20508224704
295,"Communicable, maternal, neonatal, and nutritional diseases",294,1,Female,30-34 years,55506.28056942782,61028.95048318137,50172.76077260578
295,"Communicable, maternal, neonatal, and nutritional diseases",294,1,Female,35-39 years,58927.72355781888,64226.43105878082,54352.72827284916
295,"Communicable, maternal, neonatal, and nutritional diseases",294,1,Female,40-44 years,58569.831616463474,64045.0211972072,53500.90302562014
295,"Communicable, maternal, neonatal, and nutritional diseases",294,1,Female,45-49 years,55876.43441518595,60637.049710765525,51350.26603348681
295,"Communicable, maternal, neonatal, and nutritional diseases",294,1,Female,50-54 years,51840.23463320714,56767.07438184055,46793.75757569429
295,"Communicable, maternal, neonatal, and nutritional diseases",294,1,Female,55-59 years,50101.440225439655,54588.76883218655,45363.121394485526
295,"Communicable, maternal, neonatal, and nutritional diseases",294,1,Female,60-64 years,48458.74455254699,53658.26352924302,44150.946346322475
295,"Communicable, maternal, neonatal, and nutritional diseases",294,1,Female,65-69 years,45336.370175804106,49802.69051601034,40846.90699695673
295,"Communicable, maternal, neonatal, and nutritional diseases",294,1,Female,70-74 years,42722.749346921366,46827.0551126527,38582.16932381548
295,"Communicable, maternal, neonatal, and nutritional diseases",294,1,Female,75-79 years,40163.81777625706,45096.00867394799,35725.371539621556
295,"Communicable, maternal, neonatal, and nutritional diseases",294,1,Female,80-84 years,37911.682544947325,42343.06435599952,34163.40974423157
295,"Communicable, maternal, neonatal, and nutritional diseases",294,1,Female,85-89 years,37013.02937702954,41670.12171547947,33186.26910173378
295,"Communicable, maternal, neonatal, and nutritional diseases",294,1,Female,90-94 years,36034.22321200619,40089.47828717711,32296.8011021665
295,"Communicable, maternal, neonatal, and nutritional diseases",294,1,Female,95+ years,35506.205165392006,39767.23944890086,31326.25694647676
295,"Communicable, maternal, neonatal, and nutritional diseases",294,1,Male,<5 years,25814.50876670525,28819.526831131283,23427.43932248375
295,"Communicable, maternal, neonatal, and nutritional diseases",294,1,Male,5-9 years,20109.03696231665,23577.26304243186,17447.42003494279
295,"Communicable, maternal, neonatal, and nutritional diseases",294,1,Male,10-14 years,23058.61357824873,26580.6969555572,20032.48147948585
295,"Communicable, maternal, neonatal, and nutritional diseases",294,1,Male,15-19 years,29528.73876791805,34379.68427593866,25507.78293723433
295,"Communicable, maternal, neonatal, and nutritional diseases",294,1,Male,20-24 years,37335.26894456542,42648.9659550332,33143.46991327219
295,"Communicable, maternal, neonatal, and nutritional diseases",294,1,Male,25-29 years,41105.59256672967,45353.59556284559,36647.30475039447
295,"Communicable, maternal, neonatal, and nutritional diseases",294,1,Male,30-34 years,43470.66341487566,48518.2963452431,38641.78030317274
295,"Communicable, maternal, neonatal, and nutritional diseases",294,1,Male,35-39 years,45628.33608048516,51792.04324255753,40115.84639291647
295,"Communicable, maternal, neonatal, and nutritional diseases",294,1,Male,40-44 years,46305.42328424233,52534.547533197365,41198.77818658456
295,"Communicable, maternal, neonatal, and nutritional diseases",294,1,Male,45-49 years,46713.54246606589,52932.753883500794,40305.52131231069
295,"Communicable, maternal, neonatal, and nutritional diseases",294,1,Male,50-54 years,44974.960338041,51516.296480747405,39366.91400012259
295,"Communicable, maternal, neonatal, and nutritional diseases",294,1,Male,55-59 years,46910.02782967106,53307.5258642462,41655.46645354889
295,"Communicable, maternal, neonatal, and nutritional diseases",294,1,Male,60-64 years,45956.83872080703,52734.05847770781,40776.12146498316
295,"Communicable, maternal, neonatal, and nutritional diseases",294,1,Male,65-69 years,44170.66774315732,50219.17737276149,38598.35958759615
295,"Communicable, maternal, neonatal, and nutritional diseases",294,1,Male,70-74 years,41754.54198570278,47477.04644592306,36543.40332170416
295,"Communicable, maternal, neonatal, and nutritional diseases",294,1,Male,75-79 years,40317.73034572847,45941.62644712176,34949.20187785454
295,"Communicable, maternal, neonatal, and nutritional diseases",294,1,Male,80-84 years,39970.41058776672,45664.09243143365,34500.609966633114
295,"Communicable, maternal, neonatal, and nutritional diseases",294,1,Male,85-89 years,36326.11253619089,42211.15354815027,31448.87127819136
295,"Communicable, maternal, neonatal, and nutritional diseases",294,1,Male,90-94 years,36473.776485121736,44627.62819060794,30607.641568024057
295,"Communicable, maternal, neonatal, and nutritional diseases",294,1,Male,95+ years,35530.68608590338,43311.91719163416,30468.72658093305
410,Neoplasms,409,2,Both,<5 years,1000.17737553718,1228.27562390907,807.62153988192
410,Neoplasms,409,2,Both,5-9 years,821.6141755987901,1047.73166363703,647.11204882506
410,Neoplasms,409,2,Both,10-14 years,736.19915197236,1003.24193906286,524.01856883884
410,Neoplasms,409,2,Both,15-19 years,992.41505437003,1324.33224138139,725.99644407683
410,Neoplasms,409,2,Both,20-24 years,1450.17615876337,1947.55189061497,1098.83397180323
410,Neoplasms,409,2,Both,25-29 years,2231.99009388188,2793.28625419645,1729.8333056400402
410,Neoplasms,409,2,Both,30-34 years,3172.93335603231,3940.5784503782097,2497.32924261905
410,Neoplasms,409,2,Both,35-39 years,4208.4572715551,5296.744939553169,3397.0664690325
410,Neoplasms,409,2,Both,40-44 years,5471.47478049048,6933.76910382295,4417.2565265148605
410,Neoplasms,409,2,Both,45-49 years,6978.71818187884,8441.95623837187,5671.82621809017
410,Neoplasms,409,2,Both,50-54 years,9178.58902432361,11376.50182178235,7482.22724528698
410,Neoplasms,409,2,Both,55-59 years,12240.116627951831,14255.89768940782,10444.28424482509
410,Neoplasms,409,2,Both,60-64 years,15942.518360297512,18644.429254786988,13472.06725022008
410,Neoplasms,409,2,Both,65-69 years,19259.740985774828,22202.05893116959,16522.61039223822
410,Neoplasms,409,2,Both,70-74 years,21990.01821110375,25500.6229647059,19128.748837816813
410,Neoplasms,409,2,Both,75-79 years,24045.67805184081,26971.71193360326,21253.50512143951
410,Neoplasms,409,2,Both,80-84 years,24790.39813581013,28353.90500922045,21606.38314058856
410,Neoplasms,409,2,Both,85-89 years,25891.66782246389,29176.648946646437,23039.85979270184
410,Neoplasms,409,2,Both,90-94 years,23195.448757571772,26532.026086245107,20337.6431769624
410,Neoplasms,409,2,Both,95+ years,22995.34043288748,27322.958162190404,19493.24539254071
410,Neoplasms,409,2,Female,<5 years,1109.8330844491,1357.50461828806,905.66102295558
410,Neoplasms,409,2,Female,5-9 years,913.54525681396,1166.5415673744,708.67583963609
410,Neoplasms,409,2,Female,10-14 years,825.0145597203299,1114.62946964308,585.577817137
410,Neoplasms,409,2,Female,15-19 years,1223.58836160372,1644.66601699122,885.7110369074601
410,Neoplasms,409,2,Female,20-24 years,1918.13221602258,2607.61323747139,1451.66565120994
410,Neoplasms,409,2,Female,25-29 years,3118.37875628735,3948.95235710566,2420.5500722166403
410,Neoplasms,409,2,Female,30-34 years,4541.69755612726,5683.2503785362305,3597.0710881075097
410,Neoplasms,409,2,Female,35-39 years,6086.57945828516,7619.08440780083,4952.27773432991
410,Neoplasms,409,2,Female,40-44 years,7799.219068837369,9932.92801236908,6382.3620343045395
410,Neoplasms,409,2,Female,45-49 years,9543.94682185273,11469.17102246636,7822.2108114303
410,Neoplasms,409,2,Female,50-54 years,11504.33732680581,14164.736244958178,9396.4771695947
410,Neoplasms,409,2,Female,55-59 years,13799.87355384068,16143.30973088483,11906.26258131064
410,Neoplasms,409,2,Female,60-64 years,16189.57801146705,19316.43039321071,13688.15858632279
410,Neoplasms,409,2,Female,65-69 years,18138.034199461308,21361.82574559679,15629.91511660587
410,Neoplasms,409,2,Female,70-74 years,19813.448126559368,23517.052387752472,17075.663640614137
410,Neoplasms,409,2,Female,75-79 years,21051.380341424,23756.42522846611,18587.78949232139
410,Neoplasms,409,2,Female,80-84 years,21252.57574015061,24375.45621058537,18280.15789741143
410,Neoplasms,409,2,Female,85-89 years,22537.4656652089,25517.2701810568,19702.93577356014
410,Neoplasms,409,2,Female,90-94 years,19956.55139250121,22966.21817749478,17299.03458166415
410,Neoplasms,409,2,Female,95+ years,20546.44447253928,24321.99961905443,17397.26044274299
410,Neoplasms,409,2,Male,<5 years,895.2567050361799,1124.3433412955,719.4172086864301
410,Neoplasms,409,2,Male,5-9 years,733.81041279105,935.20865217034,585.20950828356
410,Neoplasms,409,2,Male,10-14 years,651.6657572663399,903.59570282072,461.6064763147499
410,Neoplasms,409,2,Male,15-19 years,772.15053055463,1006.91585719118,570.30792995001
410,Neoplasms,409,2,Male,20-24 years,999.64064765098,1342.92930359606,756.44636397168
410,Neoplasms,409,2,Male,25-29 years,1374.70476287341,1757.38607504531,1030.34159897787
410,Neoplasms,409,2,Male,30-34 years,1838.06933257097,2310.00675849098,1414.84157847174
410,Neoplasms,409,2,Male,35-39 years,2378.54244450025,3031.48169180922,1852.80244504207
410,Neoplasms,409,2,Male,40-44 years,3176.59831991372,4139.96202847307,2465.7675745800902
410,Neoplasms,409,2,Male,45-49 years,4418.5127731803805,5413.5787515265,3534.3504736936397
410,Neoplasms,409,2,Male,50-54 years,6847.676105323911,8395.33564743836,5650.584134154949
410,Neoplasms,409,2,Male,55-59 years,10647.63264987766,12348.55453026232,8837.124926701501
410,Neoplasms,409,2,Male,60-64 years,15683.19405359434,18203.96707160563,13150.36735871048
410,Neoplasms,409,2,Male,65-69 years,20488.63700489683,23284.46496907546,17361.331120673047
410,Neoplasms,409,2,Male,70-74 years,24494.48007436231,27995.74734493554,21334.26729189171
410,Neoplasms,409,2,Male,75-79 years,27650.627600392007,30910.571929736252,24283.29969215634
410,Neoplasms,409,2,Male,80-84 years,29489.441499860142,33607.48541511367,25619.435585969568
410,Neoplasms,409,2,Male,85-89 years,31015.10341557408,35011.36185641413,27368.8562542578
410,Neoplasms,409,2,Male,90-94 years,29471.39020735043,33650.01484055773,25794.13823966341
410,Neoplasms,409,2,Male,95+ years,29539.53171337121,35379.73404982769,24710.60918048221
491,Cardiovascular diseases,409,2,Both,<5 years,648.18342445186,825.56943009974,503.9928784846
491,Cardiovascular diseases,409,2,Both,5-9 years,792.21403628235,1071.0454368220298,574.20708903895
491,Cardiovascular diseases,409,2,Both,10-14 years,865.95372316149,1201.21279965785,635.74865828772
491,Cardiovascular diseases,409,2,Both,15-19 years,1118.38539393164,1653.1476977861,815.5878537026999
491,Cardiovascular diseases,409,2,Both,20-24 years,1227.18215533313,1663.88374397137,946.10133078418
491,Cardiovascular diseases,409,2,Both,25-29 years,1657.33001038529,2170.60141017262,1288.2871663793098
491,Cardiovascular diseases,409,2,Both,30-34 years,2312.62572331001,3072.24327899674,1784.97339889535
491,Cardiovascular diseases,409,2,Both,35-39 years,3268.36806791834,4157.87404429128,2614.8693371957197
491,Cardiovascular diseases,409,2,Both,40-44 years,5268.6886140302,6589.0431089168105,4306.21299860822
491,Cardiovascular diseases,409,2,Both,45-49 years,8157.472465129919,9716.7748757181,7008.739749182801
491,Cardiovascular diseases,409,2,Both,50-54 years,12256.284631461427,13976.40111536824,10651.86067252384
491,Cardiovascular diseases,409,2,Both,55-59 years,17877.20077411353,20203.08410489983,16088.24794374153
491,Cardiovascular diseases,409,2,Both,60-64 years,25716.11370634193,28950.53667959492,23194.683778290408
491,Cardiovascular diseases,409,2,Both,65-69 years,37245.11108097,41203.49940902649,34037.80139996662
491,Cardiovascular diseases,409,2,Both,70-74 years,48790.72539616232,52534.53613321527,45288.48307636209
491,Cardiovascular diseases,409,2,Both,75-79 years,58989.578540821894,62871.76566599049,55270.721195863815
491,Cardiovascular diseases,409,2,Both,80-84 years,67401.36155541481,71190.41162441646,63261.8361283364
491,Cardiovascular diseases,409,2,Both,85-89 years,74330.26170959964,78701.68296495652,69660.9820130047
491,Cardiovascular diseases,409,2,Both,90-94 years,79184.29638399977,84787.82755177337,74233.81719487222
491,Cardiovascular diseases,409,2,Both,95+ years,82098.16299038159,88644.25250655867,75381.36460446854
491,Cardiovascular diseases,409,2,Female,<5 years,538.9652220496799,686.78188699268,420.55237080629
491,Cardiovascular diseases,409,2,Female,5-9 years,739.57094874367,1025.62001368241,521.53677144649
491,Cardiovascular diseases,409,2,Female,10-14 years,824.96534598644,1167.99817757231,596.36490949071
491,Cardiovascular diseases,409,2,Female,15-19 years,1130.23048538606,1684.4731626612,787.7801155932699
491,Cardiovascular diseases,409,2,Female,20-24 years,1261.7874766313698,1775.0573171034698,940.82430264185
491,Cardiovascular diseases,409,2,Female,25-29 years,1754.5185250460602,2412.6308144452,1307.94685189522
491,Cardiovascular diseases,409,2,Female,30-34 years,2415.47672177026,3400.26815554455,1766.23716193133
491,Cardiovascular diseases,409,2,Female,35-39 years,3265.82717936999,4317.10687502058,2487.24335004583
491,Cardiovascular diseases,409,2,Female,40-44 years,4997.73832111786,6472.479956847341,3947.4852244533504
491,Cardiovascular diseases,409,2,Female,45-49 years,7258.2151339191105,9019.35716998725,6010.39839754881
491,Cardiovascular diseases,409,2,Female,50-54 years,10293.3104683362,12140.93575408867,8802.28493795785
491,Cardiovascular diseases,409,2,Female,55-59 years,14253.76381674771,16829.36970676436,12599.0187151851
491,Cardiovascular diseases,409,2,Female,60-64 years,20377.71983635849,23430.14142303555,18190.61845548745
491,Cardiovascular diseases,409,2,Female,65-69 years,30767.19572202744,34730.24804774901,27873.78096447272
491,Cardiovascular diseases,409,2,Female,70-74 years,41990.85002696989,45903.43643473028,38458.86358254969
491,Cardiovascular diseases,409,2,Female,75-79 years,52857.59849691474,56739.21704894608,48967.13589604919
491,Cardiovascular diseases,409,2,Female,80-84 years,62485.44181184358,66981.56629548594,57670.850199995395
491,Cardiovascular diseases,409,2,Female,85-89 years,71013.72517715578,75742.91857152637,66093.80723714549
491,Cardiovascular diseases,409,2,Female,90-94 years,77324.29920044311,83960.22937244702,72077.7149659144
491,Cardiovascular diseases,409,2,Female,95+ years,81260.89753736499,88609.07959508085,73713.77059348924
491,Cardiovascular diseases,409,2,Male,<5 years,752.68548039272,954.65655100482,581.26551684151
491,Cardiovascular diseases,409,2,Male,5-9 years,842.49367088052,1126.58106517807,628.51994778707
491,Cardiovascular diseases,409,2,Male,10-14 years,904.96594811158,1234.15850246762,673.3520179926
491,Cardiovascular diseases,409,2,Male,15-19 years,1107.0992577424,1596.61785549728,828.2380376018399
491,Cardiovascular diseases,409,2,Male,20-24 years,1193.8650823378,1578.00374528288,938.66372875235
491,Cardiovascular diseases,409,2,Male,25-29 years,1563.33254460648,1972.04500895015,1264.21608341454
491,Cardiovascular diseases,409,2,Male,30-34 years,2212.32203505448,2779.69299170482,1793.65279410436
491,Cardiovascular diseases,409,2,Male,35-39 years,3270.84373731907,4033.3339895426298,2709.3392584306102
491,Cardiovascular diseases,409,2,Male,40-44 years,5535.81307967866,6729.39522711489,4626.3963445095205
491,Cardiovascular diseases,409,2,Male,45-49 years,9054.96887044103,10494.37579704102,7854.852738868371
491,Cardiovascular diseases,409,2,Male,50-54 years,14223.6178255168,16027.52026765589,12499.94412062464
491,Cardiovascular diseases,409,2,Male,55-59 years,21576.66522552392,24174.95864200426,19596.781468738332
491,Cardiovascular diseases,409,2,Male,60-64 years,31319.51872488089,35097.79651352846,28367.769845111612
491,Cardiovascular diseases,409,2,Male,65-69 years,44342.04986563805,48419.78031346347,40873.77698962193
491,Cardiovascular diseases,409,2,Male,70-74 years,56614.97542053898,60337.80855641691,53087.13508966323
491,Cardiovascular diseases,409,2,Male,75-79 years,66372.10387025251,69880.44141285657,62710.22283866009
491,Cardiovascular diseases,409,2,Male,80-84 years,73930.83575332018,77447.62206961981,70262.32274076187
491,Cardiovascular diseases,409,2,Male,85-89 years,79396.16427585369,83106.27017000364,75231.74468719498
491,Cardiovascular diseases,409,2,Male,90-94 years,82788.37274240579,86855.98555544525,78685.70138547524
491,Cardiovascular diseases,409,2,Male,95+ years,84335.58971891533,89143.38217998673,79227.65419458394
508,Chronic respiratory diseases,409,2,Both,<5 years,7601.12120374592,11036.98159213843,5242.5062885674
508,Chronic respiratory diseases,409,2,Both,5-9 years,14775.5096757674,20539.84590393464,10240.60083235541
508,Chronic respiratory diseases,409,2,Both,10-14 years,14682.12413460564,19983.31043388499,10863.11626651064
508,Chronic respiratory diseases,409,2,Both,15-19 years,13442.33127175953,17673.149169105072,10122.885661486873
508,Chronic respiratory diseases,409,2,Both,20-24 years,11632.41053783705,15105.602392635608,8774.76168179776
508,Chronic respiratory diseases,409,2,Both,25-29 years,10353.10801595014,13424.24738046962,7753.34216050049
508,Chronic respiratory diseases,409,2,Both,30-34 years,9682.02899849763,12444.62684860326,7391.718075778859
508,Chronic respiratory diseases,409,2,Both,35-39 years,9653.0858951615,12550.3289569826,7396.1123424692
508,Chronic respiratory diseases,409,2,Both,40-44 years,10305.05894407951,13289.95762069591,7971.53000932021
508,Chronic respiratory diseases,409,2,Both,45-49 years,11957.75688312734,15152.42123483516,9596.198700440453
508,Chronic respiratory diseases,409,2,Both,50-54 years,14143.75269135418,17361.910232042323,11358.33572766847
508,Chronic respiratory diseases,409,2,Both,55-59 years,16264.25876428052,19715.72148031243,13759.41985754258
508,Chronic respiratory diseases,409,2,Both,60-64 years,19043.80867970529,22249.54782186441,16543.82609322523
508,Chronic respiratory diseases,409,2,Both,65-69 years,24779.36355755422,27796.51056673804,22162.899402941748
508,Chronic respiratory diseases,409,2,Both,70-74 years,31384.84991232946,34553.50829530667,28751.90871796716
508,Chronic respiratory diseases,409,2,Both,75-79 years,38004.123518302455,41410.81055405544,35034.23776446273
508,Chronic respiratory diseases,409,2,Both,80-84 years,42913.43616332071,46140.54992368759,39638.901371063286
508,Chronic respiratory diseases,409,2,Both,85-89 years,45897.97669670012,50040.97321101717,41854.93626860558
508,Chronic respiratory diseases,409,2,Both,90-94 years,47371.22358846719,52566.65464567392,42935.8756732107
508,Chronic respiratory diseases,409,2,Both,95+ years,48083.778607508146,54048.36750347152,42906.619089180946
508,Chronic respiratory diseases,409,2,Female,<5 years,6213.38854593209,9075.6491269552,4218.14965349198
508,Chronic respiratory diseases,409,2,Female,5-9 years,12853.371818565707,17851.60731484366,8861.62603060179
508,Chronic respiratory diseases,409,2,Female,10-14 years,13730.37791571845,18510.26894102405,10128.86489725022
508,Chronic respiratory diseases,409,2,Female,15-19 years,13726.92712164983,17722.67668610888,10544.20444428617
508,Chronic respiratory diseases,409,2,Female,20-24 years,12879.98888041745,16702.950688452052,9848.19665813612
508,Chronic respiratory diseases,409,2,Female,25-29 years,12062.53965634354,15784.4746903225,9061.47552475976
508,Chronic respiratory diseases,409,2,Female,30-34 years,11528.04926846485,14742.045079844693,8896.01878088737
508,Chronic respiratory diseases,409,2,Female,35-39 years,11620.94597493854,15036.691168349282,8955.04253549301
508,Chronic respiratory diseases,409,2,Female,40-44 years,12433.16915908841,15907.732314501747,9621.39565677995
508,Chronic respiratory diseases,409,2,Female,45-49 years,14281.84069072769,17975.23279312982,11425.01899387383
508,Chronic respiratory diseases,409,2,Female,50-54 years,16579.30738937826,20313.8215437427,13347.365190347293
508,Chronic respiratory diseases,409,2,Female,55-59 years,18662.722078313825,22741.7774004414,15635.131050166632
508,Chronic respiratory diseases,409,2,Female,60-64 years,21251.621435184108,25017.68807433374,18275.33744546649
508,Chronic respiratory diseases,409,2,Female,65-69 years,26581.72852132402,30025.5914321659,23574.07908688933
508,Chronic respiratory diseases,409,2,Female,70-74 years,32728.75060152249,36185.56335208832,29745.33027863759
508,Chronic respiratory diseases,409,2,Female,75-79 years,38689.26725910305,42348.164764931425,35542.57085639616
508,Chronic respiratory diseases,409,2,Female,80-84 years,42740.42323902851,46350.4545956883,39405.52808272688
508,Chronic respiratory diseases,409,2,Female,85-89 years,45024.947260707835,49098.563397376936,40887.28094126111
508,Chronic respiratory diseases,409,2,Female,90-94 years,46258.51655972088,51190.70382353333,42137.67180387244
508,Chronic respiratory diseases,409,2,Female,95+ years,47019.64764646077,53067.454452975486,42143.0304255651
508,Chronic respiratory diseases,409,2,Male,<5 years,8928.930237846409,12917.38754498113,6246.23944549732
508,Chronic respiratory diseases,409,2,Male,5-9 years,16611.35163766607,22847.962177014,11526.69264587149
508,Chronic respiratory diseases,409,2,Male,10-14 years,15587.984286815428,21221.29338407676,11526.48811619719
508,Chronic respiratory diseases,409,2,Male,15-19 years,13171.16514922552,17385.09864726549,9753.12467000488
508,Chronic respiratory diseases,409,2,Male,20-24 years,10431.27565025966,14069.512004490867,7684.542264334041
508,Chronic respiratory diseases,409,2,Male,25-29 years,8699.8031714432,11239.747478784033,6328.788148477541
508,Chronic respiratory diseases,409,2,Male,30-34 years,7881.72910404634,10201.50262197829,5881.9762490147805
508,Chronic respiratory diseases,409,2,Male,35-39 years,7735.73655389047,10111.29302356852,5872.743873332221
508,Chronic respiratory diseases,409,2,Male,40-44 years,8206.99771699982,10735.07918973045,6324.9936228672295
508,Chronic respiratory diseases,409,2,Male,45-49 years,9638.22409693973,12325.516950923,7630.853247907469
508,Chronic respiratory diseases,409,2,Male,50-54 years,11702.78953790554,14376.716006407669,9415.95105508126
508,Chronic respiratory diseases,409,2,Male,55-59 years,13815.47053567873,16688.25345736478,11775.13734637993
508,Chronic respiratory diseases,409,2,Male,60-64 years,16726.394608104998,19414.196207819172,14599.104355498572
508,Chronic respiratory diseases,409,2,Male,65-69 years,22804.76631341969,25373.17918925306,20593.86225708825
508,Chronic respiratory diseases,409,2,Male,70-74 years,29838.49583533892,32617.7835236165,27446.17216370064
508,Chronic respiratory diseases,409,2,Male,75-79 years,37179.25276129678,40311.18291561826,34455.0683551639
508,Chronic respiratory diseases,409,2,Male,80-84 years,43143.23719425649,46261.1523872157,40071.41543125145
508,Chronic respiratory diseases,409,2,Male,85-89 years,47231.50099741083,51275.14178075029,43153.038164356025
508,Chronic respiratory diseases,409,2,Male,90-94 years,49527.29195867216,54951.36603445303,44325.9734279504
508,Chronic respiratory diseases,409,2,Male,95+ years,50927.4586450988,57083.813503132165,44692.2425130055
526,Digestive diseases,409,2,Both,<5 years,372.63092616497,434.4018611477901,313.81378915612
526,Digestive diseases,409,2,Both,5-9 years,927.5874505185,1110.59760380795,761.70416594586
526,Digestive diseases,409,2,Both,10-14 years,1701.14559379611,2053.00309384306,1398.70473909644
526,Digestive diseases,409,2,Both,15-19 years,8082.87823563918,9290.41298316813,7049.54578600859
526,Digestive diseases,409,2,Both,20-24 years,14837.83289496172,17240.32436446245,12812.85437524477
526,Digestive diseases,409,2,Both,25-29 years,21601.26473945245,25135.39650713076,18391.12788965458
526,Digestive diseases,409,2,Both,30-34 years,27047.538866059014,31690.34970525647,23380.28169302929
526,Digestive diseases,409,2,Both,35-39 years,30631.34096234905,35489.93751945856,26533.440674259306
526,Digestive diseases,409,2,Both,40-44 years,33265.79143700197,38670.49067887412,29256.88025698175
526,Digestive diseases,409,2,Both,45-49 years,35521.40948492139,40453.08882112985,31308.099217839892
526,Digestive diseases,409,2,Both,50-54 years,38134.1219945044,43716.64070330552,33159.50130567038
526,Digestive diseases,409,2,Both,55-59 years,41553.89911981019,46440.93105502853,37201.41448822745
526,Digestive diseases,409,2,Both,60-64 years,44247.85610634045,49799.0051772287,40136.5151283233
526,Digestive diseases,409,2,Both,65-69 years,47434.12777380306,52250.98940678223,42986.70409333215
526,Digestive diseases,409,2,Both,70-74 years,49787.61128754986,54337.77569199504,45435.01293629156
526,Digestive diseases,409,2,Both,75-79 years,51581.09754057216,56131.059191847286,47056.77044547274
526,Digestive diseases,409,2,Both,80-84 years,52447.39283962441,56923.05072516618,48192.11893781897
526,Digestive diseases,409,2,Both,85-89 years,51917.907086977786,56035.0681394268,48008.2396333281
526,Digestive diseases,409,2,Both,90-94 years,52045.77774360217,55914.364136568605,47485.53323812192
526,Digestive diseases,409,2,Both,95+ years,53707.1994657226,58204.84967024064,49682.04835166053
526,Digestive diseases,409,2,Female,<5 years,370.67324584431,448.99280330786,299.60508123169
526,Digestive diseases,409,2,Female,5-9 years,1089.47528459271,1317.77361608728,871.5433154917299
526,Digestive diseases,409,2,Female,10-14 years,1942.30052139226,2379.9424298487697,1596.5718538741
526,Digestive diseases,409,2,Female,15-19 years,7874.33894944162,9130.81750977801,6826.24161881529
526,Digestive diseases,409,2,Female,20-24 years,14485.078945741408,17039.07902178221,12335.98472572089
526,Digestive diseases,409,2,Female,25-29 years,21329.94743232656,25325.45995465714,18103.71439221181
526,Digestive diseases,409,2,Female,30-34 years,26706.14500523278,31348.98413494896,22706.00872890478
526,Digestive diseases,409,2,Female,35-39 years,30062.16930131173,35195.40473529935,25793.634385531223
526,Digestive diseases,409,2,Female,40-44 years,32441.58004485081,38173.30115361081,27866.20145565757
526,Digestive diseases,409,2,Female,45-49 years,34570.38434834071,39966.74996146766,29958.999722703276
526,Digestive diseases,409,2,Female,50-54 years,37203.3653703726,43250.73806668276,32100.99835035208
526,Digestive diseases,409,2,Female,55-59 years,40697.201786503065,46014.03109201488,35975.91701429813
526,Digestive diseases,409,2,Female,60-64 years,43552.51094431235,49866.786647967485,38840.97269005699
526,Digestive diseases,409,2,Female,65-69 years,46652.3982322758,52004.182930087794,41914.62768921467
526,Digestive diseases,409,2,Female,70-74 years,48843.37380133336,53835.36916295751,44422.256979365
526,Digestive diseases,409,2,Female,75-79 years,50449.72604553302,55136.938955282945,45400.87897596701
526,Digestive diseases,409,2,Female,80-84 years,51196.45657197635,55797.22445531005,46948.74563083288
526,Digestive diseases,409,2,Female,85-89 years,50675.14313876379,54828.621957584255,46234.87725724168
526,Digestive diseases,409,2,Female,90-94 years,51072.56631601812,55121.30363063643,45966.15923871465
526,Digestive diseases,409,2,Female,95+ years,53033.519945011474,57893.12886016278,48475.79300449352
526,Digestive diseases,409,2,Male,<5 years,374.50407197662,426.12516924449,323.73088863795
526,Digestive diseases,409,2,Male,5-9 years,772.967698454,914.06299038711,647.09375858058
526,Digestive diseases,409,2,Male,10-14 years,1471.6173486786,1726.8301441246,1215.0067847343998
526,Digestive diseases,409,2,Male,15-19 years,8281.57680997188,9589.79047711237,7129.39362752422
526,Digestive diseases,409,2,Male,20-24 years,15177.45491361818,17632.8999276052,12952.67932881137
526,Digestive diseases,409,2,Male,25-29 years,21863.67372245604,25258.00427874058,18863.24239296631
526,Digestive diseases,409,2,Male,30-34 years,27380.47742670801,32172.956855718123,23866.99360434845
526,Digestive diseases,409,2,Male,35-39 years,31185.90321023194,35960.80529972624,27294.01752023221
526,Digestive diseases,409,2,Male,40-44 years,34078.36493652926,39254.02828758564,29924.463713545218
526,Digestive diseases,409,2,Male,45-49 years,36470.57232387478,41700.90239184966,32235.94418980195
526,Digestive diseases,409,2,Male,50-54 years,39066.94548074231,44020.77543206091,34826.92020235693
526,Digestive diseases,409,2,Male,55-59 years,42428.57180419213,47015.86035528756,37902.98012104793
526,Digestive diseases,409,2,Male,60-64 years,44977.71993156942,49996.47748215706,40418.75764596059
526,Digestive diseases,409,2,Male,65-69 years,48290.55864623285,52981.85716777508,43714.95672892631
526,Digestive diseases,409,2,Male,70-74 years,50874.09446164134,55506.48965247236,46667.79274747426
526,Digestive diseases,409,2,Male,75-79 years,52943.19895957804,57690.58732116961,48668.73823667504
526,Digestive diseases,409,2,Male,80-84 years,54108.924457083,58332.19840750359,50083.23185314337
526,Digestive diseases,409,2,Male,85-89 years,53816.18892796396,57947.62318752104,50247.361460652406
526,Digestive diseases,409,2,Male,90-94 years,53931.54850115759,57940.87803293033,50076.59238309895
526,Digestive diseases,409,2,Male,95+ years,55507.47506610036,59514.794675286845,51477.44686919742
542,Neurological disorders,409,2,Both,<5 years,204.62015409338,292.14390657261,124.64829099083
542,Neurological disorders,409,2,Both,5-9 years,11710.80524574287,15924.061728320548,8203.98480432497
542,Neurological disorders,409,2,Both,10-14 years,41079.81318228719,50582.34780789616,33299.527260669696
542,Neurological disorders,409,2,Both,15-19 years,52136.7025750152,64455.394611025054,41738.65177065158
542,Neurological disorders,409,2,Both,20-24 years,54296.6174281718,64666.90345241883,44309.73675026703
542,Neurological disorders,409,2,Both,25-29 years,58967.39764351435,70153.89680444181,49645.81260332421
542,Neurological disorders,409,2,Both,30-34 years,61862.87039606411,74466.01879758194,51476.96337426325
542,Neurological disorders,409,2,Both,35-39 years,62090.91882710609,74002.29353439811,51953.56679498861
542,Neurological disorders,409,2,Both,40-44 years,59346.98821743851,69929.35102790601,49517.04167878603
542,Neurological disorders,409,2,Both,45-49 years,56984.79338280804,68462.33792966788,45516.281671724326
542,Neurological disorders,409,2,Both,50-54 years,55421.373356732685,65748.23852549681,44314.765766303724
542,Neurological disorders,409,2,Both,55-59 years,53592.54306339464,67270.19279901277,43290.79591428072
542,Neurological disorders,409,2,Both,60-64 years,48923.96462453337,60878.91617966908,39696.9380503342
542,Neurological disorders,409,2,Both,65-69 years,44992.886646053645,56005.13004876185,35948.62475972597
542,Neurological disorders,409,2,Both,70-74 years,42230.93253747385,52788.219091383624,33258.73795054276
542,Neurological disorders,409,2,Both,75-79 years,43264.91764737934,53466.948597014765,36361.13451999456
542,Neurological disorders,409,2,Both,80-84 years,44051.72225263222,52876.05538759189,37064.40957783031
542,Neurological disorders,409,2,Both,85-89 years,48804.7223512192,55984.169959965526,41104.1212019189
542,Neurological disorders,409,2,Both,90-94 years,54122.089008671894,62912.83200705373,46336.56249473445
542,Neurological disorders,409,2,Both,95+ years,61592.06543847455,71296.44338455243,53342.35906482843
542,Neurological disorders,409,2,Female,<5 years,201.61798409742,288.08409645596004,121.57366786713
542,Neurological disorders,409,2,Female,5-9 years,13128.689869270698,17727.14387592923,9437.5543709602
542,Neurological disorders,409,2,Female,10-14 years,45667.99576492804,55136.38981631146,37171.96757078252
542,Neurological disorders,409,2,Female,15-19 years,58341.34147609841,69662.50730468916,48346.71818374185
542,Neurological disorders,409,2,Female,20-24 years,61208.51555961898,70957.23417788022,50912.457680631895
542,Neurological disorders,409,2,Female,25-29 years,65655.72965218955,75823.18115608851,56762.20758446735
542,Neurological disorders,409,2,Female,30-34 years,68030.37768216137,79141.50757806389,58929.77015408087
542,Neurological disorders,409,2,Female,35-39 years,68181.32240115452,79223.11088677762,58814.89748407395
542,Neurological disorders,409,2,Female,40-44 years,65758.78679703882,75172.16751275382,55952.877024900816
542,Neurological disorders,409,2,Female,45-49 years,63062.973227903174,74191.8902908882,51862.659312835
542,Neurological disorders,409,2,Female,50-54 years,60888.381981938175,70657.5415818191,50217.234565655046
542,Neurological disorders,409,2,Female,55-59 years,58241.115451378144,70828.8229250336,47972.36955490325
542,Neurological disorders,409,2,Female,60-64 years,52845.072539345994,64628.747886940466,44102.7071088156
542,Neurological disorders,409,2,Female,65-69 years,48728.59470639281,58548.95020827711,39280.79064889464
542,Neurological disorders,409,2,Female,70-74 years,45721.284685262595,55997.462301842905,36306.76843132425
542,Neurological disorders,409,2,Female,75-79 years,46142.852163669726,57066.9519607206,38472.981200289905
542,Neurological disorders,409,2,Female,80-84 years,46593.46306195294,55472.78125070905,39567.07442614339
542,Neurological disorders,409,2,Female,85-89 years,50933.680534129555,58676.69042610879,43067.076401771745
542,Neurological disorders,409,2,Female,90-94 years,55440.39306653893,64580.552232645496,47349.882034488626
542,Neurological disorders,409,2,Female,95+ years,62051.43138272264,71733.53831328762,53001.48397159291
542,Neurological disorders,409,2,Male,<5 years,207.49268751695,297.05342153858,127.59014894676
542,Neurological disorders,409,2,Male,5-9 years,10356.57767083165,14507.796953809171,7032.63593549111
542,Neurological disorders,409,2,Male,10-14 years,36712.83836253209,46502.38400383488,28625.83060547504
542,Neurological disorders,409,2,Male,15-19 years,46224.852935679264,59559.15246707297,35325.44510113055
542,Neurological disorders,409,2,Male,20-24 years,47642.027730910304,59339.218880108114,37285.790565766016
542,Neurological disorders,409,2,Male,25-29 years,52498.66765728995,65187.99699839366,42916.87938390064
542,Neurological disorders,409,2,Male,30-34 years,55848.113734488725,70043.35850010421,43515.042260877315
542,Neurological disorders,409,2,Male,35-39 years,56156.84282201766,70236.4460467867,44755.82445113042
542,Neurological disorders,409,2,Male,40-44 years,53025.72444978728,65451.20221730611,42403.5701236937
542,Neurological disorders,409,2,Male,45-49 years,50918.51583079506,63091.59686322492,38793.147313903006
542,Neurological disorders,409,2,Male,50-54 years,49942.22455151855,61786.8943204814,38569.001912320586
542,Neurological disorders,409,2,Male,55-59 years,48846.433637040696,63439.90062725972,37712.04269602651
542,Neurological disorders,409,2,Male,60-64 years,44808.20316084024,57577.75176082442,35256.08068258102
542,Neurological disorders,409,2,Male,65-69 years,40900.197879285784,52626.95622107128,31905.50724925404
542,Neurological disorders,409,2,Male,70-74 years,38214.772476489874,49347.2371753941,29949.58057437126
542,Neurological disorders,409,2,Male,75-79 years,39800.062199249405,49628.74855676818,32999.78292034863
542,Neurological disorders,409,2,Male,80-84 years,40675.70476293942,49751.07200363135,33431.06992793332
542,Neurological disorders,409,2,Male,85-89 years,45552.80740418083,52536.21941398007,37880.93243659276
542,Neurological disorders,409,2,Male,90-94 years,51567.639716945305,59955.6750465164,44303.01455356323
542,Neurological disorders,409,2,Male,95+ years,60364.50058656799,69404.91479262078,52268.84616473066
558,Mental disorders,409,2,Both,<5 years,2637.91104486697,4318.56185902663,1635.0675894636402
558,Mental disorders,409,2,Both,5-9 years,10219.30952552484,17033.98226320733,7052.818033035161
558,Mental disorders,409,2,Both,10-14 years,17005.66078294327,21454.41718322112,13812.32889893948
558,Mental disorders,409,2,Both,15-19 years,24507.021892462068,33116.926492436214,19774.457166552787
558,Mental disorders,409,2,Both,20-24 years,22065.70314115123,26688.74043733966,18446.28382750659
558,Mental disorders,409,2,Both,25-29 years,21759.143566738458,25904.67331555848,18629.86526908271
558,Mental disorders,409,2,Both,30-34 years,21325.04049468526,25944.63976153673,18227.854135501308
558,Mental disorders,409,2,Both,35-39 years,20888.47021533935,23874.39307098253,18134.25337820569
558,Mental disorders,409,2,Both,40-44 years,20266.99017033943,23248.097906298608,17756.71067739448
558,Mental disorders,409,2,Both,45-49 years,19715.8655344854,22676.46857344866,17241.87607418264
558,Mental disorders,409,2,Both,50-54 years,19178.261805314454,23220.36419918861,16356.56709644844
558,Mental disorders,409,2,Both,55-59 years,18374.82321177319,21707.71846257428,15601.33416676626
558,Mental disorders,409,2,Both,60-64 years,17647.82693141538,20937.56013417005,14691.90503748918
558,Mental disorders,409,2,Both,65-69 years,17084.98536906137,20023.63869422275,14638.62972651186
558,Mental disorders,409,2,Both,70-74 years,16419.85318370238,20508.30128363182,13856.9002553862
558,Mental disorders,409,2,Both,75-79 years,15715.442058643031,18990.008263836768,13274.12916874855
558,Mental disorders,409,2,Both,80-84 years,15111.79478494734,18828.03057071081,12695.232676137
558,Mental disorders,409,2,Both,85-89 years,14880.96844187442,18338.00982973315,12557.51569532485
558,Mental disorders,409,2,Both,90-94 years,14948.80864990855,18446.27797107048,12426.733800418791
558,Mental disorders,409,2,Both,95+ years,15381.577989959069,19032.65168382164,12779.55814337759
558,Mental disorders,409,2,Female,<5 years,1633.7144263670202,2635.56326091849,969.81637843892
558,Mental disorders,409,2,Female,5-9 years,8009.05914965283,15583.12621237189,5152.34232830101
558,Mental disorders,409,2,Female,10-14 years,15415.75557529542,19822.53385797284,12457.89102752428
558,Mental disorders,409,2,Female,15-19 years,26412.925172372143,37292.95417871023,20106.97339782736
558,Mental disorders,409,2,Female,20-24 years,24394.70074941356,30003.01748302121,19882.839167853548
558,Mental disorders,409,2,Female,25-29 years,24128.23898026547,29239.89674342406,20259.71109308043
558,Mental disorders,409,2,Female,30-34 years,23703.27945025255,29520.0773840132,19920.910426053608
558,Mental disorders,409,2,Female,35-39 years,23335.63744659758,27286.937110273717,20099.1790268382
558,Mental disorders,409,2,Female,40-44 years,22661.3023098832,26164.700574501392,19573.33070635327
558,Mental disorders,409,2,Female,45-49 years,22089.89448073379,25803.07995585607,18976.30944663119
558,Mental disorders,409,2,Female,50-54 years,21599.56450320153,26864.790150356537,17950.99855780164
558,Mental disorders,409,2,Female,55-59 years,20737.841593871028,25163.929064827375,17177.66345650753
558,Mental disorders,409,2,Female,60-64 years,19978.43795944437,24024.94043744205,16043.96494100169
558,Mental disorders,409,2,Female,65-69 years,19346.65898473488,23149.46757822253,16224.03237011614
558,Mental disorders,409,2,Female,70-74 years,18530.01172559881,23700.36917269095,15366.53035720527
558,Mental disorders,409,2,Female,75-79 years,17647.09057790411,21691.800866748858,14794.59521139654
558,Mental disorders,409,2,Female,80-84 years,16790.383990447743,20888.73552010094,13826.108397015649
558,Mental disorders,409,2,Female,85-89 years,16343.394687693311,20172.38041586093,13576.8854919076
558,Mental disorders,409,2,Female,90-94 years,16150.34573946162,20149.73025832581,13238.63529188167
558,Mental disorders,409,2,Female,95+ years,16334.407311832188,20388.51976308155,13454.00064671633
558,Mental disorders,409,2,Male,<5 years,3598.74549273388,5994.69690827559,2242.1708585235
558,Mental disorders,409,2,Male,5-9 years,12330.32896730174,18335.09833063114,8687.39430839862
558,Mental disorders,409,2,Male,10-14 years,18518.91268226053,23601.57808771581,14968.54315200267
558,Mental disorders,409,2,Male,15-19 years,22691.05583906636,29324.804054868793,18683.95760076653
558,Mental disorders,409,2,Male,20-24 years,19823.40685811211,23176.889533001948,16869.15720767197
558,Mental disorders,409,2,Male,25-29 years,19467.83408601419,22529.64574937377,16825.95161708371
558,Mental disorders,409,2,Male,30-34 years,19005.703372366588,22324.42728586879,16430.54424680496
558,Mental disorders,409,2,Male,35-39 years,18504.116506937225,20910.95126932369,16122.084987019269
558,Mental disorders,409,2,Male,40-44 years,17906.48579886731,20290.25277838367,15768.1738237064
558,Mental disorders,409,2,Male,45-49 years,17346.48541223101,19568.81558651537,15368.723893707289
558,Mental disorders,409,2,Male,50-54 years,16751.58230036104,19690.79395844584,14619.14361033358
558,Mental disorders,409,2,Male,55-59 years,15962.223625949178,18303.901934686968,13882.9858948716
558,Mental disorders,409,2,Male,60-64 years,15201.518575610173,17702.60888144315,13122.64089985307
558,Mental disorders,409,2,Male,65-69 years,14607.18837543816,16921.3811025428,12829.02047212759
558,Mental disorders,409,2,Male,70-74 years,13991.80750250154,16978.826140119498,12083.24458727765
558,Mental disorders,409,2,Male,75-79 years,13389.856518753451,15883.8248812175,11526.49378145107
558,Mental disorders,409,2,Male,80-84 years,12882.241521688558,15727.14593742843,11071.64985579836
558,Mental disorders,409,2,Male,85-89 years,12647.159527310108,15253.805644318269,10947.6051240523
558,Mental disorders,409,2,Male,90-94 years,12620.61619000074,15071.95216201656,10744.54340162553
558,Mental disorders,409,2,Male,95+ years,12835.32962295836,15420.376214087051,10978.22492560587
626,Musculoskeletal disorders,409,2,Both,<5 years,0.0,0.0,0.0
626,Musculoskeletal disorders,409,2,Both,5-9 years,854.8758344495901,1075.19966594221,658.64049844759
626,Musculoskeletal disorders,409,2,Both,10-14 years,7159.38777387513,7976.84789489897,6462.49499932155
626,Musculoskeletal disorders,409,2,Both,15-19 years,17432.79536732393,19162.68732837146,15742.967281411018
626,Musculoskeletal disorders,409,2,Both,20-24 years,21613.20897495368,23829.25036811169,19604.5860491591
626,Musculoskeletal disorders,409,2,Both,25-29 years,22168.98868705445,24806.87422871932,19790.87418441247
626,Musculoskeletal disorders,409,2,Both,30-34 years,24805.21412102189,27523.786083536823,21968.67187551053
626,Musculoskeletal disorders,409,2,Both,35-39 years,31166.20032382143,34004.53562515293,28300.17343509358
626,Musculoskeletal disorders,409,2,Both,40-44 years,37578.9516990848,40762.43537198803,34221.04708159963
626,Musculoskeletal disorders,409,2,Both,45-49 years,43469.4285216099,47729.81303409704,40235.94617293037
626,Musculoskeletal disorders,409,2,Both,50-54 years,50163.344080948154,53542.54462393453,46396.97305994505
626,Musculoskeletal disorders,409,2,Both,55-59 years,56758.71782678776,60226.8944237958,52919.73050633403
626,Musculoskeletal disorders,409,2,Both,60-64 years,62472.92121087967,66684.61541416934,58742.20732079688
626,Musculoskeletal disorders,409,2,Both,65-69 years,67060.45333406467,70550.4046851763,63441.81942399825
626,Musculoskeletal disorders,409,2,Both,70-74 years,70743.18994943482,74044.35502880737,66864.68966067788
626,Musculoskeletal disorders,409,2,Both,75-79 years,72351.66157373422,76111.0102448024,68711.51222356895
626,Musculoskeletal disorders,409,2,Both,80-84 years,71501.63225174275,75543.76373909769,67341.85356920131
626,Musculoskeletal disorders,409,2,Both,85-89 years,69158.23326564283,73505.44305261454,64631.87744424448
626,Musculoskeletal disorders,409,2,Both,90-94 years,66114.10993700479,69991.27531785933,62500.361830910435
626,Musculoskeletal disorders,409,2,Both,95+ years,64137.19058405196,68369.77913949112,59724.688763641854
626,Musculoskeletal disorders,409,2,Female,<5 years,0.0,0.0,0.0
626,Musculoskeletal disorders,409,2,Female,5-9 years,942.43299716116,1189.92738539075,723.13289155951
626,Musculoskeletal disorders,409,2,Female,10-14 years,8120.200366194941,9040.71399646894,7308.8035856228
626,Musculoskeletal disorders,409,2,Female,15-19 years,19775.63689221555,21731.95569115842,17848.07973291814
626,Musculoskeletal disorders,409,2,Female,20-24 years,24310.71047462572,26773.83135844667,22166.24097548817
626,Musculoskeletal disorders,409,2,Female,25-29 years,24768.501230699792,27630.63318276359,22198.07537646915
626,Musculoskeletal disorders,409,2,Female,30-34 years,27248.73090662461,30192.340773665037,24151.86660522453
626,Musculoskeletal disorders,409,2,Female,35-39 years,33650.91208319556,36656.37178232805,30511.72512166024
626,Musculoskeletal disorders,409,2,Female,40-44 years,40454.80154388933,43844.81148526755,36928.65198089956
626,Musculoskeletal disorders,409,2,Female,45-49 years,47230.9122086704,51323.81066491307,43822.27439721884
626,Musculoskeletal disorders,409,2,Female,50-54 years,54634.22075670621,58197.73239610593,50758.30611851745
626,Musculoskeletal disorders,409,2,Female,55-59 years,61404.42791335261,64958.40168800582,57488.40788435774
626,Musculoskeletal disorders,409,2,Female,60-64 years,67121.96132757279,71219.90024922494,63279.03093463745
626,Musculoskeletal disorders,409,2,Female,65-69 years,71634.04740785349,75369.79336151913,67922.13948669781
626,Musculoskeletal disorders,409,2,Female,70-74 years,74971.16684502803,78583.45450653162,71041.22590980683
626,Musculoskeletal disorders,409,2,Female,75-79 years,75934.1308457802,79774.25910755336,72262.28053803976
626,Musculoskeletal disorders,409,2,Female,80-84 years,74196.82740014986,78396.8605124375,69998.64369303701
626,Musculoskeletal disorders,409,2,Female,85-89 years,70956.80252003172,75425.60697023314,66240.00817257666
626,Musculoskeletal disorders,409,2,Female,90-94 years,67287.47068338736,71199.53028927658,63411.309479946154
626,Musculoskeletal disorders,409,2,Female,95+ years,64906.38178115723,69052.07702988331,60373.109731804805
626,Musculoskeletal disorders,409,2,Male,<5 years,0.0,0.0,0.0
626,Musculoskeletal disorders,409,2,Male,5-9 years,771.24961962404,949.39475272762,597.30915573554
626,Musculoskeletal disorders,409,2,Male,10-14 years,6244.89836078183,6955.30366308478,5664.20295796541
626,Musculoskeletal disorders,409,2,Male,15-19 years,15200.50964614628,16718.106236879208,13722.54799746902
626,Musculoskeletal disorders,409,2,Male,20-24 years,19016.12705234921,20993.18913350364,17136.23026709829
626,Musculoskeletal disorders,409,2,Male,25-29 years,19654.82750025412,22106.840592374698,17455.1760938202
626,Musculoskeletal disorders,409,2,Male,30-34 years,22422.21590438337,25022.86242050587,19649.05677049123
626,Musculoskeletal disorders,409,2,Male,35-39 years,28745.26577464146,31485.63393715912,26080.517746120546
626,Musculoskeletal disorders,409,2,Male,40-44 years,34743.70895097252,37961.0644244078,31539.06906192497
626,Musculoskeletal disorders,409,2,Male,45-49 years,39715.31057271582,43757.97407497517,36677.46705747177
626,Musculoskeletal disorders,409,2,Male,50-54 years,45682.539261416874,49014.37635501228,42154.1948150689
626,Musculoskeletal disorders,409,2,Male,55-59 years,52015.53075908744,55555.3846995323,48182.63920376644
626,Musculoskeletal disorders,409,2,Male,60-64 years,57593.091180401265,61529.32547798316,54135.528164595926
626,Musculoskeletal disorders,409,2,Male,65-69 years,62049.81096393991,65708.58589580403,58536.07185418624
626,Musculoskeletal disorders,409,2,Male,70-74 years,65878.28485451435,69070.69617807004,62247.55939111339
626,Musculoskeletal disorders,409,2,Male,75-79 years,68038.5897839679,71718.81552309604,64702.048693516226
626,Musculoskeletal disorders,409,2,Male,80-84 years,67921.79203916434,72066.27538877055,63625.99589431938
626,Musculoskeletal disorders,409,2,Male,85-89 years,66410.97674901402,70669.42512494234,62257.04732887947
626,Musculoskeletal disorders,409,2,Male,90-94 years,63840.51416852468,67816.78701899851,60237.371931852904
626,Musculoskeletal disorders,409,2,Male,95+ years,62081.67887321341,66520.53989727463,57870.53227542561
640,Other non-communicable diseases,409,2,Both,<5 years,41702.66557347925,47810.04867673528,35819.520275231946
640,Other non-communicable diseases,409,2,Both,5-9 years,50284.203621607216,56730.89397352704,43883.10023433969
640,Other non-communicable diseases,409,2,Both,10-14 years,41143.62582796872,48837.49579209749,35667.22357650367
640,Other non-communicable diseases,409,2,Both,15-19 years,50162.04554918121,56980.322367055494,43989.040269639365
640,Other non-communicable diseases,409,2,Both,20-24 years,59285.93519658063,65092.15947977757,53759.98929304041
640,Other non-communicable diseases,409,2,Both,25-29 years,62452.51290842049,69859.33815572731,57435.58462712902
640,Other non-communicable diseases,409,2,Both,30-34 years,64086.95142237561,70133.64033123075,59308.255966873345
640,Other non-communicable diseases,409,2,Both,35-39 years,67704.82234124298,73407.51360148314,62721.43749453864
640,Other non-communicable diseases,409,2,Both,40-44 years,70524.61286845735,75835.77884512398,65858.4336021362
640,Other non-communicable diseases,409,2,Both,45-49 years,70828.82237272913,75552.11793544763,66783.12391436707
640,Other non-communicable diseases,409,2,Both,50-54 years,69064.13935191382,73919.79435554943,64493.2939378885
640,Other non-communicable diseases,409,2,Both,55-59 years,68799.80407114951,73885.96870198817,64348.7128751943
640,Other non-communicable diseases,409,2,Both,60-64 years,70748.87064487036,74878.29567380539,67056.6998649945
640,Other non-communicable diseases,409,2,Both,65-69 years,73434.54906773075,77454.57455153012,70135.6930272897
640,Other non-communicable diseases,409,2,Both,70-74 years,75992.45362039276,80283.65405966862,72360.89022541452
640,Other non-communicable diseases,409,2,Both,75-79 years,76836.76181398978,79811.37171730849,73392.8091030884
640,Other non-communicable diseases,409,2,Both,80-84 years,77199.31053312574,80177.66748532638,74071.038443832
640,Other non-communicable diseases,409,2,Both,85-89 years,76885.19531667228,80378.90787865763,73316.38698958783
640,Other non-communicable diseases,409,2,Both,90-94 years,76516.98156346829,79617.3603704826,72807.80612468236
640,Other non-communicable diseases,409,2,Both,95+ years,76261.3706170593,79873.72852800321,71909.61638816968
640,Other non-communicable diseases,409,2,Female,<5 years,46840.75698857367,52223.595731728936,41673.44310958915
640,Other non-communicable diseases,409,2,Female,5-9 years,55384.03158680531,61308.958931943904,49499.3378551565
640,Other non-communicable diseases,409,2,Female,10-14 years,52382.19602831073,58854.59938795488,45991.00594652046
640,Other non-communicable diseases,409,2,Female,15-19 years,66832.86685559858,74146.31628922526,59507.746705126
640,Other non-communicable diseases,409,2,Female,20-24 years,76398.28628337801,83171.22144303285,69614.30920708927
640,Other non-communicable diseases,409,2,Female,25-29 years,80232.65726842095,85576.37335599663,74844.15268811178
640,Other non-communicable diseases,409,2,Female,30-34 years,82982.99939790172,88265.20834604248,77946.59579402301
640,Other non-communicable diseases,409,2,Female,35-39 years,87230.14465694141,91705.03494436594,82582.05324337175
640,Other non-communicable diseases,409,2,Female,40-44 years,89343.47289295538,93632.1323307533,84203.16157985623
640,Other non-communicable diseases,409,2,Female,45-49 years,86902.89860299775,91410.15485197032,82744.18225831116
640,Other non-communicable diseases,409,2,Female,50-54 years,79837.3938144118,83544.75128321757,75656.07317376524
640,Other non-communicable diseases,409,2,Female,55-59 years,76086.08136858574,80236.2027887191,72356.11814170757
640,Other non-communicable diseases,409,2,Female,60-64 years,76889.95450036941,80486.53437812683,73715.01405458055
640,Other non-communicable diseases,409,2,Female,65-69 years,78542.37610981488,82249.88795186867,75907.39666445993
640,Other non-communicable diseases,409,2,Female,70-74 years,80413.64157332206,84305.08326977264,77441.64215132341
640,Other non-communicable diseases,409,2,Female,75-79 years,80656.64710762563,83321.5934233815,77619.59373198113
640,Other non-communicable diseases,409,2,Female,80-84 years,80279.89527365672,83157.4564744527,77042.73923475701
640,Other non-communicable diseases,409,2,Female,85-89 years,79469.60993740034,82383.1778957549,75976.19341815823
640,Other non-communicable diseases,409,2,Female,90-94 years,78532.41992521315,81570.09382232862,74888.31630660928
640,Other non-communicable diseases,409,2,Female,95+ years,77761.50608399665,81206.85637072269,73616.1224224889
640,Other non-communicable diseases,409,2,Male,<5 years,36786.4418609492,43609.21629667475,30156.63491128728
640,Other non-communicable diseases,409,2,Male,5-9 years,45413.3364557083,52761.820499577974,38362.661678062985
640,Other non-communicable diseases,409,2,Male,10-14 years,30446.89521819982,38918.973764079754,24781.90566759288
640,Other non-communicable diseases,409,2,Male,15-19 years,34277.89975133781,41666.33511709165,28192.8739749436
640,Other non-communicable diseases,409,2,Male,20-24 years,42810.623629122354,50037.337934923045,36479.03342713956
640,Other non-communicable diseases,409,2,Male,25-29 years,45256.154708535614,55313.38767395901,38703.25572501374
640,Other non-communicable diseases,409,2,Male,30-34 years,45658.9017799468,54593.73672176524,39037.37609478474
640,Other non-communicable diseases,409,2,Male,35-39 years,48680.67308142872,57097.440228894,42189.02086739091
640,Other non-communicable diseases,409,2,Male,40-44 years,51971.47578148811,59410.86251855432,45654.020536254095
640,Other non-communicable diseases,409,2,Male,45-49 years,54786.222401997584,61721.58643489756,49279.67350781917
640,Other non-communicable diseases,409,2,Male,50-54 years,58266.96152338133,64267.980102280984,52326.33308640353
640,Other non-communicable diseases,409,2,Male,55-59 years,61360.645017977986,67694.7968045285,56161.964901962434
640,Other non-communicable diseases,409,2,Male,60-64 years,64302.92811360515,68946.89393162513,59765.72416099567
640,Other non-communicable diseases,409,2,Male,65-69 years,67838.62293536756,71949.03441927754,63769.33515748079
640,Other non-communicable diseases,409,2,Male,70-74 years,70905.23097728292,75903.29395466318,66440.64491941077
640,Other non-communicable diseases,409,2,Male,75-79 years,72237.8557944234,75521.10011535579,68567.87961460595
640,Other non-communicable diseases,409,2,Male,80-84 years,73107.58413664368,76487.55167699106,69451.37148085685
640,Other non-communicable diseases,409,2,Male,85-89 years,72937.58535328566,76668.43284229978,68899.1706578942
640,Other non-communicable diseases,409,2,Male,90-94 years,72611.71019230434,76500.29735167725,68410.53911518371
640,Other non-communicable diseases,409,2,Male,95+ years,72252.55456230156,76513.08225349218,67072.31859155181
653,Skin and subcutaneous diseases,409,2,Both,<5 years,11025.914130120547,11874.50119155291,10287.75477043834
653,Skin and subcutaneous diseases,409,2,Both,5-9 years,10918.09081231223,12769.731481334731,9539.25486197569
653,Skin and subcutaneous diseases,409,2,Both,10-14 years,13047.0872490145,14967.364697808089,11713.82640738155
653,Skin and subcutaneous diseases,409,2,Both,15-19 years,14476.778722615922,15834.283897267378,13316.79158400278
653,Skin and subcutaneous diseases,409,2,Both,20-24 years,9991.22320655375,10961.644688623,9249.93064477797
653,Skin and subcutaneous diseases,409,2,Both,25-29 years,9157.55028311922,10102.34031597304,8411.30893794369
653,Skin and subcutaneous diseases,409,2,Both,30-34 years,9313.21613976837,10407.7377504923,8571.29731841075
653,Skin and subcutaneous diseases,409,2,Both,35-39 years,9550.011172777891,10598.88679559587,8733.51167086312
653,Skin and subcutaneous diseases,409,2,Both,40-44 years,9783.105069635289,10922.39645861146,9019.21899825987
653,Skin and subcutaneous diseases,409,2,Both,45-49 years,10045.83667948653,11198.2891248932,9233.27020235859
653,Skin and subcutaneous diseases,409,2,Both,50-54 years,10709.20863249106,11919.765500140393,9841.60936144274
653,Skin and subcutaneous diseases,409,2,Both,55-59 years,11824.402657420653,13214.95988523364,10713.03014420233
653,Skin and subcutaneous diseases,409,2,Both,60-64 years,13156.68900780316,14581.22419755055,12092.26468502642
653,Skin and subcutaneous diseases,409,2,Both,65-69 years,15513.61590102367,17132.5635561025,14369.31011246982
653,Skin and subcutaneous diseases,409,2,Both,70-74 years,18337.202877105217,20295.871063818573,17174.213815163817
653,Skin and subcutaneous diseases,409,2,Both,75-79 years,20320.77277684476,22189.16992105307,19012.20842116668
653,Skin and subcutaneous diseases,409,2,Both,80-84 years,21798.40602438717,23659.615421204013,20345.47798255219
653,Skin and subcutaneous diseases,409,2,Both,85-89 years,24131.55563262558,25554.36693987036,22878.13159614747
653,Skin and subcutaneous diseases,409,2,Both,90-94 years,27396.62378993143,28793.219058265266,26054.472287759017
653,Skin and subcutaneous diseases,409,2,Both,95+ years,31355.73758685668,33279.214228397155,29451.217345874993
653,Skin and subcutaneous diseases,409,2,Female,<5 years,10665.85109619074,11471.79850264246,9952.560055491387
653,Skin and subcutaneous diseases,409,2,Female,5-9 years,11017.79753005148,12847.42234920205,9663.61008500862
653,Skin and subcutaneous diseases,409,2,Female,10-14 years,14253.13566347902,16164.13559035263,12914.030991595022
653,Skin and subcutaneous diseases,409,2,Female,15-19 years,16227.42866830556,17544.81186191826,15032.60732672042
653,Skin and subcutaneous diseases,409,2,Female,20-24 years,12545.960967971789,13660.31772027603,11681.74346102201
653,Skin and subcutaneous diseases,409,2,Female,25-29 years,11528.9080439419,12649.46759764402,10612.59446451612
653,Skin and subcutaneous diseases,409,2,Female,30-34 years,11669.34251393848,12836.5891193855,10806.264771590771
653,Skin and subcutaneous diseases,409,2,Female,35-39 years,11938.79006068536,13138.15018311052,10945.88268205909
653,Skin and subcutaneous diseases,409,2,Female,40-44 years,12039.69670720904,13351.082872386947,11157.58979066142
653,Skin and subcutaneous diseases,409,2,Female,45-49 years,12070.61964186729,13440.4385499755,11087.57864849008
653,Skin and subcutaneous diseases,409,2,Female,50-54 years,12560.066502332387,14029.50241127701,11536.1109702339
653,Skin and subcutaneous diseases,409,2,Female,55-59 years,13399.361126251668,15043.65243267013,12120.45293234218
653,Skin and subcutaneous diseases,409,2,Female,60-64 years,14282.00361041975,15986.10048274228,13069.47912686922
653,Skin and subcutaneous diseases,409,2,Female,65-69 years,16213.26427045666,17981.53013590345,14839.256037210049
653,Skin and subcutaneous diseases,409,2,Female,70-74 years,18264.66217142321,20382.5364179776,16940.58373243195
653,Skin and subcutaneous diseases,409,2,Female,75-79 years,19302.47134515279,21230.28048251134,17966.87154729796
653,Skin and subcutaneous diseases,409,2,Female,80-84 years,20237.91975384279,22053.23944839323,18869.04285734474
653,Skin and subcutaneous diseases,409,2,Female,85-89 years,22600.83882677873,24057.24166978813,21367.19620211551
653,Skin and subcutaneous diseases,409,2,Female,90-94 years,26515.91115630873,27901.63673181848,25263.023980558457
653,Skin and subcutaneous diseases,409,2,Female,95+ years,31210.238110781054,33064.91897208826,29299.009094106743
653,Skin and subcutaneous diseases,409,2,Male,<5 years,11370.42929779759,12263.39419390231,10589.08832746552
653,Skin and subcutaneous diseases,409,2,Male,5-9 years,10822.86050631565,12686.46346423479,9384.85073108237
653,Skin and subcutaneous diseases,409,2,Male,10-14 years,11899.18544639255,13816.342500611,10538.33879838388
653,Skin and subcutaneous diseases,409,2,Male,15-19 years,12808.73978996799,14202.67995138087,11714.01451550913
653,Skin and subcutaneous diseases,409,2,Male,20-24 years,7531.59037299257,8384.10363766154,6844.7423699498495
653,Skin and subcutaneous diseases,409,2,Male,25-29 years,6864.05273610702,7704.14365817709,6226.97208377798
653,Skin and subcutaneous diseases,409,2,Male,30-34 years,7015.443936645351,8010.94101699314,6390.1834190426
653,Skin and subcutaneous diseases,409,2,Male,35-39 years,7222.547104453291,8114.74130739539,6557.96192744173
653,Skin and subcutaneous diseases,409,2,Male,40-44 years,7558.37658200569,8486.89262296667,6903.71373639936
653,Skin and subcutaneous diseases,409,2,Male,45-49 years,8025.018647538899,8983.387756931741,7329.68705060876
653,Skin and subcutaneous diseases,409,2,Male,50-54 years,8854.24070004499,9816.48543907568,8158.08974171521
653,Skin and subcutaneous diseases,409,2,Male,55-59 years,10216.39817536563,11333.21672231889,9294.58488768045
653,Skin and subcutaneous diseases,409,2,Male,60-64 years,11975.51098959963,13119.919925912249,11065.59530863991
653,Skin and subcutaneous diseases,409,2,Male,65-69 years,14747.109799364913,16150.51456153514,13774.23868918862
653,Skin and subcutaneous diseases,409,2,Male,70-74 years,18420.67155665956,20127.7029440903,17337.616735363008
653,Skin and subcutaneous diseases,409,2,Male,75-79 years,21546.74482154036,23343.61359462497,20286.77202730014
653,Skin and subcutaneous diseases,409,2,Male,80-84 years,23871.09137549158,25833.88395277454,22421.69137034969
653,Skin and subcutaneous diseases,409,2,Male,85-89 years,26469.67617467,27955.32270207508,25150.013260731208
653,Skin and subcutaneous diseases,409,2,Male,90-94 years,29103.16163281113,30718.04045034508,27607.58489155738
653,Skin and subcutaneous diseases,409,2,Male,95+ years,31744.556229243444,33890.86267229708,29823.48089032486
669,Sense organ diseases,409,2,Both,<5 years,1390.01082191991,1562.51731216738,1208.54174032603
669,Sense organ diseases,409,2,Both,5-9 years,2162.5828296613,2501.43077516819,1806.94680936574
669,Sense organ diseases,409,2,Both,10-14 years,2823.39434920332,3261.88589384724,2341.02366228588
669,Sense organ diseases,409,2,Both,15-19 years,3397.4444186883597,3867.17631132526,2976.34874164807
669,Sense organ diseases,409,2,Both,20-24 years,4259.53717003802,4821.73907599143,3740.23977971797
669,Sense organ diseases,409,2,Both,25-29 years,5651.27687031809,6348.74973760651,5050.2827270342605
669,Sense organ diseases,409,2,Both,30-34 years,7518.410817284491,8450.00037997313,6743.63203046887
669,Sense organ diseases,409,2,Both,35-39 years,10180.09815648609,11267.7175345694,9050.41243635475
669,Sense organ diseases,409,2,Both,40-44 years,13880.43913998348,15478.20539057466,12305.23122021861
669,Sense organ diseases,409,2,Both,45-49 years,19957.56419359051,21946.80696805484,18166.10800154407
669,Sense organ diseases,409,2,Both,50-54 years,27968.11011714413,30675.55437261954,25374.33943656824
669,Sense organ diseases,409,2,Both,55-59 years,38954.43910983219,42583.159598902384,35581.23952275471
669,Sense organ diseases,409,2,Both,60-64 years,50657.22513782574,54938.570394309085,46954.238175719984
669,Sense organ diseases,409,2,Both,65-69 years,63475.61100136958,70081.15900183983,58199.585258368155
669,Sense organ diseases,409,2,Both,70-74 years,74386.80567470133,81885.87069496,67787.54173374448
669,Sense organ diseases,409,2,Both,75-79 years,83463.29968455786,89437.72491439653,76659.46297737952
669,Sense organ diseases,409,2,Both,80-84 years,88752.08459820405,95412.933560222,82109.31928017
669,Sense organ diseases,409,2,Both,85-89 years,90542.34724309298,95872.40272044616,83232.84266046256
669,Sense organ diseases,409,2,Both,90-94 years,91003.0035161141,96169.21795540156,84400.9232026301
669,Sense organ diseases,409,2,Both,95+ years,91040.6389363621,96593.4600793398,83077.72706095435
669,Sense organ diseases,409,2,Female,<5 years,1342.01356767503,1510.63666095791,1164.37884790258
669,Sense organ diseases,409,2,Female,5-9 years,2209.98344574577,2567.96163133069,1855.9423813879705
669,Sense organ diseases,409,2,Female,10-14 years,2944.94741942729,3434.1196622315,2443.63410420311
669,Sense organ diseases,409,2,Female,15-19 years,3359.64133512328,3814.53432302235,2935.73903894189
669,Sense organ diseases,409,2,Female,20-24 years,3856.09246020036,4383.64487576862,3361.67559934277
669,Sense organ diseases,409,2,Female,25-29 years,4767.08934934581,5387.45251653821,4242.91545351065
669,Sense organ diseases,409,2,Female,30-34 years,6028.376202760271,6846.0665644112405,5327.81023218701
669,Sense organ diseases,409,2,Female,35-39 years,7934.217103866591,8803.87701784792,7067.43495652724
669,Sense organ diseases,409,2,Female,40-44 years,10564.50452778505,11759.56247864964,9414.65604417108
669,Sense organ diseases,409,2,Female,45-49 years,14913.946816180578,16561.5091200381,13443.0808054444
669,Sense organ diseases,409,2,Female,50-54 years,20895.49535094294,23269.84485767816,18761.795395731988
669,Sense organ diseases,409,2,Female,55-59 years,29520.61541979073,32308.6209211498,27025.288705597177
669,Sense organ diseases,409,2,Female,60-64 years,40827.0031853596,44242.93175194531,37772.08678814113
669,Sense organ diseases,409,2,Female,65-69 years,56113.41470308241,61102.31265928862,51591.472806903395
669,Sense organ diseases,409,2,Female,70-74 years,69575.63560726446,75970.34760192498,63682.07182761834
669,Sense organ diseases,409,2,Female,75-79 years,81155.84149853961,87888.67268544252,74192.7109249671
669,Sense organ diseases,409,2,Female,80-84 years,87926.10886171205,95185.79764569798,80719.45866371666
669,Sense organ diseases,409,2,Female,85-89 years,89980.03110759241,95737.35467240671,82361.5253023298
669,Sense organ diseases,409,2,Female,90-94 years,90592.11281071782,95941.63926247912,83791.32448305085
669,Sense organ diseases,409,2,Female,95+ years,90769.85074914827,96395.65474308736,82713.90224955216
669,Sense organ diseases,409,2,Male,<5 years,1435.9355088108,1618.81520575614,1252.0935727398
669,Sense organ diseases,409,2,Male,5-9 years,2117.31030162609,2444.02553509112,1774.12767538939
669,Sense organ diseases,409,2,Male,10-14 years,2707.70165664565,3139.9884822941503,2231.54007606482
669,Sense organ diseases,409,2,Male,15-19 years,3433.4636213370304,3891.32531025947,3005.6627836298
669,Sense organ diseases,409,2,Male,20-24 years,4647.96289021545,5269.28545975075,4051.93907076335
669,Sense organ diseases,409,2,Male,25-29 years,6506.433331292261,7307.3133857251005,5804.02925245227
669,Sense organ diseases,409,2,Male,30-34 years,8971.541751380011,10154.586744540253,7975.468818007431
669,Sense organ diseases,409,2,Male,35-39 years,12368.33226980827,13745.5497063643,10901.27298988952
669,Sense organ diseases,409,2,Male,40-44 years,17149.55264374815,19180.39822143023,15086.58829728064
669,Sense organ diseases,409,2,Male,45-49 years,24991.30515836543,27370.47933717406,22560.522456950523
669,Sense organ diseases,409,2,Male,50-54 years,35056.43051365987,38238.35809130742,31823.521825069252
669,Sense organ diseases,409,2,Male,55-59 years,48586.20469395128,54409.115536481215,44228.476628045486
669,Sense organ diseases,409,2,Male,60-64 years,60975.44375626037,67277.54636868383,55756.80701540837
669,Sense organ diseases,409,2,Male,65-69 years,71541.33177024701,80224.70082187065,64864.89613861781
669,Sense organ diseases,409,2,Male,70-74 years,79922.75971409031,89157.11049682496,71868.68447541932
669,Sense organ diseases,409,2,Male,75-79 years,86241.3368573644,93367.48787893806,78437.0364434163
669,Sense organ diseases,409,2,Male,80-84 years,89849.17070636792,95967.97802938485,82942.20286196264
669,Sense organ diseases,409,2,Male,85-89 years,91401.2670005,96807.75644427475,84117.84948297477
669,Sense organ diseases,409,2,Male,90-94 years,91799.17755890264,97063.30787336818,85161.21611869444
669,Sense organ diseases,409,2,Male,95+ years,91764.26693947696,97172.42103616812,84330.81504261955
687,Injuries,294,1,Both,<5 years,2469.7812766009497,2818.08514685776,2120.88898764035
687,Injuries,294,1,Both,5-9 years,5937.99656743852,6838.169848148839,5018.73701831507
687,Injuries,294,1,Both,10-14 years,10066.03663091297,11566.52104302553,8596.43755628806
687,Injuries,294,1,Both,15-19 years,15502.0884062638,17425.948833624767,13595.00538715964
687,Injuries,294,1,Both,20-24 years,19472.73408744443,21443.18449141506,17597.165165806487
687,Injuries,294,1,Both,25-29 years,22640.51488472054,24440.1146966813,20858.91793913654
687,Injuries,294,1,Both,30-34 years,26791.46756877575,28763.94151517851,25123.447086645712
687,Injuries,294,1,Both,35-39 years,30684.614308833603,33080.76299565145,28694.66659532602
687,Injuries,294,1,Both,40-44 years,34630.427499987185,37304.7539135701,32381.201508806906
687,Injuries,294,1,Both,45-49 years,41182.72602236215,44202.51006958494,38984.58379538039
687,Injuries,294,1,Both,50-54 years,50948.89268466024,55637.70657468937,47366.09993461316
687,Injuries,294,1,Both,55-59 years,61789.66064477912,67322.53707717346,56664.55545090891
687,Injuries,294,1,Both,60-64 years,74237.38818805492,82820.27091149075,67725.44135088442
687,Injuries,294,1,Both,65-69 years,86041.91568886743,92875.18593091544,79585.97510347611
687,Injuries,294,1,Both,70-74 years,93496.7595815912,97157.16235116648,88465.7124699879
687,Injuries,294,1,Both,75-79 years,97334.75871616665,99109.90667664156,95061.19295397932
687,Injuries,294,1,Both,80-84 years,99108.3126193869,99810.2007348474,97809.16097484191
687,Injuries,294,1,Both,85-89 years,99727.3088313802,100000.0,99125.13783261635
687,Injuries,294,1,Both,90-94 years,99942.23735364796,100000.0,99693.869841507
687,Injuries,294,1,Both,95+ years,99992.02523619824,99999.99999999996,99912.33058913203
687,Injuries,294,1,Female,<5 years,2432.6768637849,2787.5992066592503,2074.6398267661702
687,Injuries,294,1,Female,5-9 years,5910.15512579871,6866.73158715613,5027.29047767943
687,Injuries,294,1,Female,10-14 years,10150.70274330101,11715.08933214681,8685.53001789588
687,Injuries,294,1,Female,15-19 years,15583.35468585443,17739.159942911538,13582.63896133334
687,Injuries,294,1,Female,20-24 years,18417.06911929482,20362.25818597448,16382.360216677718
687,Injuries,294,1,Female,25-29 years,20306.61223959168,22316.73757112507,18536.893975794
687,Injuries,294,1,Female,30-34 years,23713.90133855451,25828.89354401029,21922.24284548825
687,Injuries,294,1,Female,35-39 years,27112.71073675692,29525.610608886072,25103.88115154329
687,Injuries,294,1,Female,40-44 years,30711.81889985034,33383.74703329049,28467.62662080894
687,Injuries,294,1,Female,45-49 years,37243.17415217413,40231.32117895127,34935.8168733451
687,Injuries,294,1,Female,50-54 years,47893.56579800783,53028.15793688483,44072.57531210184
687,Injuries,294,1,Female,55-59 years,60699.41835159588,67223.17718916215,54963.319633575105
687,Injuries,294,1,Female,60-64 years,76294.25566434056,87158.38548158237,68450.69386205092
687,Injuries,294,1,Female,65-69 years,90715.07019809927,97804.3413177846,83302.75373335436
687,Injuries,294,1,Female,70-74 years,98113.10490146828,99986.97127199438,93845.95266191472
687,Injuries,294,1,Female,75-79 years,99925.9656755266,99999.99999999996,99528.62546240068
687,Injuries,294,1,Female,80-84 years,99999.66124813816,100000.00000000004,99999.43780492636
687,Injuries,294,1,Female,85-89 years,100000.0,100000.0,100000.0
687,Injuries,294,1,Female,90-94 years,100000.0,100000.0,100000.0
687,Injuries,294,1,Female,95+ years,100000.0,100000.0,100000.0
687,Injuries,294,1,Male,<5 years,2505.28348537635,2846.28228576825,2165.14106550458
687,Injuries,294,1,Male,5-9 years,5964.58804559426,6853.919810601131,5030.88906233312
687,Injuries,294,1,Male,10-14 years,9985.45248365518,11437.4731399746,8540.001720082819
687,Injuries,294,1,Male,15-19 years,15424.65698223619,17077.94640021029,13647.61749381368
687,Injuries,294,1,Male,20-24 years,20489.09993763633,22460.21355721325,18662.49849172281
687,Injuries,294,1,Male,25-29 years,24897.7871023514,26642.25286076103,22993.65759503482
687,Injuries,294,1,Male,30-34 years,29792.81173036098,31796.871567959373,28045.99707069646
687,Injuries,294,1,Male,35-39 years,34164.83479370709,36479.40445078514,32097.79325732906
687,Injuries,294,1,Male,40-44 years,38493.70521467725,41132.982878036186,36163.91762545461
687,Injuries,294,1,Male,45-49 years,45114.56346122916,48117.23882306007,42831.096220888096
687,Injuries,294,1,Male,50-54 years,54011.00430880481,58088.849796623086,50937.87717782613
687,Injuries,294,1,Male,55-59 years,62902.77856417798,67415.55638104411,58508.44318652533
687,Injuries,294,1,Male,60-64 years,72078.41269471533,78656.33709869058,67120.1095621786
687,Injuries,294,1,Male,65-69 years,80922.19898285482,87500.8626860349,75113.71449189435
687,Injuries,294,1,Male,70-74 years,88184.97987674228,93996.1980520106,82224.19949976889
687,Injuries,294,1,Male,75-79 years,94215.10554145044,98038.28927766134,89654.91383808764
687,Injuries,294,1,Male,80-84 years,97924.39624638647,99558.10357516212,94900.35930617509
687,Injuries,294,1,Male,85-89 years,99310.7818679676,99999.99999999996,97788.81409382683
687,Injuries,294,1,Male,90-94 years,99830.31192174056,100000.0,99100.68804716151
687,Injuries,294,1,Male,95+ years,99970.71425337964,99999.99999999996,99678.05138599036
973,Substance use disorders,409,2,Both,<5 years,66.28478488028,101.89232123911,22.13221066856
973,Substance use disorders,409,2,Both,5-9 years,68.12094613401,101.2687575137,29.636431370670003
973,Substance use disorders,409,2,Both,10-14 years,564.04449011293,841.951564521,351.90415809562
973,Substance use disorders,409,2,Both,15-19 years,7267.883144713271,9694.74993309634,5516.9626773553
973,Substance use disorders,409,2,Both,20-24 years,13573.76733530033,15720.78236489786,11899.1698807599
973,Substance use disorders,409,2,Both,25-29 years,15004.8275303112,16846.35629679804,13490.84829307377
973,Substance use disorders,409,2,Both,30-34 years,13294.38135636752,15097.14758574505,11526.8497875431
973,Substance use disorders,409,2,Both,35-39 years,10891.99995132585,12286.00662115906,9554.26443401328
973,Substance use disorders,409,2,Both,40-44 years,8912.22598070182,10386.49983503681,7605.971775659499
973,Substance use disorders,409,2,Both,45-49 years,7587.128825257811,8690.50409969943,6658.8693935681495
973,Substance use disorders,409,2,Both,50-54 years,6494.50460001933,7679.42126308398,5525.36073317766
973,Substance use disorders,409,2,Both,55-59 years,5246.5517011462,6044.4397107142,4565.85033499851
973,Substance use disorders,409,2,Both,60-64 years,4001.23474866909,4812.04485677728,3241.20115410928
973,Substance use disorders,409,2,Both,65-69 years,2886.9187811450097,3509.52423145406,2371.8685037738
973,Substance use disorders,409,2,Both,70-74 years,2029.1430457797,2480.3669780681903,1617.39474376898
973,Substance use disorders,409,2,Both,75-79 years,1620.84682821941,1970.07360776986,1294.81523921379
973,Substance use disorders,409,2,Both,80-84 years,1425.87340808477,1827.4195480739704,1097.54800925023
973,Substance use disorders,409,2,Both,85-89 years,1469.5243442357698,1837.52437775342,1160.10651078333
973,Substance use disorders,409,2,Both,90-94 years,1648.66336745505,2167.42308846249,1256.5528184598
973,Substance use disorders,409,2,Both,95+ years,1996.36523464191,2659.80674336485,1417.76647635785
973,Substance use disorders,409,2,Female,<5 years,52.75276785166,79.64424343705001,27.11052719627
973,Substance use disorders,409,2,Female,5-9 years,54.22131801006,80.08452926676,30.14686215022
973,Substance use disorders,409,2,Female,10-14 years,471.83554912264,681.98231038803,301.97110684308
973,Substance use disorders,409,2,Female,15-19 years,5860.134152823271,7768.57543539264,4420.662281916761
973,Substance use disorders,409,2,Female,20-24 years,11169.0135316958,13008.874526910038,9719.490972941509
973,Substance use disorders,409,2,Female,25-29 years,12184.91026584338,13714.23010667468,10943.98722061382
973,Substance use disorders,409,2,Female,30-34 years,10561.28743490563,12053.77426794367,9036.133616293771
973,Substance use disorders,409,2,Female,35-39 years,8714.84665216944,9838.145904961131,7577.560807339901
973,Substance use disorders,409,2,Female,40-44 years,7321.6956023158,8332.64777578847,6279.9991105379895
973,Substance use disorders,409,2,Female,45-49 years,6365.056761428239,7287.55945758256,5579.733861299141
973,Substance use disorders,409,2,Female,50-54 years,5481.301366288821,6347.163337245989,4696.066813063931
973,Substance use disorders,409,2,Female,55-59 years,4208.77246216982,4828.06789866319,3640.66760397592
973,Substance use disorders,409,2,Female,60-64 years,2941.00222522927,3448.03213540176,2431.95318099635
973,Substance use disorders,409,2,Female,65-69 years,2073.3133706274502,2466.17468608171,1732.89033371982
973,Substance use disorders,409,2,Female,70-74 years,1502.79654463218,1804.15262150012,1222.89369525614
973,Substance use disorders,409,2,Female,75-79 years,1255.08445590374,1527.90547413093,1012.96137292645
973,Substance use disorders,409,2,Female,80-84 years,1176.70436623401,1484.42876114981,918.47157344687
973,Substance use disorders,409,2,Female,85-89 years,1264.67787249082,1558.61825676395,1002.50630376279
973,Substance use disorders,409,2,Female,90-94 years,1463.7751416326,1888.6012436842705,1113.44697137371
973,Substance use disorders,409,2,Female,95+ years,1796.79732160884,2402.63136219903,1281.98018164227
973,Substance use disorders,409,2,Male,<5 years,79.23247646844,122.18084239377,16.06869916174
973,Substance use disorders,409,2,Male,5-9 years,81.39653948914,122.03303426787,30.384447656160003
973,Substance use disorders,409,2,Male,10-14 years,651.80780733235,997.50289895116,401.94509587252
973,Substance use disorders,409,2,Male,15-19 years,8609.202196902981,11486.92126896499,6577.72540941024
973,Substance use disorders,409,2,Male,20-24 years,15888.99964653909,18339.01397120113,14123.43569268083
973,Substance use disorders,409,2,Male,25-29 years,17732.15675734043,19805.6258216696,15902.9080326966
973,Substance use disorders,409,2,Male,30-34 years,15959.78475327643,18137.8107637744,13839.90189218067
973,Substance use disorders,409,2,Male,35-39 years,13013.270404892091,14745.50133393417,11418.061422908391
973,Substance use disorders,409,2,Male,40-44 years,10480.29801656212,12318.74441016953,8826.9711370385
973,Substance use disorders,409,2,Male,45-49 years,8806.80782730872,10228.37509285863,7698.375333376161
973,Substance use disorders,409,2,Male,50-54 years,7509.95777891842,9017.6777021933,6231.94532884919
973,Substance use disorders,409,2,Male,55-59 years,6306.105778718959,7338.05512882329,5426.33612168356
973,Substance use disorders,409,2,Male,60-64 years,5114.09985142317,6280.64371993205,4056.67446883257
973,Substance use disorders,409,2,Male,65-69 years,3778.2715502648903,4654.83366103761,3079.00454202745
973,Substance use disorders,409,2,Male,70-74 years,2634.78159072897,3256.97971777583,2057.99937253064
973,Substance use disorders,409,2,Male,75-79 years,2061.20213903881,2540.19362815361,1619.6616234003002
973,Substance use disorders,409,2,Male,80-84 years,1756.8273118398,2268.99603110366,1329.4397798308898
973,Substance use disorders,409,2,Male,85-89 years,1782.42072175168,2270.4775161924,1388.48150285756
973,Substance use disorders,409,2,Male,90-94 years,2006.91728822722,2652.09019148956,1495.67975244668
973,Substance use disorders,409,2,Male,95+ years,2529.6711069541,3474.94449799603,1740.65309980698
974,Diabetes and kidney diseases,409,2,Both,<5 years,75.53783060983001,134.32500187514,45.54244814755
974,Diabetes and kidney diseases,409,2,Both,5-9 years,447.7532713694,726.49327250433,312.41352460653
974,Diabetes and kidney diseases,409,2,Both,10-14 years,1404.90975198683,1749.83952204577,1131.31966652519
974,Diabetes and kidney diseases,409,2,Both,15-19 years,3804.12452030618,4622.61689836778,3176.98583346656
974,Diabetes and kidney diseases,409,2,Both,20-24 years,5406.50328016526,6512.925187326719,4573.0277865772005
974,Diabetes and kidney diseases,409,2,Both,25-29 years,6294.6278730268705,7553.197531380671,5301.4604621319195
974,Diabetes and kidney diseases,409,2,Both,30-34 years,8577.85947565618,10376.83690228787,7316.98822096013
974,Diabetes and kidney diseases,409,2,Both,35-39 years,11554.66970044879,13213.18140893861,10040.35052645558
974,Diabetes and kidney diseases,409,2,Both,40-44 years,14566.855149425352,16334.95470238148,13076.31907312942
974,Diabetes and kidney diseases,409,2,Both,45-49 years,18789.83105708748,20381.50520486199,17172.0590344506
974,Diabetes and kidney diseases,409,2,Both,50-54 years,24551.73023685695,26763.79549388155,22084.416390538263
974,Diabetes and kidney diseases,409,2,Both,55-59 years,31009.76655807567,33581.49514055845,28595.03166882415
974,Diabetes and kidney diseases,409,2,Both,60-64 years,38044.197013892765,40545.4518527841,35493.58425449828
974,Diabetes and kidney diseases,409,2,Both,65-69 years,46168.6448987831,49586.08387447171,43591.87729502884
974,Diabetes and kidney diseases,409,2,Both,70-74 years,53936.93035347053,57004.40221197438,51083.480699215324
974,Diabetes and kidney diseases,409,2,Both,75-79 years,60207.80827406115,63219.890797030035,56724.66083908702
974,Diabetes and kidney diseases,409,2,Both,80-84 years,65320.23196724981,68596.15256343305,62509.92082860535
974,Diabetes and kidney diseases,409,2,Both,85-89 years,68731.92261776405,72096.78713620799,65573.32950655928
974,Diabetes and kidney diseases,409,2,Both,90-94 years,70629.67109312698,73676.65306053452,67395.62510560804
974,Diabetes and kidney diseases,409,2,Both,95+ years,72545.00621619387,76330.88634044233,68866.92658140215
974,Diabetes and kidney diseases,409,2,Female,<5 years,72.32612343769,126.34917214813,43.74388775928
974,Diabetes and kidney diseases,409,2,Female,5-9 years,449.78889904196,707.2111977107601,314.26560689744
974,Diabetes and kidney diseases,409,2,Female,10-14 years,1613.42630209914,2029.91587558901,1284.86487961702
974,Diabetes and kidney diseases,409,2,Female,15-19 years,4465.4318197702405,5504.581115324049,3660.58886951996
974,Diabetes and kidney diseases,409,2,Female,20-24 years,6355.00272099168,7772.5714267495,5321.77230616629
974,Diabetes and kidney diseases,409,2,Female,25-29 years,7475.08498562608,9128.81379908259,6218.7780185036
974,Diabetes and kidney diseases,409,2,Female,30-34 years,10006.87131779964,12226.17154587418,8390.26738233995
974,Diabetes and kidney diseases,409,2,Female,35-39 years,12543.1812593499,14594.11576972205,10781.09344162231
974,Diabetes and kidney diseases,409,2,Female,40-44 years,14728.51335009327,16803.2445374387,13067.27343303402
974,Diabetes and kidney diseases,409,2,Female,45-49 years,17990.803017119462,19793.17165896036,16232.43476950205
974,Diabetes and kidney diseases,409,2,Female,50-54 years,22840.150691950003,25105.53399227367,20501.46027002147
974,Diabetes and kidney diseases,409,2,Female,55-59 years,29006.916139298773,31478.584258324012,26750.58586751216
974,Diabetes and kidney diseases,409,2,Female,60-64 years,35702.8544877038,38198.77724307444,33182.07872549953
974,Diabetes and kidney diseases,409,2,Female,65-69 years,43568.19089529024,46852.445661106416,41143.21352665675
974,Diabetes and kidney diseases,409,2,Female,70-74 years,51776.013692905675,54921.77791606021,48919.22101182206
974,Diabetes and kidney diseases,409,2,Female,75-79 years,58785.14689847194,61840.80697224952,55272.96154618781
974,Diabetes and kidney diseases,409,2,Female,80-84 years,64389.64524263933,67671.38208588753,61435.360309182055
974,Diabetes and kidney diseases,409,2,Female,85-89 years,68101.4503884916,71489.09049694108,64859.71932293859
974,Diabetes and kidney diseases,409,2,Female,90-94 years,70378.13969933115,73509.11051389639,66986.08311230289
974,Diabetes and kidney diseases,409,2,Female,95+ years,72733.20578921342,76601.31784123117,69014.96537245046
974,Diabetes and kidney diseases,409,2,Male,<5 years,78.61085319384999,142.11424140282,47.22568402813
974,Diabetes and kidney diseases,409,2,Male,5-9 years,445.80903480692,729.79845354472,307.71693628925004
974,Diabetes and kidney diseases,409,2,Male,10-14 years,1206.44630650674,1479.45594979196,980.07362906548
974,Diabetes and kidney diseases,409,2,Male,15-19 years,3174.0234971597197,3795.966714074419,2683.06629284034
974,Diabetes and kidney diseases,409,2,Male,20-24 years,4493.31351857654,5316.37033268278,3855.6830272392303
974,Diabetes and kidney diseases,409,2,Male,25-29 years,5152.92941789365,6040.22735196705,4378.19475761735
974,Diabetes and kidney diseases,409,2,Male,30-34 years,7184.23996321922,8573.30472129364,6254.7098125249195
974,Diabetes and kidney diseases,409,2,Male,35-39 years,10591.53110854618,11944.60934410708,9309.02145795348
974,Diabetes and kidney diseases,409,2,Male,40-44 years,14407.47956799694,16003.56839328233,13075.22778594451
974,Diabetes and kidney diseases,409,2,Male,45-49 years,19587.29444017549,20994.622039623027,18010.598222147102
974,Diabetes and kidney diseases,409,2,Male,50-54 years,26267.11055933696,28476.667303876453,23759.84971522762
974,Diabetes and kidney diseases,409,2,Male,55-59 years,33054.64108271593,35800.52634224959,30557.86613210864
974,Diabetes and kidney diseases,409,2,Male,60-64 years,40501.76960611641,43221.22013894085,37840.206972094245
974,Diabetes and kidney diseases,409,2,Male,65-69 years,49017.59581161913,52512.045277117715,46019.82992680118
974,Diabetes and kidney diseases,409,2,Male,70-74 years,56423.38066558975,59552.46105171742,53526.261906536434
974,Diabetes and kidney diseases,409,2,Male,75-79 years,61920.60472240017,64975.40008242837,58473.038092212526
974,Diabetes and kidney diseases,409,2,Male,80-84 years,66556.26557321017,69651.48073261074,63976.755391252314
974,Diabetes and kidney diseases,409,2,Male,85-89 years,69694.94860978282,72954.21069153813,66648.77039581169
974,Diabetes and kidney diseases,409,2,Male,90-94 years,71117.0580406939,74030.7509584654,67931.6458280192
974,Diabetes and kidney diseases,409,2,Male,95+ years,72042.07998956472,75734.9936380303,68433.53045317101
