from,col1,to,col3,OR
B82,"Anaemia other, unspecified",B78,Hereditary haemolytic anaemia,2.097
T90,Type 2 Diabetes mellitus,B78,Hereditary haemolytic anaemia,1.201
B78,Hereditary haemolytic anaemia,B81,Anaemia vitamin B12/folate deficiency,1.489
B82,"Anaemia other, unspecified",B81,Anaemia vitamin B12/folate deficiency,2.101
D77,Digestive ca. other/NOS,B81,Anaemia vitamin B12/folate deficiency,1.243
D98,Cholecystitis/cholelithiasis,B81,Anaemia vitamin B12/folate deficiency,1.478
F83,Retinopathy,B81,Anaemia vitamin B12/folate deficiency,1.799
K74,Ischaemic heart dis. with angina,B81,Anaemia vitamin B12/folate deficiency,1.294
K76,Ischaemic heart dis. without angina,B81,Anaemia vitamin B12/folate deficiency,1.229
K77,Heart failure,B81,Anaemia vitamin B12/folate deficiency,1.381
K82,Pulmonary heart dis.,B81,Anaemia vitamin B12/folate deficiency,1.424
K87,Hypertension complicated,B81,Anaemia vitamin B12/folate deficiency,1.258
K89,Transient cerebral ischaemia,B81,Anaemia vitamin B12/folate deficiency,1.299
K92,Atherosclerosis/peripheral vascular dis,B81,Anaemia vitamin B12/folate deficiency,1.406
P71,"Psychosis organic, other",B81,Anaemia vitamin B12/folate deficiency,1.671
T89,Type 1 Diabetes mellitus,B81,Anaemia vitamin B12/folate deficiency,1.884
T90,Type 2 Diabetes mellitus,B81,Anaemia vitamin B12/folate deficiency,1.438
T99,Endocrine/metabolic/nutrition dis. other,B81,Anaemia vitamin B12/folate deficiency,1.362
U88,Glomerulonephritis/nephrosis,B81,Anaemia vitamin B12/folate deficiency,1.425
U99.01,Chronic renal failure,B81,Anaemia vitamin B12/folate deficiency,1.583
B78,Hereditary haemolytic anaemia,B82,"Anaemia other, unspecified",2.097
D77,Digestive ca. other/NOS,B82,"Anaemia other, unspecified",1.481
D98,Cholecystitis/cholelithiasis,B82,"Anaemia other, unspecified",1.32
F83,Retinopathy,B82,"Anaemia other, unspecified",2.34
F92,Cataract,B82,"Anaemia other, unspecified",1.398
K74,Ischaemic heart dis. with angina,B82,"Anaemia other, unspecified",1.633
K75,Acute myocardial infarction,B82,"Anaemia other, unspecified",1.615
K76,Ischaemic heart dis. without angina,B82,"Anaemia other, unspecified",1.748
K77,Heart failure,B82,"Anaemia other, unspecified",2.1
K82,Pulmonary heart dis.,B82,"Anaemia other, unspecified",2.316
K84,Heart dis. other,B82,"Anaemia other, unspecified",1.466
K86,Hypertension uncomplicated,B82,"Anaemia other, unspecified",1.421
K87,Hypertension complicated,B82,"Anaemia other, unspecified",1.659
K89,Transient cerebral ischaemia,B82,"Anaemia other, unspecified",1.358
K90,Stroke,B82,"Anaemia other, unspecified",1.446
K91,Cerebrovascular dis.,B82,"Anaemia other, unspecified",1.565
K92,Atherosclerosis/peripheral vascular dis,B82,"Anaemia other, unspecified",1.857
N94,Peripheral neuritis/neuropathy,B82,"Anaemia other, unspecified",1.682
P71,"Psychosis organic, other",B82,"Anaemia other, unspecified",1.584
T89,Type 1 Diabetes mellitus,B82,"Anaemia other, unspecified",1.397
T90,Type 2 Diabetes mellitus,B82,"Anaemia other, unspecified",1.725
T99,Endocrine/metabolic/nutrition dis. other,B82,"Anaemia other, unspecified",1.599
U88,Glomerulonephritis/nephrosis,B82,"Anaemia other, unspecified",2.119
U99.01,Chronic renal failure,B82,"Anaemia other, unspecified",3.055
D77,Digestive ca. other/NOS,D76,Pancreas Ca.,2.941
D97,Liver dis. NOS,D76,Pancreas Ca.,1.375
D98,Cholecystitis/cholelithiasis,D76,Pancreas Ca.,1.821
T89,Type 1 Diabetes mellitus,D76,Pancreas Ca.,4.01
T90,Type 2 Diabetes mellitus,D76,Pancreas Ca.,2.423
X77,"Female genital ca, other",D76,Pancreas Ca.,1.857
B81,Anaemia vitamin B12/folate deficiency,D77,Digestive ca. other/NOS,1.243
D76,Pancreas Ca.,D77,Digestive ca. other/NOS,2.941
D97,Liver dis. NOS,D77,Digestive ca. other/NOS,3.989
D98,Cholecystitis/cholelithiasis,D77,Digestive ca. other/NOS,1.744
D99,"Dis. digestive system, other",D77,Digestive ca. other/NOS,1.879
K92,Atherosclerosis/peripheral vascular dis,D77,Digestive ca. other/NOS,1.235
N94,Peripheral neuritis/neuropathy,D77,Digestive ca. other/NOS,1.291
T90,Type 2 Diabetes mellitus,D77,Digestive ca. other/NOS,1.222
X77,"Female genital ca, other",D77,Digestive ca. other/NOS,1.879
B81,Anaemia vitamin B12/folate deficiency,D97,Liver dis. NOS,1.433
B82,"Anaemia other, unspecified",D97,Liver dis. NOS,1.441
D77,Digestive ca. other/NOS,D97,Liver dis. NOS,3.989
D98,Cholecystitis/cholelithiasis,D97,Liver dis. NOS,2.945
D99,"Dis. digestive system, other",D97,Liver dis. NOS,2.209
F83,Retinopathy,D97,Liver dis. NOS,1.307
F92,Cataract,D97,Liver dis. NOS,1.263
K77,Heart failure,D97,Liver dis. NOS,1.283
K86,Hypertension uncomplicated,D97,Liver dis. NOS,1.434
K87,Hypertension complicated,D97,Liver dis. NOS,1.545
K92,Atherosclerosis/peripheral vascular dis,D97,Liver dis. NOS,1.237
N93,Carpal tunnel syndrome,D97,Liver dis. NOS,1.38
N94,Peripheral neuritis/neuropathy,D97,Liver dis. NOS,1.708
P71,"Psychosis organic, other",D97,Liver dis. NOS,1.2
T83/82,Obesity/overweight,D97,Liver dis. NOS,1.792
T90,Type 2 Diabetes mellitus,D97,Liver dis. NOS,1.89
T92,Gout,D97,Liver dis. NOS,1.508
T93,Lipid disorder,D97,Liver dis. NOS,1.353
T99,Endocrine/metabolic/nutrition dis. other,D97,Liver dis. NOS,1.577
U88,Glomerulonephritis/nephrosis,D97,Liver dis. NOS,1.282
X77,"Female genital ca, other",D97,Liver dis. NOS,1.27
B78,Hereditary haemolytic anaemia,D98,Cholecystitis/cholelithiasis,1.245
B81,Anaemia vitamin B12/folate deficiency,D98,Cholecystitis/cholelithiasis,1.478
B82,"Anaemia other, unspecified",D98,Cholecystitis/cholelithiasis,1.32
D77,Digestive ca. other/NOS,D98,Cholecystitis/cholelithiasis,1.744
D99,"Dis. digestive system, other",D98,Cholecystitis/cholelithiasis,2.73
F83,Retinopathy,D98,Cholecystitis/cholelithiasis,1.33
F92,Cataract,D98,Cholecystitis/cholelithiasis,1.39
K74,Ischaemic heart dis. with angina,D98,Cholecystitis/cholelithiasis,1.413
K75,Acute myocardial infarction,D98,Cholecystitis/cholelithiasis,1.25
K76,Ischaemic heart dis. without angina,D98,Cholecystitis/cholelithiasis,1.313
K77,Heart failure,D98,Cholecystitis/cholelithiasis,1.368
K78,Atrial Fibrillation/flutter,D98,Cholecystitis/cholelithiasis,1.351
K84,Heart dis. other,D98,Cholecystitis/cholelithiasis,1.305
K86,Hypertension uncomplicated,D98,Cholecystitis/cholelithiasis,1.247
K91,Cerebrovascular dis.,D98,Cholecystitis/cholelithiasis,1.247
K92,Atherosclerosis/peripheral vascular dis,D98,Cholecystitis/cholelithiasis,1.261
N93,Carpal tunnel syndrome,D98,Cholecystitis/cholelithiasis,1.26
N94,Peripheral neuritis/neuropathy,D98,Cholecystitis/cholelithiasis,1.353
T83/82,Obesity/overweight,D98,Cholecystitis/cholelithiasis,1.55
T90,Type 2 Diabetes mellitus,D98,Cholecystitis/cholelithiasis,1.341
T99,Endocrine/metabolic/nutrition dis. other,D98,Cholecystitis/cholelithiasis,1.296
U88,Glomerulonephritis/nephrosis,D98,Cholecystitis/cholelithiasis,1.301
U99.01,Chronic renal failure,D98,Cholecystitis/cholelithiasis,1.353
X77,"Female genital ca, other",D98,Cholecystitis/cholelithiasis,1.285
B81,Anaemia vitamin B12/folate deficiency,D99,"Dis. digestive system, other",1.929
B82,"Anaemia other, unspecified",D99,"Dis. digestive system, other",2.063
D76,Pancreas Ca.,D99,"Dis. digestive system, other",5.72
D77,Digestive ca. other/NOS,D99,"Dis. digestive system, other",1.879
D97,Liver dis. NOS,D99,"Dis. digestive system, other",2.209
D98,Cholecystitis/cholelithiasis,D99,"Dis. digestive system, other",2.73
F83,Retinopathy,D99,"Dis. digestive system, other",1.7
F84,Macular degeneration,D99,"Dis. digestive system, other",1.376
K74,Ischaemic heart dis. with angina,D99,"Dis. digestive system, other",1.631
K75,Acute myocardial infarction,D99,"Dis. digestive system, other",1.428
K76,Ischaemic heart dis. without angina,D99,"Dis. digestive system, other",1.534
K77,Heart failure,D99,"Dis. digestive system, other",1.615
K78,Atrial Fibrillation/flutter,D99,"Dis. digestive system, other",1.41
K82,Pulmonary heart dis.,D99,"Dis. digestive system, other",1.815
K84,Heart dis. other,D99,"Dis. digestive system, other",1.251
K87,Hypertension complicated,D99,"Dis. digestive system, other",1.433
K89,Transient cerebral ischaemia,D99,"Dis. digestive system, other",1.35
K90,Stroke,D99,"Dis. digestive system, other",1.432
K91,Cerebrovascular dis.,D99,"Dis. digestive system, other",1.667
K92,Atherosclerosis/peripheral vascular dis,D99,"Dis. digestive system, other",2.1
N94,Peripheral neuritis/neuropathy,D99,"Dis. digestive system, other",1.976
P71,"Psychosis organic, other",D99,"Dis. digestive system, other",1.359
T89,Type 1 Diabetes mellitus,D99,"Dis. digestive system, other",2.939
T90,Type 2 Diabetes mellitus,D99,"Dis. digestive system, other",1.587
T99,Endocrine/metabolic/nutrition dis. other,D99,"Dis. digestive system, other",1.53
U88,Glomerulonephritis/nephrosis,D99,"Dis. digestive system, other",1.61
U99.01,Chronic renal failure,D99,"Dis. digestive system, other",1.62
B82,"Anaemia other, unspecified",F83,Retinopathy,2.34
D97,Liver dis. NOS,F83,Retinopathy,1.307
D98,Cholecystitis/cholelithiasis,F83,Retinopathy,1.33
F84,Macular degeneration,F83,Retinopathy,2.32
F92,Cataract,F83,Retinopathy,1.997
K74,Ischaemic heart dis. with angina,F83,Retinopathy,1.996
K76,Ischaemic heart dis. without angina,F83,Retinopathy,2.459
K86,Hypertension uncomplicated,F83,Retinopathy,3.352
K90,Stroke,F83,Retinopathy,2.031
K92,Atherosclerosis/peripheral vascular dis,F83,Retinopathy,3.212
N93,Carpal tunnel syndrome,F83,Retinopathy,1.53
N94,Peripheral neuritis/neuropathy,F83,Retinopathy,5.704
T83/82,Obesity/overweight,F83,Retinopathy,2.003
T89,Type 1 Diabetes mellitus,F83,Retinopathy,25.336
T90,Type 2 Diabetes mellitus,F83,Retinopathy,23.829
T93,Lipid disorder,F83,Retinopathy,1.476
U88,Glomerulonephritis/nephrosis,F83,Retinopathy,5.951
X77,"Female genital ca, other",F83,Retinopathy,1.26
B82,"Anaemia other, unspecified",F84,Macular degeneration,1.223
D97,Liver dis. NOS,F84,Macular degeneration,1.267
D98,Cholecystitis/cholelithiasis,F84,Macular degeneration,1.303
D99,"Dis. digestive system, other",F84,Macular degeneration,1.376
F92,Cataract,F84,Macular degeneration,2.199
K74,Ischaemic heart dis. with angina,F84,Macular degeneration,1.289
K76,Ischaemic heart dis. without angina,F84,Macular degeneration,1.203
K84,Heart dis. other,F84,Macular degeneration,1.421
K86,Hypertension uncomplicated,F84,Macular degeneration,1.264
K87,Hypertension complicated,F84,Macular degeneration,1.387
K89,Transient cerebral ischaemia,F84,Macular degeneration,1.352
K91,Cerebrovascular dis.,F84,Macular degeneration,1.406
K92,Atherosclerosis/peripheral vascular dis,F84,Macular degeneration,1.354
N94,Peripheral neuritis/neuropathy,F84,Macular degeneration,1.479
T90,Type 2 Diabetes mellitus,F84,Macular degeneration,1.26
T99,Endocrine/metabolic/nutrition dis. other,F84,Macular degeneration,1.205
U99.01,Chronic renal failure,F84,Macular degeneration,1.34
B81,Anaemia vitamin B12/folate deficiency,F92,Cataract,1.277
B82,"Anaemia other, unspecified",F92,Cataract,1.398
D98,Cholecystitis/cholelithiasis,F92,Cataract,1.39
D99,"Dis. digestive system, other",F92,Cataract,1.383
F83,Retinopathy,F92,Cataract,1.997
F93,Glaucoma,F92,Cataract,1.899
K74,Ischaemic heart dis. with angina,F92,Cataract,1.37
K76,Ischaemic heart dis. without angina,F92,Cataract,1.23
K78,Atrial Fibrillation/flutter,F92,Cataract,1.239
K86,Hypertension uncomplicated,F92,Cataract,1.353
K87,Hypertension complicated,F92,Cataract,1.415
K89,Transient cerebral ischaemia,F92,Cataract,1.323
K91,Cerebrovascular dis.,F92,Cataract,1.323
N93,Carpal tunnel syndrome,F92,Cataract,1.384
N94,Peripheral neuritis/neuropathy,F92,Cataract,1.565
T83/82,Obesity/overweight,F92,Cataract,1.277
T89,Type 1 Diabetes mellitus,F92,Cataract,1.467
T90,Type 2 Diabetes mellitus,F92,Cataract,1.379
T92,Gout,F92,Cataract,1.297
U88,Glomerulonephritis/nephrosis,F92,Cataract,1.457
F83,Retinopathy,F93,Glaucoma,1.829
F84,Macular degeneration,F93,Glaucoma,1.687
K84,Heart dis. other,F93,Glaucoma,1.214
K86,Hypertension uncomplicated,F93,Glaucoma,1.427
K92,Atherosclerosis/peripheral vascular dis,F93,Glaucoma,1.254
N93,Carpal tunnel syndrome,F93,Glaucoma,1.224
N94,Peripheral neuritis/neuropathy,F93,Glaucoma,1.391
T89,Type 1 Diabetes mellitus,F93,Glaucoma,1.912
T90,Type 2 Diabetes mellitus,F93,Glaucoma,1.506
T93,Lipid disorder,F93,Glaucoma,1.227
U88,Glomerulonephritis/nephrosis,F93,Glaucoma,1.334
D98,Cholecystitis/cholelithiasis,K74,Ischaemic heart dis. with angina,1.413
F83,Retinopathy,K74,Ischaemic heart dis. with angina,1.996
F92,Cataract,K74,Ischaemic heart dis. with angina,1.37
K75,Acute myocardial infarction,K74,Ischaemic heart dis. with angina,5.429
K78,Atrial Fibrillation/flutter,K74,Ischaemic heart dis. with angina,1.957
K84,Heart dis. other,K74,Ischaemic heart dis. with angina,1.654
K86,Hypertension uncomplicated,K74,Ischaemic heart dis. with angina,1.9
K87,Hypertension complicated,K74,Ischaemic heart dis. with angina,1.871
K89,Transient cerebral ischaemia,K74,Ischaemic heart dis. with angina,1.428
K90,Stroke,K74,Ischaemic heart dis. with angina,1.357
K91,Cerebrovascular dis.,K74,Ischaemic heart dis. with angina,1.568
K92,Atherosclerosis/peripheral vascular dis,K74,Ischaemic heart dis. with angina,2.059
N93,Carpal tunnel syndrome,K74,Ischaemic heart dis. with angina,1.29
T83/82,Obesity/overweight,K74,Ischaemic heart dis. with angina,1.458
T89,Type 1 Diabetes mellitus,K74,Ischaemic heart dis. with angina,1.747
T93,Lipid disorder,K74,Ischaemic heart dis. with angina,1.789
T99,Endocrine/metabolic/nutrition dis. other,K74,Ischaemic heart dis. with angina,1.279
B82,"Anaemia other, unspecified",K75,Acute myocardial infarction,1.615
D98,Cholecystitis/cholelithiasis,K75,Acute myocardial infarction,1.25
F83,Retinopathy,K75,Acute myocardial infarction,2.183
K77,Heart failure,K75,Acute myocardial infarction,3.272
K84,Heart dis. other,K75,Acute myocardial infarction,1.403
K86,Hypertension uncomplicated,K75,Acute myocardial infarction,1.506
K89,Transient cerebral ischaemia,K75,Acute myocardial infarction,1.318
K90,Stroke,K75,Acute myocardial infarction,1.574
K92,Atherosclerosis/peripheral vascular dis,K75,Acute myocardial infarction,2.353
N94,Peripheral neuritis/neuropathy,K75,Acute myocardial infarction,1.479
T83/82,Obesity/overweight,K75,Acute myocardial infarction,1.264
T89,Type 1 Diabetes mellitus,K75,Acute myocardial infarction,2.393
T90,Type 2 Diabetes mellitus,K75,Acute myocardial infarction,2.066
T93,Lipid disorder,K75,Acute myocardial infarction,1.728
U88,Glomerulonephritis/nephrosis,K75,Acute myocardial infarction,1.717
U99.01,Chronic renal failure,K75,Acute myocardial infarction,1.932
B82,"Anaemia other, unspecified",K76,Ischaemic heart dis. without angina,1.748
D98,Cholecystitis/cholelithiasis,K76,Ischaemic heart dis. without angina,1.313
F83,Retinopathy,K76,Ischaemic heart dis. without angina,2.459
K74,Ischaemic heart dis. with angina,K76,Ischaemic heart dis. without angina,7.594
K75,Acute myocardial infarction,K76,Ischaemic heart dis. without angina,11.301
K84,Heart dis. other,K76,Ischaemic heart dis. without angina,1.671
K86,Hypertension uncomplicated,K76,Ischaemic heart dis. without angina,1.782
K87,Hypertension complicated,K76,Ischaemic heart dis. without angina,1.74
K89,Transient cerebral ischaemia,K76,Ischaemic heart dis. without angina,1.399
K90,Stroke,K76,Ischaemic heart dis. without angina,1.564
K91,Cerebrovascular dis.,K76,Ischaemic heart dis. without angina,1.847
N94,Peripheral neuritis/neuropathy,K76,Ischaemic heart dis. without angina,1.683
T83/82,Obesity/overweight,K76,Ischaemic heart dis. without angina,1.36
T89,Type 1 Diabetes mellitus,K76,Ischaemic heart dis. without angina,2.439
T90,Type 2 Diabetes mellitus,K76,Ischaemic heart dis. without angina,2.161
T93,Lipid disorder,K76,Ischaemic heart dis. without angina,1.808
T99,Endocrine/metabolic/nutrition dis. other,K76,Ischaemic heart dis. without angina,1.302
U99.01,Chronic renal failure,K76,Ischaemic heart dis. without angina,1.964
B81,Anaemia vitamin B12/folate deficiency,K77,Heart failure,1.381
D99,"Dis. digestive system, other",K77,Heart failure,1.615
F83,Retinopathy,K77,Heart failure,2.173
K74,Ischaemic heart dis. with angina,K77,Heart failure,2.554
K75,Acute myocardial infarction,K77,Heart failure,3.272
K76,Ischaemic heart dis. without angina,K77,Heart failure,3.42
K78,Atrial Fibrillation/flutter,K77,Heart failure,6.206
K84,Heart dis. other,K77,Heart failure,2.404
K86,Hypertension uncomplicated,K77,Heart failure,1.774
K87,Hypertension complicated,K77,Heart failure,2.58
K89,Transient cerebral ischaemia,K77,Heart failure,1.357
K91,Cerebrovascular dis.,K77,Heart failure,1.36
K92,Atherosclerosis/peripheral vascular dis,K77,Heart failure,1.924
N94,Peripheral neuritis/neuropathy,K77,Heart failure,1.644
T83/82,Obesity/overweight,K77,Heart failure,1.677
T89,Type 1 Diabetes mellitus,K77,Heart failure,2.117
T90,Type 2 Diabetes mellitus,K77,Heart failure,1.867
T92,Gout,K77,Heart failure,1.922
T99,Endocrine/metabolic/nutrition dis. other,K77,Heart failure,1.773
U88,Glomerulonephritis/nephrosis,K77,Heart failure,1.727
U99.01,Chronic renal failure,K77,Heart failure,2.561
B82,"Anaemia other, unspecified",K78,Atrial Fibrillation/flutter,1.638
D99,"Dis. digestive system, other",K78,Atrial Fibrillation/flutter,1.41
F83,Retinopathy,K78,Atrial Fibrillation/flutter,1.35
F92,Cataract,K78,Atrial Fibrillation/flutter,1.239
K74,Ischaemic heart dis. with angina,K78,Atrial Fibrillation/flutter,1.957
K75,Acute myocardial infarction,K78,Atrial Fibrillation/flutter,1.72
K76,Ischaemic heart dis. without angina,K78,Atrial Fibrillation/flutter,2.024
K77,Heart failure,K78,Atrial Fibrillation/flutter,6.206
K84,Heart dis. other,K78,Atrial Fibrillation/flutter,1.748
K86,Hypertension uncomplicated,K78,Atrial Fibrillation/flutter,1.737
K87,Hypertension complicated,K78,Atrial Fibrillation/flutter,2.397
K89,Transient cerebral ischaemia,K78,Atrial Fibrillation/flutter,1.619
K91,Cerebrovascular dis.,K78,Atrial Fibrillation/flutter,1.37
K92,Atherosclerosis/peripheral vascular dis,K78,Atrial Fibrillation/flutter,1.583
P71,"Psychosis organic, other",K78,Atrial Fibrillation/flutter,1.292
T83/82,Obesity/overweight,K78,Atrial Fibrillation/flutter,1.54
T99,Endocrine/metabolic/nutrition dis. other,K78,Atrial Fibrillation/flutter,1.541
U99.01,Chronic renal failure,K78,Atrial Fibrillation/flutter,1.881
B78,Hereditary haemolytic anaemia,K82,Pulmonary heart dis.,1.609
B81,Anaemia vitamin B12/folate deficiency,K82,Pulmonary heart dis.,1.424
B82,"Anaemia other, unspecified",K82,Pulmonary heart dis.,2.316
D97,Liver dis. NOS,K82,Pulmonary heart dis.,1.801
D98,Cholecystitis/cholelithiasis,K82,Pulmonary heart dis.,1.568
D99,"Dis. digestive system, other",K82,Pulmonary heart dis.,1.815
F83,Retinopathy,K82,Pulmonary heart dis.,1.79
F92,Cataract,K82,Pulmonary heart dis.,1.407
K74,Ischaemic heart dis. with angina,K82,Pulmonary heart dis.,1.856
K75,Acute myocardial infarction,K82,Pulmonary heart dis.,1.696
K76,Ischaemic heart dis. without angina,K82,Pulmonary heart dis.,2.169
K77,Heart failure,K82,Pulmonary heart dis.,9.551
K78,Atrial Fibrillation/flutter,K82,Pulmonary heart dis.,8.088
K84,Heart dis. other,K82,Pulmonary heart dis.,2.583
K86,Hypertension uncomplicated,K82,Pulmonary heart dis.,1.608
K87,Hypertension complicated,K82,Pulmonary heart dis.,4.234
K90,Stroke,K82,Pulmonary heart dis.,1.227
K92,Atherosclerosis/peripheral vascular dis,K82,Pulmonary heart dis.,1.893
N94,Peripheral neuritis/neuropathy,K82,Pulmonary heart dis.,1.531
T83/82,Obesity/overweight,K82,Pulmonary heart dis.,1.81
T90,Type 2 Diabetes mellitus,K82,Pulmonary heart dis.,1.647
T92,Gout,K82,Pulmonary heart dis.,2.056
U88,Glomerulonephritis/nephrosis,K82,Pulmonary heart dis.,1.833
U99.01,Chronic renal failure,K82,Pulmonary heart dis.,2.569
B82,"Anaemia other, unspecified",K84,Heart dis. other,1.466
D98,Cholecystitis/cholelithiasis,K84,Heart dis. other,1.305
F83,Retinopathy,K84,Heart dis. other,1.901
F92,Cataract,K84,Heart dis. other,1.483
F93,Glaucoma,K84,Heart dis. other,1.214
K74,Ischaemic heart dis. with angina,K84,Heart dis. other,1.654
K86,Hypertension uncomplicated,K84,Heart dis. other,2.14
K87,Hypertension complicated,K84,Heart dis. other,2.8
K89,Transient cerebral ischaemia,K84,Heart dis. other,1.264
K91,Cerebrovascular dis.,K84,Heart dis. other,1.285
K92,Atherosclerosis/peripheral vascular dis,K84,Heart dis. other,1.384
N94,Peripheral neuritis/neuropathy,K84,Heart dis. other,1.372
P71,"Psychosis organic, other",K84,Heart dis. other,1.239
T83/82,Obesity/overweight,K84,Heart dis. other,1.51
T90,Type 2 Diabetes mellitus,K84,Heart dis. other,1.613
T92,Gout,K84,Heart dis. other,1.45
T93,Lipid disorder,K84,Heart dis. other,1.253
T99,Endocrine/metabolic/nutrition dis. other,K84,Heart dis. other,1.49
U99.01,Chronic renal failure,K84,Heart dis. other,1.784
B82,"Anaemia other, unspecified",K86,Hypertension uncomplicated,1.421
D98,Cholecystitis/cholelithiasis,K86,Hypertension uncomplicated,1.247
F84,Macular degeneration,K86,Hypertension uncomplicated,1.264
F93,Glaucoma,K86,Hypertension uncomplicated,1.427
K89,Transient cerebral ischaemia,K86,Hypertension uncomplicated,1.687
K90,Stroke,K86,Hypertension uncomplicated,1.937
K91,Cerebrovascular dis.,K86,Hypertension uncomplicated,1.891
K92,Atherosclerosis/peripheral vascular dis,K86,Hypertension uncomplicated,1.714
T83/82,Obesity/overweight,K86,Hypertension uncomplicated,2.857
T89,Type 1 Diabetes mellitus,K86,Hypertension uncomplicated,1.55
T90,Type 2 Diabetes mellitus,K86,Hypertension uncomplicated,2.759
T93,Lipid disorder,K86,Hypertension uncomplicated,1.686
T99,Endocrine/metabolic/nutrition dis. other,K86,Hypertension uncomplicated,1.985
U88,Glomerulonephritis/nephrosis,K86,Hypertension uncomplicated,3.021
B81,Anaemia vitamin B12/folate deficiency,K87,Hypertension complicated,1.258
B82,"Anaemia other, unspecified",K87,Hypertension complicated,1.659
D97,Liver dis. NOS,K87,Hypertension complicated,1.545
D98,Cholecystitis/cholelithiasis,K87,Hypertension complicated,1.352
D99,"Dis. digestive system, other",K87,Hypertension complicated,1.433
F83,Retinopathy,K87,Hypertension complicated,2.188
F84,Macular degeneration,K87,Hypertension complicated,1.387
F92,Cataract,K87,Hypertension complicated,1.415
F93,Glaucoma,K87,Hypertension complicated,1.239
K74,Ischaemic heart dis. with angina,K87,Hypertension complicated,1.871
K75,Acute myocardial infarction,K87,Hypertension complicated,1.206
K76,Ischaemic heart dis. without angina,K87,Hypertension complicated,1.74
K86,Hypertension uncomplicated,K87,Hypertension complicated,9.578
K89,Transient cerebral ischaemia,K87,Hypertension complicated,1.465
K90,Stroke,K87,Hypertension complicated,1.506
K91,Cerebrovascular dis.,K87,Hypertension complicated,1.815
K92,Atherosclerosis/peripheral vascular dis,K87,Hypertension complicated,1.657
N94,Peripheral neuritis/neuropathy,K87,Hypertension complicated,1.473
T83/82,Obesity/overweight,K87,Hypertension complicated,2.021
T89,Type 1 Diabetes mellitus,K87,Hypertension complicated,1.282
T90,Type 2 Diabetes mellitus,K87,Hypertension complicated,1.692
T92,Gout,K87,Hypertension complicated,1.818
T93,Lipid disorder,K87,Hypertension complicated,1.444
U88,Glomerulonephritis/nephrosis,K87,Hypertension complicated,2.139
U99.01,Chronic renal failure,K87,Hypertension complicated,2.332
B81,Anaemia vitamin B12/folate deficiency,K89,Transient cerebral ischaemia,1.299
B82,"Anaemia other, unspecified",K89,Transient cerebral ischaemia,1.358
D98,Cholecystitis/cholelithiasis,K89,Transient cerebral ischaemia,1.23
F83,Retinopathy,K89,Transient cerebral ischaemia,1.567
F84,Macular degeneration,K89,Transient cerebral ischaemia,1.352
F92,Cataract,K89,Transient cerebral ischaemia,1.323
K74,Ischaemic heart dis. with angina,K89,Transient cerebral ischaemia,1.428
K75,Acute myocardial infarction,K89,Transient cerebral ischaemia,1.318
K76,Ischaemic heart dis. without angina,K89,Transient cerebral ischaemia,1.399
K84,Heart dis. other,K89,Transient cerebral ischaemia,1.264
K86,Hypertension uncomplicated,K89,Transient cerebral ischaemia,1.687
K87,Hypertension complicated,K89,Transient cerebral ischaemia,1.465
K90,Stroke,K89,Transient cerebral ischaemia,2.399
K92,Atherosclerosis/peripheral vascular dis,K89,Transient cerebral ischaemia,1.739
N94,Peripheral neuritis/neuropathy,K89,Transient cerebral ischaemia,1.438
T89,Type 1 Diabetes mellitus,K89,Transient cerebral ischaemia,1.265
T92,Gout,K89,Transient cerebral ischaemia,1.243
T93,Lipid disorder,K89,Transient cerebral ischaemia,1.311
U99.01,Chronic renal failure,K89,Transient cerebral ischaemia,1.402
B81,Anaemia vitamin B12/folate deficiency,K90,Stroke,1.438
B82,"Anaemia other, unspecified",K90,Stroke,1.446
D99,"Dis. digestive system, other",K90,Stroke,1.432
F83,Retinopathy,K90,Stroke,2.031
K74,Ischaemic heart dis. with angina,K90,Stroke,1.357
K75,Acute myocardial infarction,K90,Stroke,1.574
K77,Heart failure,K90,Stroke,1.594
K78,Atrial Fibrillation/flutter,K90,Stroke,2.177
K86,Hypertension uncomplicated,K90,Stroke,1.937
K89,Transient cerebral ischaemia,K90,Stroke,2.399
K92,Atherosclerosis/peripheral vascular dis,K90,Stroke,1.951
P71,"Psychosis organic, other",K90,Stroke,1.71
T89,Type 1 Diabetes mellitus,K90,Stroke,1.922
T90,Type 2 Diabetes mellitus,K90,Stroke,1.644
U88,Glomerulonephritis/nephrosis,K90,Stroke,1.484
B81,Anaemia vitamin B12/folate deficiency,K91,Cerebrovascular dis.,1.379
B82,"Anaemia other, unspecified",K91,Cerebrovascular dis.,1.565
D98,Cholecystitis/cholelithiasis,K91,Cerebrovascular dis.,1.247
D99,"Dis. digestive system, other",K91,Cerebrovascular dis.,1.667
F83,Retinopathy,K91,Cerebrovascular dis.,1.879
F84,Macular degeneration,K91,Cerebrovascular dis.,1.406
F92,Cataract,K91,Cerebrovascular dis.,1.323
F93,Glaucoma,K91,Cerebrovascular dis.,1.251
K74,Ischaemic heart dis. with angina,K91,Cerebrovascular dis.,1.568
K75,Acute myocardial infarction,K91,Cerebrovascular dis.,1.519
K76,Ischaemic heart dis. without angina,K91,Cerebrovascular dis.,1.847
K78,Atrial Fibrillation/flutter,K91,Cerebrovascular dis.,1.37
K84,Heart dis. other,K91,Cerebrovascular dis.,1.285
K86,Hypertension uncomplicated,K91,Cerebrovascular dis.,1.891
K87,Hypertension complicated,K91,Cerebrovascular dis.,1.815
K89,Transient cerebral ischaemia,K91,Cerebrovascular dis.,3.717
K90,Stroke,K91,Cerebrovascular dis.,5.723
K92,Atherosclerosis/peripheral vascular dis,K91,Cerebrovascular dis.,3.098
P71,"Psychosis organic, other",K91,Cerebrovascular dis.,1.949
T89,Type 1 Diabetes mellitus,K91,Cerebrovascular dis.,1.604
T90,Type 2 Diabetes mellitus,K91,Cerebrovascular dis.,1.416
T93,Lipid disorder,K91,Cerebrovascular dis.,1.459
T99,Endocrine/metabolic/nutrition dis. other,K91,Cerebrovascular dis.,1.201
U88,Glomerulonephritis/nephrosis,K91,Cerebrovascular dis.,1.625
U99.01,Chronic renal failure,K91,Cerebrovascular dis.,1.55
B82,"Anaemia other, unspecified",K92,Atherosclerosis/peripheral vascular dis,1.857
D77,Digestive ca. other/NOS,K92,Atherosclerosis/peripheral vascular dis,1.235
D97,Liver dis. NOS,K92,Atherosclerosis/peripheral vascular dis,1.237
D98,Cholecystitis/cholelithiasis,K92,Atherosclerosis/peripheral vascular dis,1.261
F83,Retinopathy,K92,Atherosclerosis/peripheral vascular dis,3.212
F84,Macular degeneration,K92,Atherosclerosis/peripheral vascular dis,1.354
F92,Cataract,K92,Atherosclerosis/peripheral vascular dis,1.408
F93,Glaucoma,K92,Atherosclerosis/peripheral vascular dis,1.254
K74,Ischaemic heart dis. with angina,K92,Atherosclerosis/peripheral vascular dis,2.059
K75,Acute myocardial infarction,K92,Atherosclerosis/peripheral vascular dis,2.353
K76,Ischaemic heart dis. without angina,K92,Atherosclerosis/peripheral vascular dis,2.464
K77,Heart failure,K92,Atherosclerosis/peripheral vascular dis,1.924
K82,Pulmonary heart dis.,K92,Atherosclerosis/peripheral vascular dis,1.893
K84,Heart dis. other,K92,Atherosclerosis/peripheral vascular dis,1.384
K86,Hypertension uncomplicated,K92,Atherosclerosis/peripheral vascular dis,1.714
K89,Transient cerebral ischaemia,K92,Atherosclerosis/peripheral vascular dis,1.739
K90,Stroke,K92,Atherosclerosis/peripheral vascular dis,1.951
K91,Cerebrovascular dis.,K92,Atherosclerosis/peripheral vascular dis,3.098
N93,Carpal tunnel syndrome,K92,Atherosclerosis/peripheral vascular dis,1.259
N94,Peripheral neuritis/neuropathy,K92,Atherosclerosis/peripheral vascular dis,2.752
P71,"Psychosis organic, other",K92,Atherosclerosis/peripheral vascular dis,1.294
T89,Type 1 Diabetes mellitus,K92,Atherosclerosis/peripheral vascular dis,3.053
T90,Type 2 Diabetes mellitus,K92,Atherosclerosis/peripheral vascular dis,2.039
T93,Lipid disorder,K92,Atherosclerosis/peripheral vascular dis,1.42
T99,Endocrine/metabolic/nutrition dis. other,K92,Atherosclerosis/peripheral vascular dis,1.318
U88,Glomerulonephritis/nephrosis,K92,Atherosclerosis/peripheral vascular dis,2.188
U99.01,Chronic renal failure,K92,Atherosclerosis/peripheral vascular dis,2.094
D97,Liver dis. NOS,N93,Carpal tunnel syndrome,1.38
D98,Cholecystitis/cholelithiasis,N93,Carpal tunnel syndrome,1.26
F83,Retinopathy,N93,Carpal tunnel syndrome,1.53
F84,Macular degeneration,N93,Carpal tunnel syndrome,1.29
F92,Cataract,N93,Carpal tunnel syndrome,1.384
F93,Glaucoma,N93,Carpal tunnel syndrome,1.224
K87,Hypertension complicated,N93,Carpal tunnel syndrome,1.246
K92,Atherosclerosis/peripheral vascular dis,N93,Carpal tunnel syndrome,1.259
N94,Peripheral neuritis/neuropathy,N93,Carpal tunnel syndrome,2.549
T83/82,Obesity/overweight,N93,Carpal tunnel syndrome,1.588
T89,Type 1 Diabetes mellitus,N93,Carpal tunnel syndrome,1.464
T90,Type 2 Diabetes mellitus,N93,Carpal tunnel syndrome,1.24
T93,Lipid disorder,N93,Carpal tunnel syndrome,1.256
B81,Anaemia vitamin B12/folate deficiency,N94,Peripheral neuritis/neuropathy,1.887
B82,"Anaemia other, unspecified",N94,Peripheral neuritis/neuropathy,1.682
D77,Digestive ca. other/NOS,N94,Peripheral neuritis/neuropathy,1.291
D97,Liver dis. NOS,N94,Peripheral neuritis/neuropathy,1.708
D98,Cholecystitis/cholelithiasis,N94,Peripheral neuritis/neuropathy,1.353
D99,"Dis. digestive system, other",N94,Peripheral neuritis/neuropathy,1.976
F83,Retinopathy,N94,Peripheral neuritis/neuropathy,5.704
F84,Macular degeneration,N94,Peripheral neuritis/neuropathy,1.479
F93,Glaucoma,N94,Peripheral neuritis/neuropathy,1.391
K74,Ischaemic heart dis. with angina,N94,Peripheral neuritis/neuropathy,1.639
K77,Heart failure,N94,Peripheral neuritis/neuropathy,1.644
K84,Heart dis. other,N94,Peripheral neuritis/neuropathy,1.372
K86,Hypertension uncomplicated,N94,Peripheral neuritis/neuropathy,1.301
K87,Hypertension complicated,N94,Peripheral neuritis/neuropathy,1.473
K89,Transient cerebral ischaemia,N94,Peripheral neuritis/neuropathy,1.438
K90,Stroke,N94,Peripheral neuritis/neuropathy,1.539
K91,Cerebrovascular dis.,N94,Peripheral neuritis/neuropathy,1.737
K92,Atherosclerosis/peripheral vascular dis,N94,Peripheral neuritis/neuropathy,2.752
N93,Carpal tunnel syndrome,N94,Peripheral neuritis/neuropathy,2.549
P71,"Psychosis organic, other",N94,Peripheral neuritis/neuropathy,1.388
T83/82,Obesity/overweight,N94,Peripheral neuritis/neuropathy,1.39
T89,Type 1 Diabetes mellitus,N94,Peripheral neuritis/neuropathy,5.224
T90,Type 2 Diabetes mellitus,N94,Peripheral neuritis/neuropathy,2.704
T99,Endocrine/metabolic/nutrition dis. other,N94,Peripheral neuritis/neuropathy,1.206
U88,Glomerulonephritis/nephrosis,N94,Peripheral neuritis/neuropathy,2.713
X77,"Female genital ca, other",N94,Peripheral neuritis/neuropathy,1.224
B81,Anaemia vitamin B12/folate deficiency,P71,"Psychosis organic, other",1.671
D99,"Dis. digestive system, other",P71,"Psychosis organic, other",1.359
F83,Retinopathy,P71,"Psychosis organic, other",1.436
F84,Macular degeneration,P71,"Psychosis organic, other",1.429
F92,Cataract,P71,"Psychosis organic, other",1.41
K76,Ischaemic heart dis. without angina,P71,"Psychosis organic, other",1.217
K77,Heart failure,P71,"Psychosis organic, other",1.225
K78,Atrial Fibrillation/flutter,P71,"Psychosis organic, other",1.292
K87,Hypertension complicated,P71,"Psychosis organic, other",1.315
K89,Transient cerebral ischaemia,P71,"Psychosis organic, other",1.56
K90,Stroke,P71,"Psychosis organic, other",1.71
K91,Cerebrovascular dis.,P71,"Psychosis organic, other",1.949
N94,Peripheral neuritis/neuropathy,P71,"Psychosis organic, other",1.388
U88,Glomerulonephritis/nephrosis,P71,"Psychosis organic, other",1.28
U99.01,Chronic renal failure,P71,"Psychosis organic, other",1.399
P71,"Psychosis organic, other",P72,Schizophrenia,3.151
F83,Retinopathy,T83/82,Obesity/overweight,2.003
F92,Cataract,T83/82,Obesity/overweight,1.277
K82,Pulmonary heart dis.,T83/82,Obesity/overweight,1.81
P72,Schizophrenia,T83/82,Obesity/overweight,1.448
T93,Lipid disorder,T83/82,Obesity/overweight,1.402
U88,Glomerulonephritis/nephrosis,T83/82,Obesity/overweight,1.559
D76,Pancreas Ca.,T89,Type 1 Diabetes mellitus,4.01
T90,Type 2 Diabetes mellitus,T89,Type 1 Diabetes mellitus,3.925
B78,Hereditary haemolytic anaemia,T90,Type 2 Diabetes mellitus,1.201
B81,Anaemia vitamin B12/folate deficiency,T90,Type 2 Diabetes mellitus,1.438
B82,"Anaemia other, unspecified",T90,Type 2 Diabetes mellitus,1.725
D77,Digestive ca. other/NOS,T90,Type 2 Diabetes mellitus,1.222
D97,Liver dis. NOS,T90,Type 2 Diabetes mellitus,1.89
D98,Cholecystitis/cholelithiasis,T90,Type 2 Diabetes mellitus,1.341
D99,"Dis. digestive system, other",T90,Type 2 Diabetes mellitus,1.587
F92,Cataract,T90,Type 2 Diabetes mellitus,1.379
K74,Ischaemic heart dis. with angina,T90,Type 2 Diabetes mellitus,1.894
K76,Ischaemic heart dis. without angina,T90,Type 2 Diabetes mellitus,2.161
K77,Heart failure,T90,Type 2 Diabetes mellitus,1.867
K78,Atrial Fibrillation/flutter,T90,Type 2 Diabetes mellitus,1.372
K86,Hypertension uncomplicated,T90,Type 2 Diabetes mellitus,2.759
K89,Transient cerebral ischaemia,T90,Type 2 Diabetes mellitus,1.246
K90,Stroke,T90,Type 2 Diabetes mellitus,1.644
N93,Carpal tunnel syndrome,T90,Type 2 Diabetes mellitus,1.24
P71,"Psychosis organic, other",T90,Type 2 Diabetes mellitus,1.209
P72,Schizophrenia,T90,Type 2 Diabetes mellitus,1.293
T83/82,Obesity/overweight,T90,Type 2 Diabetes mellitus,2.584
T89,Type 1 Diabetes mellitus,T90,Type 2 Diabetes mellitus,3.925
T93,Lipid disorder,T90,Type 2 Diabetes mellitus,1.691
T99,Endocrine/metabolic/nutrition dis. other,T90,Type 2 Diabetes mellitus,1.31
U99.01,Chronic renal failure,T90,Type 2 Diabetes mellitus,1.763
X77,"Female genital ca, other",T90,Type 2 Diabetes mellitus,1.38
B82,"Anaemia other, unspecified",T92,Gout,1.622
D97,Liver dis. NOS,T92,Gout,1.508
D98,Cholecystitis/cholelithiasis,T92,Gout,1.274
K74,Ischaemic heart dis. with angina,T92,Gout,1.316
K75,Acute myocardial infarction,T92,Gout,1.204
K76,Ischaemic heart dis. without angina,T92,Gout,1.293
K77,Heart failure,T92,Gout,1.922
K78,Atrial Fibrillation/flutter,T92,Gout,1.775
K82,Pulmonary heart dis.,T92,Gout,2.056
K84,Heart dis. other,T92,Gout,1.45
K86,Hypertension uncomplicated,T92,Gout,2.43
K87,Hypertension complicated,T92,Gout,1.818
K89,Transient cerebral ischaemia,T92,Gout,1.243
K92,Atherosclerosis/peripheral vascular dis,T92,Gout,1.278
N93,Carpal tunnel syndrome,T92,Gout,1.319
T83/82,Obesity/overweight,T92,Gout,2.004
T90,Type 2 Diabetes mellitus,T92,Gout,1.346
T93,Lipid disorder,T92,Gout,1.566
T99,Endocrine/metabolic/nutrition dis. other,T92,Gout,5.105
U88,Glomerulonephritis/nephrosis,T92,Gout,1.931
U99.01,Chronic renal failure,T92,Gout,3.254
X77,"Female genital ca, other",T92,Gout,1.342
F92,Cataract,T93,Lipid disorder,1.265
F93,Glaucoma,T93,Lipid disorder,1.227
K75,Acute myocardial infarction,T93,Lipid disorder,1.728
K84,Heart dis. other,T93,Lipid disorder,1.253
K86,Hypertension uncomplicated,T93,Lipid disorder,1.686
K87,Hypertension complicated,T93,Lipid disorder,1.444
K89,Transient cerebral ischaemia,T93,Lipid disorder,1.311
K90,Stroke,T93,Lipid disorder,1.204
K91,Cerebrovascular dis.,T93,Lipid disorder,1.459
K92,Atherosclerosis/peripheral vascular dis,T93,Lipid disorder,1.42
T83/82,Obesity/overweight,T93,Lipid disorder,1.402
T90,Type 2 Diabetes mellitus,T93,Lipid disorder,1.691
T99,Endocrine/metabolic/nutrition dis. other,T93,Lipid disorder,1.44
U88,Glomerulonephritis/nephrosis,T93,Lipid disorder,1.52
U99.01,Chronic renal failure,T93,Lipid disorder,1.463
B81,Anaemia vitamin B12/folate deficiency,T99,Endocrine/metabolic/nutrition dis. other,1.362
B82,"Anaemia other, unspecified",T99,Endocrine/metabolic/nutrition dis. other,1.599
F84,Macular degeneration,T99,Endocrine/metabolic/nutrition dis. other,1.205
F92,Cataract,T99,Endocrine/metabolic/nutrition dis. other,1.273
K77,Heart failure,T99,Endocrine/metabolic/nutrition dis. other,1.773
K78,Atrial Fibrillation/flutter,T99,Endocrine/metabolic/nutrition dis. other,1.541
K82,Pulmonary heart dis.,T99,Endocrine/metabolic/nutrition dis. other,2.05
K84,Heart dis. other,T99,Endocrine/metabolic/nutrition dis. other,1.49
K86,Hypertension uncomplicated,T99,Endocrine/metabolic/nutrition dis. other,1.985
K87,Hypertension complicated,T99,Endocrine/metabolic/nutrition dis. other,1.967
K91,Cerebrovascular dis.,T99,Endocrine/metabolic/nutrition dis. other,1.201
K92,Atherosclerosis/peripheral vascular dis,T99,Endocrine/metabolic/nutrition dis. other,1.318
T83/82,Obesity/overweight,T99,Endocrine/metabolic/nutrition dis. other,1.679
T90,Type 2 Diabetes mellitus,T99,Endocrine/metabolic/nutrition dis. other,1.31
T93,Lipid disorder,T99,Endocrine/metabolic/nutrition dis. other,1.44
U88,Glomerulonephritis/nephrosis,T99,Endocrine/metabolic/nutrition dis. other,1.929
U99.01,Chronic renal failure,T99,Endocrine/metabolic/nutrition dis. other,3.233
B81,Anaemia vitamin B12/folate deficiency,U88,Glomerulonephritis/nephrosis,1.425
B82,"Anaemia other, unspecified",U88,Glomerulonephritis/nephrosis,2.119
D97,Liver dis. NOS,U88,Glomerulonephritis/nephrosis,1.282
D99,"Dis. digestive system, other",U88,Glomerulonephritis/nephrosis,1.61
F83,Retinopathy,U88,Glomerulonephritis/nephrosis,5.951
K74,Ischaemic heart dis. with angina,U88,Glomerulonephritis/nephrosis,1.603
K75,Acute myocardial infarction,U88,Glomerulonephritis/nephrosis,1.717
K76,Ischaemic heart dis. without angina,U88,Glomerulonephritis/nephrosis,1.893
K77,Heart failure,U88,Glomerulonephritis/nephrosis,1.727
K78,Atrial Fibrillation/flutter,U88,Glomerulonephritis/nephrosis,1.428
K82,Pulmonary heart dis.,U88,Glomerulonephritis/nephrosis,1.833
K84,Heart dis. other,U88,Glomerulonephritis/nephrosis,1.532
K86,Hypertension uncomplicated,U88,Glomerulonephritis/nephrosis,3.021
K89,Transient cerebral ischaemia,U88,Glomerulonephritis/nephrosis,1.346
K91,Cerebrovascular dis.,U88,Glomerulonephritis/nephrosis,1.625
K92,Atherosclerosis/peripheral vascular dis,U88,Glomerulonephritis/nephrosis,2.188
N94,Peripheral neuritis/neuropathy,U88,Glomerulonephritis/nephrosis,2.713
T83/82,Obesity/overweight,U88,Glomerulonephritis/nephrosis,1.559
T89,Type 1 Diabetes mellitus,U88,Glomerulonephritis/nephrosis,7.333
T90,Type 2 Diabetes mellitus,U88,Glomerulonephritis/nephrosis,3.443
T92,Gout,U88,Glomerulonephritis/nephrosis,1.931
T93,Lipid disorder,U88,Glomerulonephritis/nephrosis,1.52
D99,"Dis. digestive system, other",U99.01,Chronic renal failure,1.62
F83,Retinopathy,U99.01,Chronic renal failure,2.695
F84,Macular degeneration,U99.01,Chronic renal failure,1.34
F92,Cataract,U99.01,Chronic renal failure,1.428
K74,Ischaemic heart dis. with angina,U99.01,Chronic renal failure,1.771
K75,Acute myocardial infarction,U99.01,Chronic renal failure,1.932
K77,Heart failure,U99.01,Chronic renal failure,2.561
K82,Pulmonary heart dis.,U99.01,Chronic renal failure,2.569
K84,Heart dis. other,U99.01,Chronic renal failure,1.784
K86,Hypertension uncomplicated,U99.01,Chronic renal failure,3.456
K87,Hypertension complicated,U99.01,Chronic renal failure,2.332
K89,Transient cerebral ischaemia,U99.01,Chronic renal failure,1.402
K90,Stroke,U99.01,Chronic renal failure,1.46
K91,Cerebrovascular dis.,U99.01,Chronic renal failure,1.55
K92,Atherosclerosis/peripheral vascular dis,U99.01,Chronic renal failure,2.094
N94,Peripheral neuritis/neuropathy,U99.01,Chronic renal failure,1.619
P71,"Psychosis organic, other",U99.01,Chronic renal failure,1.399
T83/82,Obesity/overweight,U99.01,Chronic renal failure,1.579
T89,Type 1 Diabetes mellitus,U99.01,Chronic renal failure,2.151
T90,Type 2 Diabetes mellitus,U99.01,Chronic renal failure,1.763
T93,Lipid disorder,U99.01,Chronic renal failure,1.463
U88,Glomerulonephritis/nephrosis,U99.01,Chronic renal failure,2.421
F83,Retinopathy,X77,"Female genital ca, other",1.26
P72,Schizophrenia,X77,"Female genital ca, other",1.42
T83/82,Obesity/overweight,X77,"Female genital ca, other",1.319
T92,Gout,X77,"Female genital ca, other",1.342
