Nodes in T90 subnet,col1,Global multimorbidity network,col3,col4,col5,Prevalence of disease
ICPC2 code,Description,Degree,Position of Degree,PageRank,Position of PageRank,
K82,Pulmonary heart dis.,59,37,0.0124,2,0.17%
N94,Peripheral neuritis/neuropathy,93,1,0.0119,4,1.25%
B82,"Anaemia other, unspecified",89,2,0.0116,5,2.33%
D99,"Dis. digestive system, other",76,9,0.0109,9,0.37%
P71,"Psychosis organic, other",76,10,0.0101,14,1.11%
F83,Retinopathy,40,72,0.0099,19,0.94%
K92,Atherosclerosis/peripheral vascular dis,74,11,0.0096,21,1.69%
K77,Heart failure,58,40,0.0095,23,0.82%
D98,Cholecystitis/cholelithiasis,81,6,0.0094,24,2.60%
K91,Cerebrovascular dis.,70,14,0.0093,27,0.58%
F92,Cataract,80,7,0.0092,29,5.36%
K87,Hypertension complicated,63,28,0.0091,33,1.01%
U99.01,Chronic renal failure,62,32,0.0087,35,3.65%
B81,Anaemia vitamin B12/folate deficiency,64,23,0.0085,36,0.42%
D97,Liver dis. NOS,65,21,0.0083,39,3.36%
K74,Ischaemic heart dis. with angina,62,30,0.0083,40,0.71%
K89,Transient cerebral ischaemia,68,16,0.0080,44,0.53%
K78,Atrial Fibrillation/flutter,47,58,0.0079,47,2.38%
T99,Endocrine/metabolic/nutrition dis. other,58,42,0.0078,51,5.23%
F84,Macular degeneration,64,25,0.0076,52,0.49%
T89,Type 1 Diabetes mellitus,29,96,0.0074,58,0.30%
K84,Heart dis. other,57,44,0.0072,63,3.40%
T90,Type 2 Diabetes mellitus,37,80,0.0072,65,7.86%
K76,Ischaemic heart dis. without angina,44,68,0.0072,67,1.52%
U88,Glomerulonephritis/nephrosis,46,63,0.0071,68,0.42%
K90,Stroke,50,51,0.0071,69,1.29%
P72,Schizophrenia,27,102,0.0069,72,0.45%
D77,Digestive ca. other/NOS,32,91,0.0065,80,0.17%
K86,Hypertension uncomplicated,40,73,0.0065,81,21.10%
T92,Gout,46,62,0.0063,86,1.74%
N93,Carpal tunnel syndrome,47,61,0.0061,89,3.16%
K75,Acute myocardial infarction,35,84,0.0059,92,0.80%
T83/82,Obesity/overweight,40,75,0.0055,97,14.65%
X77,"Female genital ca, other",24,113,0.0053,103,0.21%
F93,Glaucoma,33,88,0.0042,119,3.00%
D76,Pancreas ca.,14,132,0.0042,120,0.03%
T93,Lipid disorder,29,97,0.0039,128,21.19%
B78,Hereditary haemolytic anaemia,9,143,0.0020,147,0.37%
