col0,Nodes,Edges,Diameter,Density,Clustering coefficient,Centralization
OR > 1.2,,,,,,
Multimorbidity undirected network,148,2766,4,0.25,0.58,0.34
Multimorbidity directed network,148,3979,5,0.18,0.58,0.28
Type 2 Diabetes undirected network,38,448,2,0.64,0.8,0.36
Type 2 Diabetes directed network,38,632,4,0.45,0.81,0.29
OR > 1.5,,,,,,
Multimorbidity undirected network,147,1277,4,0.12,0.44,0.2
Multimorbidity directed network,147,1687,6,0.08,0.45,0.14
Type 2 Diabetes undirected network,23,156,2,0.62,0.82,0.38
Type 2 Diabetes directed network,23,221,3,0.44,0.82,0.3
OR > 2,,,,,,
Multimorbidity undirected network,143,525,9,0.05,0.45,0.1
Multimorbidity directed network,143,715,11,0.04,0.45,0.08
Type 2 Diabetes undirected network,11,32,2,0.58,0.83,0.42
Type 2 Diabetes directed network,11,46,4,0.42,0.83,0.31
