col0,Men,col2,col3,Women,col5,col6
,T90,Multimorbidity,%,T90,Multimorbidity,%
Age group,,,,,,
18-49,"41,270","550,071",7.5%,"23,678","671,588",3.5%
50-69,"147,661","543,744",27.2%,"99,111","597,801",16.6%
70+,"101,921","314,166",32.4%,"126,268","458,578",27.5%
Tobacco use,,,,,,
non-smoker,"96,338","484,756",19.9%,"197,092","1,108,391",17.8%
smoker,"70,232","445,612",15.8%,"18,439","315,059",5.9%
ex-smoker,"116,250","399,090",29.1%,"24,119","197,700",12.2%
Rurality,,,,,,
rural,"56,329","271,438",20.8%,"45,220","307,301",14.7%
urban,"234,137","1,135,043",20.6%,"203,363","1,418,371",14.3%
Socioeconomic level,,,,,,
1,"36,733","193,692",19.0%,"29,815","258,294",11.5%
2,"39,429","199,522",19.8%,"33,050","254,512",13.0%
3,"41,927","202,599",20.7%,"35,542","253,184",14.0%
4,"43,138","204,225",21.1%,"37,754","251,875",15.0%
5,"42,682","197,107",21.7%,"38,875","230,978",16.8%
Total,"290,852","1,407,981",20.7%,"249,057","1,727,967",14.4%
