ICPC2 code,Chronic condition,nº connections from different diseases,Precedent diseases
K82,Pulmonary heart dis.,10,"Retinopathy, Ischaemic heart dis. with angina, Acute myocardial infarction, Ischaemic heart dis. without angina, Heart failure, Atrial Fibrillation/flutter, Heart dis. other, Hypertension complicated, Peripheral neuritis/neuropathy, type 2 diabetes"
D99,"Dis. digestive system, other",7,"Retinopathy, Pancreas Ca, Atherosclerosis/peripheral vascular dis, Anaemia vitamin B12/folate deficiency, Endocrine/metabolic/nutrition dis. other, Ischaemic heart dis. without angina, Ischaemic heart dis. with angina"
K78,Atrial Fibrillation/flutter,7,"Acute myocardial infarction, Ischaemic heart dis. without angina, Heart dis. other, Hypertension complicated, Transient cerebral ischaemia, Atherosclerosis/peripheral vascular dis, Chronic renal failure"
K76,Ischaemic heart dis. without angina,6,"Peripheral neuritis/neuropathy, Acute myocardial infarction, Heart dis. other, Chronic renal failure, Stroke, Ischaemic heart dis. with angina"
K77,Heart failure,5,"Retinopathy, Hypertension complicated, Heart dis. other, Ischaemic heart dis. without angina, Ischaemic heart dis. with angina"
U99.01,Chronic renal failure,5,"Retinopathy, Glomerulonephritis/nephrosis, Peripheral neuritis/neuropathy, Stroke, Ischaemic heart dis. with angina"
K87,Hypertension complicated,5,"Retinopathy, Glomerulonephritis/nephrosis, Atherosclerosis/peripheral vascular dis, Stroke, type 2 diabetes"
N94,Peripheral neuritis/neuropathy,5,"Cerebrovascular dis., Anaemia vitamin B12/folate deficiency, Stroke, Ischaemic heart dis. with angina, type 2 diabetes"
K91,Cerebrovascular dis.,4,"Retinopathy, Transient cerebral ischaemia, Stroke, Acute myocardial infarction"
T99,Endocrine/metabolic/nutrition dis. other,4,"Pulmonary heart dis., Hypertension complicated, Glomerulonephritis/nephrosis, Chronic renal failure"
K84,Heart dis. other,4,"Retinopathy, Hypertension complicated, Heart dis. other, Ischaemic heart dis. without angina, Ischaemic heart dis. with angina, Cataract, type 2 diabetes"
U88,Glomerulonephritis/nephrosis,4,"Heart dis. other, Ischaemic heart dis. without angina, Ischaemic heart dis. with angina, type 2 diabetes"
T92,Gout,3,"Chronic renal failure, Endocrine/metabolic/nutrition dis. other, Atrial Fibrillation/flutter"
F92,Cataract,3,"Glomerulonephritis/nephrosis, Peripheral neuritis/neuropathy, Glaucoma"
K90,Stroke,3,"Glomerulonephritis/nephrosis, Heart failure, Atrial Fibrillation/flutter"
B82,"Anaemia other, unspecified",3,"Chronic renal failure, Heart failure, Ischaemic heart dis. with angina"
K75,Acute myocardial infarction,3,"Retinopathy, Peripheral neuritis/neuropathy, type 2 diabetes"
B81,Anaemia vitamin B12/folate deficiency,2,"Retinopathy, Chronic renal failure"
F93,Glaucoma,2,"Retinopathy, type 2 diabetes"
K92,Atherosclerosis/peripheral vascular dis,2,"Ischaemic heart dis. without angina, type 2 diabetes"
