ICPC2 code,Description,ICPC2 code,Description,OR
B82,"Anaemia other, unspecified",B78,Hereditary haemolytic anaemia,2.097
K82,Pulmonary heart dis.,B78,Hereditary haemolytic anaemia,1.609
B81,Anaemia vitamin B12/folate deficiency,B78,Hereditary haemolytic anaemia,1.489
D98,Cholecystitis/cholelithiasis,B78,Hereditary haemolytic anaemia,1.245
K82,Pulmonary heart dis.,B81,Anaemia vitamin B12/folate deficiency,1.424
K82,Pulmonary heart dis.,B82,"Anaemia other, unspecified",2.316
B81,Anaemia vitamin B12/folate deficiency,B82,"Anaemia other, unspecified",2.101
T89,Type 1 Diabetes mellitus,B82,"Anaemia other, unspecified",1.397
F84,Macular degeneration,B82,"Anaemia other, unspecified",1.223
D76,Pancreas Ca.,D77,Digestive ca. other/NOS,2.941
B82,"Anaemia other, unspecified",D77,Digestive ca. other/NOS,1.481
B81,Anaemia vitamin B12/folate deficiency,D77,Digestive ca. other/NOS,1.243
D77,Digestive ca. other/NOS,D97,Liver dis. NOS,3.989
D98,Cholecystitis/cholelithiasis,D97,Liver dis. NOS,2.945
K82,Pulmonary heart dis.,D97,Liver dis. NOS,1.801
T99,Endocrine/metabolic/nutrition dis. other,D97,Liver dis. NOS,1.577
K87,Hypertension complicated,D97,Liver dis. NOS,1.545
B82,"Anaemia other, unspecified",D97,Liver dis. NOS,1.441
B81,Anaemia vitamin B12/folate deficiency,D97,Liver dis. NOS,1.433
D76,Pancreas Ca.,D97,Liver dis. NOS,1.375
F83,Retinopathy,D97,Liver dis. NOS,1.307
K77,Heart failure,D97,Liver dis. NOS,1.283
X77,"Female genital ca, other",D97,Liver dis. NOS,1.27
F84,Macular degeneration,D97,Liver dis. NOS,1.267
K92,Atherosclerosis/peripheral vascular dis,D97,Liver dis. NOS,1.237
P71,"Psychosis organic, other",D97,Liver dis. NOS,1.2
D76,Pancreas Ca.,D98,Cholecystitis/cholelithiasis,1.821
D77,Digestive ca. other/NOS,D98,Cholecystitis/cholelithiasis,1.744
K82,Pulmonary heart dis.,D98,Cholecystitis/cholelithiasis,1.568
B81,Anaemia vitamin B12/folate deficiency,D98,Cholecystitis/cholelithiasis,1.478
B82,"Anaemia other, unspecified",D98,Cholecystitis/cholelithiasis,1.32
F84,Macular degeneration,D98,Cholecystitis/cholelithiasis,1.303
T99,Endocrine/metabolic/nutrition dis. other,D98,Cholecystitis/cholelithiasis,1.296
X77,"Female genital ca, other",D98,Cholecystitis/cholelithiasis,1.285
D76,Pancreas Ca.,D99,"Dis. digestive system, other",5.72
T89,Type 1 Diabetes mellitus,D99,"Dis. digestive system, other",2.939
D98,Cholecystitis/cholelithiasis,D99,"Dis. digestive system, other",2.73
D97,Liver dis. NOS,D99,"Dis. digestive system, other",2.209
K92,Atherosclerosis/peripheral vascular dis,D99,"Dis. digestive system, other",2.1
B82,"Anaemia other, unspecified",D99,"Dis. digestive system, other",2.063
B81,Anaemia vitamin B12/folate deficiency,D99,"Dis. digestive system, other",1.929
D77,Digestive ca. other/NOS,D99,"Dis. digestive system, other",1.879
K82,Pulmonary heart dis.,D99,"Dis. digestive system, other",1.815
F83,Retinopathy,D99,"Dis. digestive system, other",1.7
K91,Cerebrovascular dis.,D99,"Dis. digestive system, other",1.667
K74,Ischaemic heart dis. with angina,D99,"Dis. digestive system, other",1.631
U99.01,Chronic renal failure,D99,"Dis. digestive system, other",1.62
K77,Heart failure,D99,"Dis. digestive system, other",1.615
U88,Glomerulonephritis/nephrosis,D99,"Dis. digestive system, other",1.61
T90,Type 2 Diabetes mellitus,D99,"Dis. digestive system, other",1.587
K76,Ischaemic heart dis. without angina,D99,"Dis. digestive system, other",1.534
T99,Endocrine/metabolic/nutrition dis. other,D99,"Dis. digestive system, other",1.53
K87,Hypertension complicated,D99,"Dis. digestive system, other",1.433
K78,Atrial Fibrillation/flutter,D99,"Dis. digestive system, other",1.41
F92,Cataract,D99,"Dis. digestive system, other",1.383
F84,Macular degeneration,D99,"Dis. digestive system, other",1.376
P71,"Psychosis organic, other",D99,"Dis. digestive system, other",1.359
K89,Transient cerebral ischaemia,D99,"Dis. digestive system, other",1.35
K84,Heart dis. other,D99,"Dis. digestive system, other",1.251
T89,Type 1 Diabetes mellitus,F83,Retinopathy,25.336
B82,"Anaemia other, unspecified",F83,Retinopathy,2.34
F84,Macular degeneration,F83,Retinopathy,2.32
K74,Ischaemic heart dis. with angina,F83,Retinopathy,1.996
B81,Anaemia vitamin B12/folate deficiency,F83,Retinopathy,1.799
K82,Pulmonary heart dis.,F83,Retinopathy,1.79
K89,Transient cerebral ischaemia,F83,Retinopathy,1.567
D98,Cholecystitis/cholelithiasis,F83,Retinopathy,1.33
X77,"Female genital ca, other",F83,Retinopathy,1.26
F84,Macular degeneration,F92,Cataract,2.199
F83,Retinopathy,F92,Cataract,1.997
T89,Type 1 Diabetes mellitus,F92,Cataract,1.467
U99.01,Chronic renal failure,F92,Cataract,1.428
K87,Hypertension complicated,F92,Cataract,1.415
P71,"Psychosis organic, other",F92,Cataract,1.41
K92,Atherosclerosis/peripheral vascular dis,F92,Cataract,1.408
K82,Pulmonary heart dis.,F92,Cataract,1.407
B82,"Anaemia other, unspecified",F92,Cataract,1.398
D98,Cholecystitis/cholelithiasis,F92,Cataract,1.39
T90,Type 2 Diabetes mellitus,F92,Cataract,1.379
K74,Ischaemic heart dis. with angina,F92,Cataract,1.37
K89,Transient cerebral ischaemia,F92,Cataract,1.323
K91,Cerebrovascular dis.,F92,Cataract,1.323
B81,Anaemia vitamin B12/folate deficiency,F92,Cataract,1.277
T99,Endocrine/metabolic/nutrition dis. other,F92,Cataract,1.273
D97,Liver dis. NOS,F92,Cataract,1.263
K76,Ischaemic heart dis. without angina,F92,Cataract,1.23
T89,Type 1 Diabetes mellitus,F93,Glaucoma,1.912
F92,Cataract,F93,Glaucoma,1.899
F83,Retinopathy,F93,Glaucoma,1.829
F84,Macular degeneration,F93,Glaucoma,1.687
T90,Type 2 Diabetes mellitus,F93,Glaucoma,1.506
K92,Atherosclerosis/peripheral vascular dis,F93,Glaucoma,1.254
K91,Cerebrovascular dis.,F93,Glaucoma,1.251
K87,Hypertension complicated,F93,Glaucoma,1.239
K82,Pulmonary heart dis.,K74,Ischaemic heart dis. with angina,1.856
T89,Type 1 Diabetes mellitus,K74,Ischaemic heart dis. with angina,1.747
B82,"Anaemia other, unspecified",K74,Ischaemic heart dis. with angina,1.633
D98,Cholecystitis/cholelithiasis,K74,Ischaemic heart dis. with angina,1.413
B81,Anaemia vitamin B12/folate deficiency,K74,Ischaemic heart dis. with angina,1.294
F84,Macular degeneration,K74,Ischaemic heart dis. with angina,1.289
T99,Endocrine/metabolic/nutrition dis. other,K74,Ischaemic heart dis. with angina,1.279
K76,Ischaemic heart dis. without angina,K75,Acute myocardial infarction,11.301
K74,Ischaemic heart dis. with angina,K75,Acute myocardial infarction,5.429
K77,Heart failure,K75,Acute myocardial infarction,3.272
T89,Type 1 Diabetes mellitus,K75,Acute myocardial infarction,2.393
K92,Atherosclerosis/peripheral vascular dis,K75,Acute myocardial infarction,2.353
F83,Retinopathy,K75,Acute myocardial infarction,2.183
T90,Type 2 Diabetes mellitus,K75,Acute myocardial infarction,2.066
U99.01,Chronic renal failure,K75,Acute myocardial infarction,1.932
T93,Lipid disorder,K75,Acute myocardial infarction,1.728
K78,Atrial Fibrillation/flutter,K75,Acute myocardial infarction,1.72
U88,Glomerulonephritis/nephrosis,K75,Acute myocardial infarction,1.717
K82,Pulmonary heart dis.,K75,Acute myocardial infarction,1.696
B82,"Anaemia other, unspecified",K75,Acute myocardial infarction,1.615
K91,Cerebrovascular dis.,K75,Acute myocardial infarction,1.519
K86,Hypertension uncomplicated,K75,Acute myocardial infarction,1.506
D99,"Dis. digestive system, other",K75,Acute myocardial infarction,1.428
K84,Heart dis. other,K75,Acute myocardial infarction,1.403
K89,Transient cerebral ischaemia,K75,Acute myocardial infarction,1.318
T83/82,Obesity/overweight,K75,Acute myocardial infarction,1.264
D98,Cholecystitis/cholelithiasis,K75,Acute myocardial infarction,1.25
K87,Hypertension complicated,K75,Acute myocardial infarction,1.206
T92,Gout,K75,Acute myocardial infarction,1.204
K74,Ischaemic heart dis. with angina,K76,Ischaemic heart dis. without angina,7.594
F83,Retinopathy,K76,Ischaemic heart dis. without angina,2.459
T89,Type 1 Diabetes mellitus,K76,Ischaemic heart dis. without angina,2.439
K82,Pulmonary heart dis.,K76,Ischaemic heart dis. without angina,2.169
B82,"Anaemia other, unspecified",K76,Ischaemic heart dis. without angina,1.748
K89,Transient cerebral ischaemia,K76,Ischaemic heart dis. without angina,1.399
D98,Cholecystitis/cholelithiasis,K76,Ischaemic heart dis. without angina,1.313
T99,Endocrine/metabolic/nutrition dis. other,K76,Ischaemic heart dis. without angina,1.302
B81,Anaemia vitamin B12/folate deficiency,K76,Ischaemic heart dis. without angina,1.229
F84,Macular degeneration,K76,Ischaemic heart dis. without angina,1.203
K82,Pulmonary heart dis.,K77,Heart failure,9.551
K76,Ischaemic heart dis. without angina,K77,Heart failure,3.42
U99.01,Chronic renal failure,K77,Heart failure,2.561
K74,Ischaemic heart dis. with angina,K77,Heart failure,2.554
F83,Retinopathy,K77,Heart failure,2.173
T89,Type 1 Diabetes mellitus,K77,Heart failure,2.117
B82,"Anaemia other, unspecified",K77,Heart failure,2.1
K92,Atherosclerosis/peripheral vascular dis,K77,Heart failure,1.924
T99,Endocrine/metabolic/nutrition dis. other,K77,Heart failure,1.773
B81,Anaemia vitamin B12/folate deficiency,K77,Heart failure,1.381
D98,Cholecystitis/cholelithiasis,K77,Heart failure,1.368
K89,Transient cerebral ischaemia,K77,Heart failure,1.357
K82,Pulmonary heart dis.,K78,Atrial Fibrillation/flutter,8.088
K77,Heart failure,K78,Atrial Fibrillation/flutter,6.206
K87,Hypertension complicated,K78,Atrial Fibrillation/flutter,2.397
K76,Ischaemic heart dis. without angina,K78,Atrial Fibrillation/flutter,2.024
K74,Ischaemic heart dis. with angina,K78,Atrial Fibrillation/flutter,1.957
U99.01,Chronic renal failure,K78,Atrial Fibrillation/flutter,1.881
T92,Gout,K78,Atrial Fibrillation/flutter,1.775
K84,Heart dis. other,K78,Atrial Fibrillation/flutter,1.748
K86,Hypertension uncomplicated,K78,Atrial Fibrillation/flutter,1.737
B82,"Anaemia other, unspecified",K78,Atrial Fibrillation/flutter,1.638
K89,Transient cerebral ischaemia,K78,Atrial Fibrillation/flutter,1.619
K92,Atherosclerosis/peripheral vascular dis,K78,Atrial Fibrillation/flutter,1.583
T99,Endocrine/metabolic/nutrition dis. other,K78,Atrial Fibrillation/flutter,1.541
T83/82,Obesity/overweight,K78,Atrial Fibrillation/flutter,1.54
T90,Type 2 Diabetes mellitus,K78,Atrial Fibrillation/flutter,1.372
K91,Cerebrovascular dis.,K78,Atrial Fibrillation/flutter,1.37
D98,Cholecystitis/cholelithiasis,K78,Atrial Fibrillation/flutter,1.351
F83,Retinopathy,K78,Atrial Fibrillation/flutter,1.35
P71,"Psychosis organic, other",K78,Atrial Fibrillation/flutter,1.292
F92,Cataract,K78,Atrial Fibrillation/flutter,1.239
K87,Hypertension complicated,K84,Heart dis. other,2.8
K82,Pulmonary heart dis.,K84,Heart dis. other,2.583
K77,Heart failure,K84,Heart dis. other,2.404
F83,Retinopathy,K84,Heart dis. other,1.901
U99.01,Chronic renal failure,K84,Heart dis. other,1.784
K76,Ischaemic heart dis. without angina,K84,Heart dis. other,1.671
K74,Ischaemic heart dis. with angina,K84,Heart dis. other,1.654
T90,Type 2 Diabetes mellitus,K84,Heart dis. other,1.613
T99,Endocrine/metabolic/nutrition dis. other,K84,Heart dis. other,1.49
F92,Cataract,K84,Heart dis. other,1.483
B82,"Anaemia other, unspecified",K84,Heart dis. other,1.466
F84,Macular degeneration,K84,Heart dis. other,1.421
K92,Atherosclerosis/peripheral vascular dis,K84,Heart dis. other,1.384
D98,Cholecystitis/cholelithiasis,K84,Heart dis. other,1.305
K91,Cerebrovascular dis.,K84,Heart dis. other,1.285
K89,Transient cerebral ischaemia,K84,Heart dis. other,1.264
P71,"Psychosis organic, other",K84,Heart dis. other,1.239
F93,Glaucoma,K84,Heart dis. other,1.214
K87,Hypertension complicated,K86,Hypertension uncomplicated,9.578
U99.01,Chronic renal failure,K86,Hypertension uncomplicated,3.456
F83,Retinopathy,K86,Hypertension uncomplicated,3.352
T90,Type 2 Diabetes mellitus,K86,Hypertension uncomplicated,2.759
K84,Heart dis. other,K86,Hypertension uncomplicated,2.14
T99,Endocrine/metabolic/nutrition dis. other,K86,Hypertension uncomplicated,1.985
K74,Ischaemic heart dis. with angina,K86,Hypertension uncomplicated,1.9
K91,Cerebrovascular dis.,K86,Hypertension uncomplicated,1.891
K76,Ischaemic heart dis. without angina,K86,Hypertension uncomplicated,1.782
K77,Heart failure,K86,Hypertension uncomplicated,1.774
K92,Atherosclerosis/peripheral vascular dis,K86,Hypertension uncomplicated,1.714
K89,Transient cerebral ischaemia,K86,Hypertension uncomplicated,1.687
K82,Pulmonary heart dis.,K86,Hypertension uncomplicated,1.608
T89,Type 1 Diabetes mellitus,K86,Hypertension uncomplicated,1.55
D97,Liver dis. NOS,K86,Hypertension uncomplicated,1.434
F93,Glaucoma,K86,Hypertension uncomplicated,1.427
B82,"Anaemia other, unspecified",K86,Hypertension uncomplicated,1.421
F92,Cataract,K86,Hypertension uncomplicated,1.353
F84,Macular degeneration,K86,Hypertension uncomplicated,1.264
D98,Cholecystitis/cholelithiasis,K86,Hypertension uncomplicated,1.247
K82,Pulmonary heart dis.,K87,Hypertension complicated,4.234
K77,Heart failure,K87,Hypertension complicated,2.58
U99.01,Chronic renal failure,K87,Hypertension complicated,2.332
F83,Retinopathy,K87,Hypertension complicated,2.188
T99,Endocrine/metabolic/nutrition dis. other,K87,Hypertension complicated,1.967
K74,Ischaemic heart dis. with angina,K87,Hypertension complicated,1.871
K76,Ischaemic heart dis. without angina,K87,Hypertension complicated,1.74
B82,"Anaemia other, unspecified",K87,Hypertension complicated,1.659
K92,Atherosclerosis/peripheral vascular dis,K87,Hypertension complicated,1.657
K89,Transient cerebral ischaemia,K87,Hypertension complicated,1.465
F84,Macular degeneration,K87,Hypertension complicated,1.387
D98,Cholecystitis/cholelithiasis,K87,Hypertension complicated,1.352
P71,"Psychosis organic, other",K87,Hypertension complicated,1.315
T89,Type 1 Diabetes mellitus,K87,Hypertension complicated,1.282
B81,Anaemia vitamin B12/folate deficiency,K87,Hypertension complicated,1.258
K74,Ischaemic heart dis. with angina,K89,Transient cerebral ischaemia,1.428
B82,"Anaemia other, unspecified",K89,Transient cerebral ischaemia,1.358
F84,Macular degeneration,K89,Transient cerebral ischaemia,1.352
B81,Anaemia vitamin B12/folate deficiency,K89,Transient cerebral ischaemia,1.299
T89,Type 1 Diabetes mellitus,K89,Transient cerebral ischaemia,1.265
D98,Cholecystitis/cholelithiasis,K89,Transient cerebral ischaemia,1.23
K91,Cerebrovascular dis.,K90,Stroke,5.723
K89,Transient cerebral ischaemia,K90,Stroke,2.399
K78,Atrial Fibrillation/flutter,K90,Stroke,2.177
F83,Retinopathy,K90,Stroke,2.031
K92,Atherosclerosis/peripheral vascular dis,K90,Stroke,1.951
K86,Hypertension uncomplicated,K90,Stroke,1.937
T89,Type 1 Diabetes mellitus,K90,Stroke,1.922
P71,"Psychosis organic, other",K90,Stroke,1.71
T90,Type 2 Diabetes mellitus,K90,Stroke,1.644
K77,Heart failure,K90,Stroke,1.594
K75,Acute myocardial infarction,K90,Stroke,1.574
K76,Ischaemic heart dis. without angina,K90,Stroke,1.564
N94,Peripheral neuritis/neuropathy,K90,Stroke,1.539
K87,Hypertension complicated,K90,Stroke,1.506
U88,Glomerulonephritis/nephrosis,K90,Stroke,1.484
U99.01,Chronic renal failure,K90,Stroke,1.46
B82,"Anaemia other, unspecified",K90,Stroke,1.446
B81,Anaemia vitamin B12/folate deficiency,K90,Stroke,1.438
D99,"Dis. digestive system, other",K90,Stroke,1.432
K74,Ischaemic heart dis. with angina,K90,Stroke,1.357
K82,Pulmonary heart dis.,K90,Stroke,1.227
T93,Lipid disorder,K90,Stroke,1.204
K89,Transient cerebral ischaemia,K91,Cerebrovascular dis.,3.717
K92,Atherosclerosis/peripheral vascular dis,K91,Cerebrovascular dis.,3.098
P71,"Psychosis organic, other",K91,Cerebrovascular dis.,1.949
F83,Retinopathy,K91,Cerebrovascular dis.,1.879
K76,Ischaemic heart dis. without angina,K91,Cerebrovascular dis.,1.847
K87,Hypertension complicated,K91,Cerebrovascular dis.,1.815
T89,Type 1 Diabetes mellitus,K91,Cerebrovascular dis.,1.604
K74,Ischaemic heart dis. with angina,K91,Cerebrovascular dis.,1.568
B82,"Anaemia other, unspecified",K91,Cerebrovascular dis.,1.565
U99.01,Chronic renal failure,K91,Cerebrovascular dis.,1.55
F84,Macular degeneration,K91,Cerebrovascular dis.,1.406
B81,Anaemia vitamin B12/folate deficiency,K91,Cerebrovascular dis.,1.379
K77,Heart failure,K91,Cerebrovascular dis.,1.36
D98,Cholecystitis/cholelithiasis,K91,Cerebrovascular dis.,1.247
T99,Endocrine/metabolic/nutrition dis. other,K91,Cerebrovascular dis.,1.201
F83,Retinopathy,K92,Atherosclerosis/peripheral vascular dis,3.212
T89,Type 1 Diabetes mellitus,K92,Atherosclerosis/peripheral vascular dis,3.053
K76,Ischaemic heart dis. without angina,K92,Atherosclerosis/peripheral vascular dis,2.464
K74,Ischaemic heart dis. with angina,K92,Atherosclerosis/peripheral vascular dis,2.059
K82,Pulmonary heart dis.,K92,Atherosclerosis/peripheral vascular dis,1.893
B82,"Anaemia other, unspecified",K92,Atherosclerosis/peripheral vascular dis,1.857
K89,Transient cerebral ischaemia,K92,Atherosclerosis/peripheral vascular dis,1.739
B81,Anaemia vitamin B12/folate deficiency,K92,Atherosclerosis/peripheral vascular dis,1.406
F84,Macular degeneration,K92,Atherosclerosis/peripheral vascular dis,1.354
T99,Endocrine/metabolic/nutrition dis. other,K92,Atherosclerosis/peripheral vascular dis,1.318
D98,Cholecystitis/cholelithiasis,K92,Atherosclerosis/peripheral vascular dis,1.261
D77,Digestive ca. other/NOS,K92,Atherosclerosis/peripheral vascular dis,1.235
N94,Peripheral neuritis/neuropathy,N93,Carpal tunnel syndrome,2.549
T83/82,Obesity/overweight,N93,Carpal tunnel syndrome,1.588
F83,Retinopathy,N93,Carpal tunnel syndrome,1.53
T89,Type 1 Diabetes mellitus,N93,Carpal tunnel syndrome,1.464
F92,Cataract,N93,Carpal tunnel syndrome,1.384
D97,Liver dis. NOS,N93,Carpal tunnel syndrome,1.38
T92,Gout,N93,Carpal tunnel syndrome,1.319
F84,Macular degeneration,N93,Carpal tunnel syndrome,1.29
K74,Ischaemic heart dis. with angina,N93,Carpal tunnel syndrome,1.29
D98,Cholecystitis/cholelithiasis,N93,Carpal tunnel syndrome,1.26
K92,Atherosclerosis/peripheral vascular dis,N93,Carpal tunnel syndrome,1.259
T93,Lipid disorder,N93,Carpal tunnel syndrome,1.256
K87,Hypertension complicated,N93,Carpal tunnel syndrome,1.246
T90,Type 2 Diabetes mellitus,N93,Carpal tunnel syndrome,1.24
F93,Glaucoma,N93,Carpal tunnel syndrome,1.224
F83,Retinopathy,N94,Peripheral neuritis/neuropathy,5.704
T89,Type 1 Diabetes mellitus,N94,Peripheral neuritis/neuropathy,5.224
K92,Atherosclerosis/peripheral vascular dis,N94,Peripheral neuritis/neuropathy,2.752
U88,Glomerulonephritis/nephrosis,N94,Peripheral neuritis/neuropathy,2.713
T90,Type 2 Diabetes mellitus,N94,Peripheral neuritis/neuropathy,2.704
D99,"Dis. digestive system, other",N94,Peripheral neuritis/neuropathy,1.976
B81,Anaemia vitamin B12/folate deficiency,N94,Peripheral neuritis/neuropathy,1.887
K91,Cerebrovascular dis.,N94,Peripheral neuritis/neuropathy,1.737
D97,Liver dis. NOS,N94,Peripheral neuritis/neuropathy,1.708
K76,Ischaemic heart dis. without angina,N94,Peripheral neuritis/neuropathy,1.683
B82,"Anaemia other, unspecified",N94,Peripheral neuritis/neuropathy,1.682
K77,Heart failure,N94,Peripheral neuritis/neuropathy,1.644
K74,Ischaemic heart dis. with angina,N94,Peripheral neuritis/neuropathy,1.639
U99.01,Chronic renal failure,N94,Peripheral neuritis/neuropathy,1.619
F92,Cataract,N94,Peripheral neuritis/neuropathy,1.565
K82,Pulmonary heart dis.,N94,Peripheral neuritis/neuropathy,1.531
F84,Macular degeneration,N94,Peripheral neuritis/neuropathy,1.479
K75,Acute myocardial infarction,N94,Peripheral neuritis/neuropathy,1.479
K87,Hypertension complicated,N94,Peripheral neuritis/neuropathy,1.473
K89,Transient cerebral ischaemia,N94,Peripheral neuritis/neuropathy,1.438
F93,Glaucoma,N94,Peripheral neuritis/neuropathy,1.391
T83/82,Obesity/overweight,N94,Peripheral neuritis/neuropathy,1.39
P71,"Psychosis organic, other",N94,Peripheral neuritis/neuropathy,1.388
K84,Heart dis. other,N94,Peripheral neuritis/neuropathy,1.372
D98,Cholecystitis/cholelithiasis,N94,Peripheral neuritis/neuropathy,1.353
K86,Hypertension uncomplicated,N94,Peripheral neuritis/neuropathy,1.301
D77,Digestive ca. other/NOS,N94,Peripheral neuritis/neuropathy,1.291
X77,"Female genital ca, other",N94,Peripheral neuritis/neuropathy,1.224
T99,Endocrine/metabolic/nutrition dis. other,N94,Peripheral neuritis/neuropathy,1.206
B81,Anaemia vitamin B12/folate deficiency,P71,"Psychosis organic, other",1.671
B82,"Anaemia other, unspecified",P71,"Psychosis organic, other",1.584
K89,Transient cerebral ischaemia,P71,"Psychosis organic, other",1.56
F83,Retinopathy,P71,"Psychosis organic, other",1.436
F84,Macular degeneration,P71,"Psychosis organic, other",1.429
U99.01,Chronic renal failure,P71,"Psychosis organic, other",1.399
K92,Atherosclerosis/peripheral vascular dis,P71,"Psychosis organic, other",1.294
K77,Heart failure,P71,"Psychosis organic, other",1.225
K76,Ischaemic heart dis. without angina,P71,"Psychosis organic, other",1.217
P71,"Psychosis organic, other",P72,Schizophrenia,3.151
T83/82,Obesity/overweight,P72,Schizophrenia,1.448
X77,"Female genital ca, other",P72,Schizophrenia,1.42
T90,Type 2 Diabetes mellitus,P72,Schizophrenia,1.293
K86,Hypertension uncomplicated,T83/82,Obesity/overweight,2.857
T90,Type 2 Diabetes mellitus,T83/82,Obesity/overweight,2.584
K87,Hypertension complicated,T83/82,Obesity/overweight,2.021
F83,Retinopathy,T83/82,Obesity/overweight,2.003
K82,Pulmonary heart dis.,T83/82,Obesity/overweight,1.81
D97,Liver dis. NOS,T83/82,Obesity/overweight,1.792
T99,Endocrine/metabolic/nutrition dis. other,T83/82,Obesity/overweight,1.679
K77,Heart failure,T83/82,Obesity/overweight,1.677
U99.01,Chronic renal failure,T83/82,Obesity/overweight,1.579
D98,Cholecystitis/cholelithiasis,T83/82,Obesity/overweight,1.55
K84,Heart dis. other,T83/82,Obesity/overweight,1.51
K74,Ischaemic heart dis. with angina,T83/82,Obesity/overweight,1.458
K76,Ischaemic heart dis. without angina,T83/82,Obesity/overweight,1.36
X77,"Female genital ca, other",T83/82,Obesity/overweight,1.319
F92,Cataract,T83/82,Obesity/overweight,1.277
D76,Pancreas Ca.,T89,Type 1 Diabetes mellitus,4.01
B81,Anaemia vitamin B12/folate deficiency,T89,Type 1 Diabetes mellitus,1.884
F83,Retinopathy,T90,Type 2 Diabetes mellitus,23.829
T89,Type 1 Diabetes mellitus,T90,Type 2 Diabetes mellitus,3.925
D76,Pancreas Ca.,T90,Type 2 Diabetes mellitus,2.423
K76,Ischaemic heart dis. without angina,T90,Type 2 Diabetes mellitus,2.161
K92,Atherosclerosis/peripheral vascular dis,T90,Type 2 Diabetes mellitus,2.039
K74,Ischaemic heart dis. with angina,T90,Type 2 Diabetes mellitus,1.894
D97,Liver dis. NOS,T90,Type 2 Diabetes mellitus,1.89
K77,Heart failure,T90,Type 2 Diabetes mellitus,1.867
U99.01,Chronic renal failure,T90,Type 2 Diabetes mellitus,1.763
B82,"Anaemia other, unspecified",T90,Type 2 Diabetes mellitus,1.725
K87,Hypertension complicated,T90,Type 2 Diabetes mellitus,1.692
K82,Pulmonary heart dis.,T90,Type 2 Diabetes mellitus,1.647
B81,Anaemia vitamin B12/folate deficiency,T90,Type 2 Diabetes mellitus,1.438
K91,Cerebrovascular dis.,T90,Type 2 Diabetes mellitus,1.416
X77,"Female genital ca, other",T90,Type 2 Diabetes mellitus,1.38
D98,Cholecystitis/cholelithiasis,T90,Type 2 Diabetes mellitus,1.341
T99,Endocrine/metabolic/nutrition dis. other,T90,Type 2 Diabetes mellitus,1.31
F84,Macular degeneration,T90,Type 2 Diabetes mellitus,1.26
K89,Transient cerebral ischaemia,T90,Type 2 Diabetes mellitus,1.246
D77,Digestive ca. other/NOS,T90,Type 2 Diabetes mellitus,1.222
P71,"Psychosis organic, other",T90,Type 2 Diabetes mellitus,1.209
B78,Hereditary haemolytic anaemia,T90,Type 2 Diabetes mellitus,1.201
T99,Endocrine/metabolic/nutrition dis. other,T92,Gout,5.105
U99.01,Chronic renal failure,T92,Gout,3.254
K86,Hypertension uncomplicated,T92,Gout,2.43
K82,Pulmonary heart dis.,T92,Gout,2.056
T83/82,Obesity/overweight,T92,Gout,2.004
K77,Heart failure,T92,Gout,1.922
K87,Hypertension complicated,T92,Gout,1.818
B82,"Anaemia other, unspecified",T92,Gout,1.622
D97,Liver dis. NOS,T92,Gout,1.508
K84,Heart dis. other,T92,Gout,1.45
T90,Type 2 Diabetes mellitus,T92,Gout,1.346
X77,"Female genital ca, other",T92,Gout,1.342
K74,Ischaemic heart dis. with angina,T92,Gout,1.316
F92,Cataract,T92,Gout,1.297
K76,Ischaemic heart dis. without angina,T92,Gout,1.293
K92,Atherosclerosis/peripheral vascular dis,T92,Gout,1.278
D98,Cholecystitis/cholelithiasis,T92,Gout,1.274
K89,Transient cerebral ischaemia,T92,Gout,1.243
K76,Ischaemic heart dis. without angina,T93,Lipid disorder,1.808
K74,Ischaemic heart dis. with angina,T93,Lipid disorder,1.789
T90,Type 2 Diabetes mellitus,T93,Lipid disorder,1.691
K86,Hypertension uncomplicated,T93,Lipid disorder,1.686
T92,Gout,T93,Lipid disorder,1.566
F83,Retinopathy,T93,Lipid disorder,1.476
U99.01,Chronic renal failure,T93,Lipid disorder,1.463
K91,Cerebrovascular dis.,T93,Lipid disorder,1.459
K87,Hypertension complicated,T93,Lipid disorder,1.444
T99,Endocrine/metabolic/nutrition dis. other,T93,Lipid disorder,1.44
K92,Atherosclerosis/peripheral vascular dis,T93,Lipid disorder,1.42
T83/82,Obesity/overweight,T93,Lipid disorder,1.402
D97,Liver dis. NOS,T93,Lipid disorder,1.353
K89,Transient cerebral ischaemia,T93,Lipid disorder,1.311
F92,Cataract,T93,Lipid disorder,1.265
K84,Heart dis. other,T93,Lipid disorder,1.253
F93,Glaucoma,T93,Lipid disorder,1.227
K82,Pulmonary heart dis.,T99,Endocrine/metabolic/nutrition dis. other,2.05
B82,"Anaemia other, unspecified",T99,Endocrine/metabolic/nutrition dis. other,1.599
B81,Anaemia vitamin B12/folate deficiency,T99,Endocrine/metabolic/nutrition dis. other,1.362
F84,Macular degeneration,T99,Endocrine/metabolic/nutrition dis. other,1.205
T89,Type 1 Diabetes mellitus,U88,Glomerulonephritis/nephrosis,7.333
F83,Retinopathy,U88,Glomerulonephritis/nephrosis,5.951
T90,Type 2 Diabetes mellitus,U88,Glomerulonephritis/nephrosis,3.443
K86,Hypertension uncomplicated,U88,Glomerulonephritis/nephrosis,3.021
U99.01,Chronic renal failure,U88,Glomerulonephritis/nephrosis,2.421
K92,Atherosclerosis/peripheral vascular dis,U88,Glomerulonephritis/nephrosis,2.188
K87,Hypertension complicated,U88,Glomerulonephritis/nephrosis,2.139
B82,"Anaemia other, unspecified",U88,Glomerulonephritis/nephrosis,2.119
T92,Gout,U88,Glomerulonephritis/nephrosis,1.931
T99,Endocrine/metabolic/nutrition dis. other,U88,Glomerulonephritis/nephrosis,1.929
K76,Ischaemic heart dis. without angina,U88,Glomerulonephritis/nephrosis,1.893
K82,Pulmonary heart dis.,U88,Glomerulonephritis/nephrosis,1.833
K77,Heart failure,U88,Glomerulonephritis/nephrosis,1.727
K91,Cerebrovascular dis.,U88,Glomerulonephritis/nephrosis,1.625
K74,Ischaemic heart dis. with angina,U88,Glomerulonephritis/nephrosis,1.603
T83/82,Obesity/overweight,U88,Glomerulonephritis/nephrosis,1.559
K84,Heart dis. other,U88,Glomerulonephritis/nephrosis,1.532
T93,Lipid disorder,U88,Glomerulonephritis/nephrosis,1.52
F92,Cataract,U88,Glomerulonephritis/nephrosis,1.457
K78,Atrial Fibrillation/flutter,U88,Glomerulonephritis/nephrosis,1.428
B81,Anaemia vitamin B12/folate deficiency,U88,Glomerulonephritis/nephrosis,1.425
K89,Transient cerebral ischaemia,U88,Glomerulonephritis/nephrosis,1.346
F93,Glaucoma,U88,Glomerulonephritis/nephrosis,1.334
D98,Cholecystitis/cholelithiasis,U88,Glomerulonephritis/nephrosis,1.301
D97,Liver dis. NOS,U88,Glomerulonephritis/nephrosis,1.282
P71,"Psychosis organic, other",U88,Glomerulonephritis/nephrosis,1.28
T99,Endocrine/metabolic/nutrition dis. other,U99.01,Chronic renal failure,3.233
B82,"Anaemia other, unspecified",U99.01,Chronic renal failure,3.055
F83,Retinopathy,U99.01,Chronic renal failure,2.695
K82,Pulmonary heart dis.,U99.01,Chronic renal failure,2.569
T89,Type 1 Diabetes mellitus,U99.01,Chronic renal failure,2.151
K92,Atherosclerosis/peripheral vascular dis,U99.01,Chronic renal failure,2.094
K76,Ischaemic heart dis. without angina,U99.01,Chronic renal failure,1.964
K74,Ischaemic heart dis. with angina,U99.01,Chronic renal failure,1.771
B81,Anaemia vitamin B12/folate deficiency,U99.01,Chronic renal failure,1.583
K89,Transient cerebral ischaemia,U99.01,Chronic renal failure,1.402
D98,Cholecystitis/cholelithiasis,U99.01,Chronic renal failure,1.353
F84,Macular degeneration,U99.01,Chronic renal failure,1.34
D77,Digestive ca. other/NOS,X77,"Female genital ca, other",1.879
D76,Pancreas Ca.,X77,"Female genital ca, other",1.857
