"condition","age_band","sex","prevalence","ci_lower","ci_upper"
"asthma","18-24","Female",0.238258374586152,0.204990392178992,0.271526356993311
"asthma","25-29","Female",0.213736781645179,0.171387555416716,0.256086007873643
"asthma","30-34","Female",0.193130677570918,0.152967775595007,0.233293579546828
"asthma","35-39","Female",0.178799143352139,0.144821406286609,0.21277688041767
"asthma","40-44","Female",0.156062513589613,0.118844489881989,0.193280537297238
"asthma","45-49","Female",0.191134339621143,0.141584181186049,0.240684498056237
"asthma","50-54","Female",0.165767383551353,0.130671590231892,0.200863176870815
"asthma","55-59","Female",0.176870719899636,0.14052178076795,0.213219659031323
"asthma","60-64","Female",0.199049121784165,0.159269126505699,0.23882911706263
"asthma","65-69","Female",0.181971405829995,0.130314894776719,0.233627916883271
"asthma","70-74","Female",0.170408704833971,0.133698404009417,0.207119005658525
"asthma","75-79","Female",0.162431407260168,0.113222368087854,0.211640446432481
"asthma","80+","Female",0.133805624101838,0.102310058103159,0.165301190100517
"asthma","18-24","Male",0.215620810678978,0.180734526516421,0.250507094841534
"asthma","25-29","Male",0.178907721084715,0.143781492129231,0.214033950040199
"asthma","30-34","Male",0.146285883762447,0.106384921743248,0.186186845781646
"asthma","35-39","Male",0.136084980447566,0.101256413535527,0.170913547359605
"asthma","40-44","Male",0.139761432747683,0.104051156364821,0.175471709130545
"asthma","45-49","Male",0.117045587381759,0.0890480479973543,0.145043126766163
"asthma","50-54","Male",0.128600660812112,0.0864497035539687,0.170751618070255
"asthma","55-59","Male",0.156517192911242,0.118047133977354,0.19498725184513
"asthma","60-64","Male",0.124296139979876,0.0968609091807058,0.151731370779047
"asthma","65-69","Male",0.110435038405359,0.0794119020867682,0.14145817472395
"asthma","70-74","Male",0.0876447929529936,0.0629223622337543,0.112367223672233
"asthma","75-79","Male",0.0936319221231496,0.0571525147409203,0.130111329505379
"asthma","80+","Male",0.111327524000145,0.0814487285205342,0.141206319479756
"asthma","18-24","Both",0.22677970378392,0.203562811116578,0.249996596451262
"asthma","25-29","Both",0.196522750054069,0.166158962887418,0.22688653722072
"asthma","30-34","Both",0.169326853361018,0.140617108506959,0.198036598215078
"asthma","35-39","Both",0.158396692420336,0.135007460160019,0.181785924680653
"asthma","40-44","Both",0.14808411104575,0.122235189185217,0.173933032906282
"asthma","45-49","Both",0.154688552950647,0.128914937213485,0.180462168687809
"asthma","50-54","Both",0.148475658769242,0.11802149394738,0.178929823591104
"asthma","55-59","Both",0.166568608510726,0.141065095656196,0.192072121365255
"asthma","60-64","Both",0.162822785401658,0.139621879126624,0.186023691676693
"asthma","65-69","Both",0.148650404576057,0.118644858922648,0.178655950229466
"asthma","70-74","Both",0.131517799453388,0.107478568323734,0.155557030583043
"asthma","75-79","Both",0.133205198028867,0.1011396010333,0.165270795024434
"asthma","80+","Both",0.124819838898667,0.100036460170227,0.149603217627107
"arthritis","18-24","Female",0.0405248605841227,0.0218296363396116,0.0592200848286337
"arthritis","25-29","Female",0.0529473323419803,0.0310548297866025,0.0748398348973582
"arthritis","30-34","Female",0.0658708077379061,0.0506017590359681,0.0811398564398442
"arthritis","35-39","Female",0.128420939687152,0.0928690761600658,0.163972803214239
"arthritis","40-44","Female",0.169561074049407,0.134782030048735,0.204340118050078
"arthritis","45-49","Female",0.255018276176174,0.209494338392925,0.300542213959423
"arthritis","50-54","Female",0.371451243581782,0.321382462642607,0.421520024520957
"arthritis","55-59","Female",0.40344214801272,0.350590003408892,0.456294292616548
"arthritis","60-64","Female",0.52433096510395,0.474918390438369,0.573743539769531
"arthritis","65-69","Female",0.590117893274468,0.532064058869437,0.648171727679499
"arthritis","70-74","Female",0.63140808864696,0.583023596055256,0.679792581238663
"arthritis","75-79","Female",0.650447552689595,0.604609032418138,0.696286072961051
"arthritis","80+","Female",0.656874844339019,0.612136284203058,0.701613404474981
"arthritis","18-24","Male",0.0300005523548467,0.011331272551755,0.0486698321579383
"arthritis","25-29","Male",0.0377342177493548,0.0193612385892191,0.0561071969094905
"arthritis","30-34","Male",0.0491430352903546,0.0242951062321015,0.0739909643486076
"arthritis","35-39","Male",0.0874282518815765,0.0577970657497261,0.117059438013427
"arthritis","40-44","Male",0.119823043926506,0.092097015538271,0.147549072314741
"arthritis","45-49","Male",0.167873977234856,0.129699376115119,0.206048578354592
"arthritis","50-54","Male",0.299480541698822,0.244117454968437,0.354843628429207
"arthritis","55-59","Male",0.37641608449517,0.33336879163509,0.41946337735525
"arthritis","60-64","Male",0.391713540266141,0.347072022335067,0.436355058197215
"arthritis","65-69","Male",0.476761260816047,0.417514500091059,0.536008021541035
"arthritis","70-74","Male",0.501107487620109,0.456030041990236,0.546184933249982
"arthritis","75-79","Male",0.485767225805645,0.419222061699022,0.552312389912268
"arthritis","80+","Male",0.509000236030884,0.463856154119524,0.554144317942244
"arthritis","18-24","Both",0.0351915676887471,0.0207971438119111,0.0495859915655831
"arthritis","25-29","Both",0.0454205949755513,0.0321666872603795,0.058674502690723
"arthritis","30-34","Both",0.0573830110617657,0.0431384758389625,0.0716275462845688
"arthritis","35-39","Both",0.108839873463812,0.0819100521646796,0.135769694762945
"arthritis","40-44","Both",0.145254111417934,0.120554636683251,0.169953586152616
"arthritis","45-49","Both",0.212101689284044,0.177301760221327,0.246901618346761
"arthritis","50-54","Both",0.33796145366043,0.303448623638254,0.372474283682605
"arthritis","55-59","Both",0.389682807676858,0.35509556293056,0.424270052423156
"arthritis","60-64","Both",0.460130298063872,0.43203639685711,0.488224199270633
"arthritis","65-69","Both",0.537240836688027,0.502295148117579,0.572186525258475
"arthritis","70-74","Both",0.570134147392972,0.535263259128043,0.6050050356579
"arthritis","75-79","Both",0.580329981273676,0.546483521537697,0.614176441009655
"arthritis","80+","Both",0.597606308911324,0.564537365253221,0.630675252569426
"chf","18-24","Female",0,0,0
"chf","25-29","Female",0,0,0
"chf","30-34","Female",0.00480940213608773,-0.00187815635265786,0.0114969606248333
"chf","35-39","Female",0.00272710250111134,-0.000463778232905567,0.00591798323512824
"chf","40-44","Female",0.00402581484811173,0.000189712414750225,0.00786191728147323
"chf","45-49","Female",0.00978560697747539,0.00307816430504068,0.0164930496499101
"chf","50-54","Female",0.0175701940787011,0.00772101162543374,0.0274193765319685
"chf","55-59","Female",0.0194925489822397,0.0105074658551061,0.0284776321093734
"chf","60-64","Female",0.0251812546888604,0.0123245936799077,0.0380379156978132
"chf","65-69","Female",0.0398652385338069,0.0207481073659327,0.058982369701681
"chf","70-74","Female",0.0503691426520795,0.0302097453613241,0.0705285399428349
"chf","75-79","Female",0.0664314063570419,0.0415994118769322,0.0912634008371517
"chf","80+","Female",0.114266792844531,0.089962126624577,0.138571459064486
"chf","18-24","Male",0,0,0
"chf","25-29","Male",0,0,0
"chf","30-34","Male",0.00595626687405894,-0.00178255254274127,0.0136950862908591
"chf","35-39","Male",0.00395041025521412,-0.000960976981421841,0.00886179749185008
"chf","40-44","Male",0.0124301745980553,0.00340569802780417,0.0214546511683065
"chf","45-49","Male",0.00674711894116764,0.00207303330035546,0.0114212045819798
"chf","50-54","Male",0.0207891969846056,0.0076379240353035,0.0339404699339077
"chf","55-59","Male",0.0298736123612083,0.0155984129140092,0.0441488118084073
"chf","60-64","Male",0.0668480252171361,0.0428965426840138,0.0907995077502585
"chf","65-69","Male",0.0496363560477288,0.0349822985611114,0.0642904135343463
"chf","70-74","Male",0.109124451788554,0.0846564514382756,0.133592452138832
"chf","75-79","Male",0.120549927291247,0.0776462520803657,0.163453602502129
"chf","80+","Male",0.110714741873868,0.0792372732443324,0.142192210503404
"chf","18-24","Both",0,0,0
"chf","25-29","Both",0,0,0
"chf","30-34","Both",0.00539125235667692,0.00220113417366566,0.00858137053968818
"chf","35-39","Both",0.00331141633826496,0.00030300216623648,0.00631983051029344
"chf","40-44","Both",0.00813924547634455,0.00348079063171869,0.0127977003209704
"chf","45-49","Both",0.00829091198768367,0.00392978162993763,0.0126520423454297
"chf","50-54","Both",0.0190670158302538,0.0102839051273872,0.0278501265331205
"chf","55-59","Both",0.0247473006324039,0.0150612806881739,0.0344333205766339
"chf","60-64","Both",0.0453049137236539,0.0307245393414728,0.059885288105835
"chf","65-69","Both",0.0444077190593681,0.0325432800454754,0.0562721580732608
"chf","70-74","Both",0.0778588786193351,0.0622586625500579,0.0934590946886123
"chf","75-79","Both",0.0894591458158467,0.0648499055806272,0.114068386051066
"chf","80+","Both",0.112844534414025,0.093699341528525,0.131989727299526
"chd","18-24","Female",0,0,0
"chd","25-29","Female",0,0,0
"chd","30-34","Female",0,0,0
"chd","35-39","Female",0.00419081894207542,-2.20314963457306e-05,0.00840366938049657
"chd","40-44","Female",0.0022755000219212,-0.000327827159348269,0.00487882720319067
"chd","45-49","Female",0.00198309726576277,-0.000862822863107239,0.00482901739463278
"chd","50-54","Female",0.0161420616566987,0.000394601200369802,0.0318895221130275
"chd","55-59","Female",0.0311187831656812,0.0171160294704261,0.0451215368609363
"chd","60-64","Female",0.0318326216329473,0.0111667499417666,0.0524984933241279
"chd","65-69","Female",0.0655039483426211,0.0393467919289177,0.0916611047563246
"chd","70-74","Female",0.0605875694219724,0.0345764551361081,0.0865986837078367
"chd","75-79","Female",0.0921079198393534,0.059628094594604,0.124587745084103
"chd","80+","Female",0.11999084282354,0.0881635298759177,0.151818155771163
"chd","18-24","Male",0.0014614011498546,-0.0014017325355884,0.0043245348352976
"chd","25-29","Male",0,0,0
"chd","30-34","Male",0.000896876122703244,-0.000865420023627011,0.0026591722690335
"chd","35-39","Male",0.00508004582936658,-0.00208987980775201,0.0122499714664852
"chd","40-44","Male",0.0104529808850079,0.00136233849069505,0.0195436232793208
"chd","45-49","Male",0.00860336390769764,0.00298681234201514,0.0142199154733801
"chd","50-54","Male",0.0288378641844606,0.0115014723466136,0.0461742560223076
"chd","55-59","Male",0.0560837979227404,0.0347609535802489,0.077406642265232
"chd","60-64","Male",0.102494508894452,0.0666445162366816,0.138344501552222
"chd","65-69","Male",0.122675319511519,0.0854479602733957,0.159902678749641
"chd","70-74","Male",0.193891539891789,0.152246053454794,0.235537026328784
"chd","75-79","Male",0.183773385379563,0.1333530867064,0.234193684052725
"chd","80+","Male",0.239937457116438,0.197401891882146,0.282473022350729
"chd","18-24","Both",0.000739613162417727,-0.000711048035094782,0.00219027435993024
"chd","25-29","Both",0,0,0
"chd","30-34","Both",0.000455021026070785,-0.00043636116319287,0.00134640321533444
"chd","35-39","Both",0.00461555881057593,0.000490857384457317,0.00874026023669453
"chd","40-44","Both",0.00627793682635075,0.00153879511901851,0.011017078533683
"chd","45-49","Both",0.00523901557082769,0.00208360813258383,0.00839442300907155
"chd","50-54","Both",0.0220392582401116,0.0106046177350361,0.0334738987451872
"chd","55-59","Both",0.0437292317341964,0.0304998150001615,0.0569586484682314
"chd","60-64","Both",0.0658783432979413,0.0440845594596557,0.0876721271362269
"chd","65-69","Both",0.0921167519298123,0.0729447144388584,0.111288789420766
"chd","70-74","Both",0.123175003687923,0.098105638822861,0.148244368552985
"chd","75-79","Both",0.131122068730488,0.0991269076314361,0.16311722982954
"chd","80+","Both",0.167924576056192,0.142918170894209,0.192930981218176
"angina","18-24","Female",0.00224182451650418,-0.00147557770843797,0.00595922674144633
"angina","25-29","Female",0.00431042188227232,-0.00348479754543932,0.012105641309984
"angina","30-34","Female",0.00584508892949219,-0.00169279705416068,0.013382974913145
"angina","35-39","Female",0.00490296578875837,2.32068238819605e-05,0.00978272475363478
"angina","40-44","Female",0.00249112572064013,-0.000391077740809829,0.0053733291820901
"angina","45-49","Female",0.00496877910539515,0.00202036736431441,0.0079171908464759
"angina","50-54","Female",0.0245774900220228,0.00853645605699985,0.0406185239870458
"angina","55-59","Female",0.0225394420706031,0.00969537221882656,0.0353835119223796
"angina","60-64","Female",0.0189869328072516,0.00649586034662319,0.0314780052678801
"angina","65-69","Female",0.0323368217245723,0.0105168889243353,0.0541567545248094
"angina","70-74","Female",0.0361780064553827,0.0180865921343985,0.0542694207763668
"angina","75-79","Female",0.0316534288455358,0.0109260262757338,0.0523808314153377
"angina","80+","Female",0.0749449666168157,0.0500600480321737,0.0998298852014577
"angina","18-24","Male",0.00129656260710952,-0.00123318291101031,0.00382630812522935
"angina","25-29","Male",0.000399893300293787,-0.000388315025040219,0.00118810162562779
"angina","30-34","Male",0.0026955337728283,-0.00041746705615771,0.00580853460181432
"angina","35-39","Male",0.00575990283298538,-0.00151615713960205,0.0130359628055728
"angina","40-44","Male",0.00277130181361754,-0.00138874932722159,0.00693135295445667
"angina","45-49","Male",0.0121374141293698,-0.0016433173662744,0.025918145625014
"angina","50-54","Male",0.0154448027839374,0.00540118231986365,0.0254884232480111
"angina","55-59","Male",0.0454591633746134,0.0228090104777419,0.068109316271485
"angina","60-64","Male",0.0658103534729412,0.0450396949028088,0.0865810120430736
"angina","65-69","Male",0.050624862717249,0.0251188186506304,0.0761309067838676
"angina","70-74","Male",0.0410086896936752,0.0246420562973694,0.0573753230899809
"angina","75-79","Male",0.0918029048041263,0.0349475268710901,0.148658282737162
"angina","80+","Male",0.0783786760716648,0.050020969489976,0.106736382653354
"angina","18-24","Both",0.00176342873161653,-0.000482807933459089,0.00400966539669216
"angina","25-29","Both",0.00238034624845851,-0.00158854939856521,0.00634924189548222
"angina","30-34","Both",0.00424729069681849,0.000183065979979673,0.00831151541365731
"angina","35-39","Both",0.00531240469783442,0.000477788765535703,0.0101470206301331
"angina","40-44","Both",0.00262812511257132,0.000143110138635934,0.0051131400865067
"angina","45-49","Both",0.00849783394928262,0.00141943739044644,0.0155762305081188
"angina","50-54","Both",0.0203276727745303,0.0110605336013748,0.0295948119476859
"angina","55-59","Both",0.0341541038564188,0.0207957995870184,0.0475124081258192
"angina","60-64","Both",0.0415986169131056,0.0293184650891121,0.0538787687370991
"angina","65-69","Both",0.0408494175506336,0.0240854507426255,0.0576133843586418
"angina","70-74","Both",0.0384455751349076,0.0253961256259172,0.051495024643898
"angina","75-79","Both",0.0570626518962251,0.0267955288008541,0.0873297749915961
"angina","80+","Both",0.0763075589028595,0.0566782795865682,0.0959368382191507
"heart_attack","18-24","Female",0.00174390366203836,-0.00163640596699678,0.0051242132910735
"heart_attack","25-29","Female",0,0,0
"heart_attack","30-34","Female",0.00104949559264914,-0.00100480999670492,0.00310380118200319
"heart_attack","35-39","Female",0.00912373814844858,0.00260897484529668,0.0156385014516005
"heart_attack","40-44","Female",0.00742983410350259,0.00243159065372706,0.0124280775532781
"heart_attack","45-49","Female",0.00378789735926689,0.00153609824018814,0.00603969647834564
"heart_attack","50-54","Female",0.0219278343443706,0.00657917306909936,0.0372764956196418
"heart_attack","55-59","Female",0.0373373769723143,0.0234281413630923,0.0512466125815364
"heart_attack","60-64","Female",0.0273733034296099,0.0099352631528211,0.0448113437063988
"heart_attack","65-69","Female",0.046490927002727,0.0228792921206441,0.0701025618848098
"heart_attack","70-74","Female",0.0325158378202136,0.0116762329953598,0.0533554426450674
"heart_attack","75-79","Female",0.0740107022503633,0.0473637104322435,0.100657694068483
"heart_attack","80+","Female",0.0886003027915335,0.0687858956822199,0.108414709900847
"heart_attack","18-24","Male",0.0005976406551145,-0.0005590809954063,0.0017543623056353
"heart_attack","25-29","Male",0.00490314132140263,-0.00447445360383518,0.0142807362466404
"heart_attack","30-34","Male",0.00456668350264009,0.000311837370358204,0.00882152963492197
"heart_attack","35-39","Male",0.00899355097459868,0.00452278513660073,0.0134643168125966
"heart_attack","40-44","Male",0.0146457130216411,0.00399622573235541,0.0252952003109268
"heart_attack","45-49","Male",0.00608952506520277,0.00183762047862072,0.0103414296517848
"heart_attack","50-54","Male",0.0327263263357774,0.0150796664828646,0.0503729861886903
"heart_attack","55-59","Male",0.0644048075733403,0.0351844196773698,0.0936251954693108
"heart_attack","60-64","Male",0.108479626658694,0.0753860955310353,0.141573157786354
"heart_attack","65-69","Male",0.0936649100806717,0.0643960468463226,0.122933773315021
"heart_attack","70-74","Male",0.139674891145056,0.0983288422369651,0.181020940053147
"heart_attack","75-79","Male",0.155223164901094,0.105031933316113,0.205414396486074
"heart_attack","80+","Male",0.167703016039989,0.128207584277824,0.207198447802154
"heart_attack","18-24","Both",0.00116415323029592,-0.000616819301777457,0.00294512576236929
"heart_attack","25-29","Both",0.0024265139373671,-0.00227237149635458,0.00712539937108878
"heart_attack","30-34","Both",0.00283390529113029,4.64203481856003e-05,0.00562139023407498
"heart_attack","35-39","Both",0.00906159870574558,0.00463433098309103,0.0134888664284001
"heart_attack","40-44","Both",0.0109658715842814,0.00527565930942527,0.0166560838591376
"heart_attack","45-49","Both",0.00492011554124421,0.00251003576493714,0.00733019531755127
"heart_attack","50-54","Both",0.0269498184734552,0.0151064213896117,0.0387932155572986
"heart_attack","55-59","Both",0.0510606640994535,0.0345657926688607,0.0675555355300463
"heart_attack","60-64","Both",0.0666523508660543,0.0470631510725599,0.0862415506595487
"heart_attack","65-69","Both",0.0684411352318957,0.0521293041716955,0.0847529662920958
"heart_attack","70-74","Both",0.0829603258011469,0.0606044041014787,0.105316247500815
"heart_attack","75-79","Both",0.108551056034525,0.0802925412804052,0.136809570788646
"heart_attack","80+","Both",0.120319207704169,0.100983831389668,0.139654584018669
"stroke","18-24","Female",0.000384705718012502,-0.000381487141223618,0.00115089857724862
"stroke","25-29","Female",0.00353442186325678,-0.00085834708623604,0.00792719081274961
"stroke","30-34","Female",0.00582890764786639,-0.00177612133050751,0.0134339366262403
"stroke","35-39","Female",0.00494179132800574,-0.000229815432257735,0.0101133980882692
"stroke","40-44","Female",0.00918250046766645,0.00317056038642515,0.0151944405489078
"stroke","45-49","Female",0.0206914974449498,0.00676199124724295,0.0346210036426566
"stroke","50-54","Female",0.0413228607871357,0.0198521200808433,0.0627936014934282
"stroke","55-59","Female",0.0421492460858208,0.0252963002551312,0.0590021919165104
"stroke","60-64","Female",0.03910307659244,0.0275770864358287,0.0506290667490513
"stroke","65-69","Female",0.0433798970121932,0.0283050969052615,0.058454697119125
"stroke","70-74","Female",0.082801133151226,0.0571338726087665,0.108468393693685
"stroke","75-79","Female",0.0664182511307474,0.0411427961068196,0.0916937061546753
"stroke","80+","Female",0.125964160011691,0.0907776545047939,0.161150665518587
"stroke","18-24","Male",0.00239026305528808,-0.00125556974191,0.00603609585248615
"stroke","25-29","Male",0,0,0
"stroke","30-34","Male",0.00578044433220571,0.000864292906996612,0.0106965957574148
"stroke","35-39","Male",0.00623926785346142,-0.00225793131114395,0.0147364670180668
"stroke","40-44","Male",0.0109016797546331,0.000966289597371153,0.0208370699118951
"stroke","45-49","Male",0.0234475372880985,0.00869772822030843,0.0381973463558886
"stroke","50-54","Male",0.0350861409527759,0.0159041892162147,0.0542680926893371
"stroke","55-59","Male",0.0286177736150464,0.0175608844534483,0.0396746627766445
"stroke","60-64","Male",0.0545753824076147,0.0360814269538115,0.073069337861418
"stroke","65-69","Male",0.0802147468065218,0.0538105490283524,0.106618944584691
"stroke","70-74","Male",0.0678434896647167,0.0467011423969039,0.0889858369325295
"stroke","75-79","Male",0.118000154423952,0.076536316110661,0.159463992737244
"stroke","80+","Male",0.11957904821221,0.0906868584601365,0.148471237964283
"stroke","18-24","Both",0.00139906518451056,-0.000505301750939427,0.00330343211996054
"stroke","25-29","Both",0.00178575528055751,-0.000414361658752708,0.00398587221986772
"stroke","30-34","Both",0.0058043019411185,0.00131745057478744,0.0102911533074496
"stroke","35-39","Both",0.0055625479845321,0.000635246534685646,0.0104898494343786
"stroke","40-44","Both",0.0100229690077486,0.00408142913377584,0.0159645088817215
"stroke","45-49","Both",0.0220476497053848,0.010690713422858,0.0334045859879116
"stroke","50-54","Both",0.038427794946454,0.0244071169970267,0.0524484728958813
"stroke","55-59","Both",0.0352961982078623,0.0257300704132474,0.0448623260024772
"stroke","60-64","Both",0.0465907523623462,0.0345327971990941,0.0586487075255983
"stroke","65-69","Both",0.0605372555736353,0.0473077875478658,0.0737667235994049
"stroke","70-74","Both",0.0757806670300923,0.0602461218685345,0.09131521219165
"stroke","75-79","Both",0.0883303845601411,0.0620848879247237,0.114575881195558
"stroke","80+","Both",0.123404359008819,0.0981630151091628,0.148645702908475
"liver","18-24","Female",0.00441359393488953,-0.0010842052801272,0.00991139314990625
"liver","25-29","Female",0.0226596280283673,0.00735983505833708,0.0379594209983976
"liver","30-34","Female",0.0161229981674576,0.00665763646148114,0.025588359873434
"liver","35-39","Female",0.0279860574130984,0.0117215829357312,0.0442505318904656
"liver","40-44","Female",0.0359585634447489,0.0185321868004016,0.0533849400890962
"liver","45-49","Female",0.0432638849905147,0.0239574106183243,0.0625703593627051
"liver","50-54","Female",0.0556553586433714,0.0303438204631356,0.0809668968236073
"liver","55-59","Female",0.0736638917902694,0.0466792669826543,0.100648516597885
"liver","60-64","Female",0.0717134693118074,0.0466221019772688,0.096804836646346
"liver","65-69","Female",0.0896924485665133,0.0597421260733512,0.119642771059675
"liver","70-74","Female",0.0698546488932192,0.0453369184323777,0.0943723793540608
"liver","75-79","Female",0.0276759480659771,0.00621521713490673,0.0491366789970474
"liver","80+","Female",0.035102170958332,0.0167449786214577,0.0534593632952063
"liver","18-24","Male",0.0104754352982818,-0.000653794006110148,0.0216046646026737
"liver","25-29","Male",0.0125424962576812,0.00399415528888865,0.0210908372264738
"liver","30-34","Male",0.0285483287211471,0.0126310977843036,0.0444655596579907
"liver","35-39","Male",0.0230446343970525,0.010989987917123,0.0350992808769821
"liver","40-44","Male",0.0440439665739553,0.0143710239978554,0.0737169091500552
"liver","45-49","Male",0.0466231363940101,0.0250716533482095,0.0681746194398108
"liver","50-54","Male",0.0755297802086015,0.0450481202557499,0.106011440161453
"liver","55-59","Male",0.0885123526304138,0.0624506689387165,0.114574036322111
"liver","60-64","Male",0.0974360317047828,0.0661201880301654,0.1287518753794
"liver","65-69","Male",0.0733561683479527,0.0440567242904893,0.102655612405416
"liver","70-74","Male",0.071477862720471,0.0417700913539994,0.101185634086943
"liver","75-79","Male",0.0469797894126443,0.0129407457990986,0.08101883302619
"liver","80+","Male",0.028459455730255,0.013101543971722,0.043817367488788
"liver","18-24","Both",0.00748148372086597,0.00107418750339577,0.0138887799383362
"liver","25-29","Both",0.0176380631790599,0.0082344622481803,0.0270416641099396
"liver","30-34","Both",0.0224304111724513,0.0134654452503922,0.0313953770945104
"liver","35-39","Both",0.0256205071528121,0.0156382796668442,0.0356027346387799
"liver","40-44","Both",0.0399167736477498,0.0235930911738064,0.0562404561216932
"liver","45-49","Both",0.0449182704800756,0.0286563944208829,0.0611801465392683
"liver","50-54","Both",0.0649106970796044,0.0466972419528846,0.0831241522063243
"liver","55-59","Both",0.081191990284628,0.0635073549431619,0.098876625626094
"liver","60-64","Both",0.0841676094066032,0.0634350517000078,0.104900167113199
"liver","65-69","Both",0.0821370334246442,0.0624743033237076,0.101799763525581
"liver","70-74","Both",0.0706144110623439,0.0504080479267343,0.0908207741979534
"liver","75-79","Both",0.0358632491273797,0.0172536197507836,0.0544728785039758
"liver","80+","Both",0.0324362310099238,0.0202900926647653,0.0445823693550824
"cancer","18-24","Female",0.00975657549095865,0.00116895250425369,0.0183441984776636
"cancer","25-29","Female",0.0142528344791025,0.00309255046326733,0.0254131184949376
"cancer","30-34","Female",0.0255293078697412,0.011669937918064,0.0393886778214185
"cancer","35-39","Female",0.05151987729797,0.0296749668488237,0.0733647877471163
"cancer","40-44","Female",0.0544274198070349,0.0324494585357839,0.0764053810782859
"cancer","45-49","Female",0.077220118719012,0.0481076492196121,0.106332588218412
"cancer","50-54","Female",0.105218984493813,0.0667637656899001,0.143674203297726
"cancer","55-59","Female",0.121585192557826,0.0918733975338962,0.151296987581755
"cancer","60-64","Female",0.197958380889279,0.149004027687882,0.246912734090677
"cancer","65-69","Female",0.22846779907809,0.18293183578626,0.27400376236992
"cancer","70-74","Female",0.278086541840426,0.227783534322261,0.328389549358591
"cancer","75-79","Female",0.305262377244805,0.241281022413036,0.369243732076573
"cancer","80+","Female",0.354239821747224,0.309675829826194,0.398803813668254
"cancer","18-24","Male",0.00703726262612831,-0.000616083258017075,0.0146906085102737
"cancer","25-29","Male",0.00863642585086004,-0.00254084296077053,0.0198136946624906
"cancer","30-34","Male",0.0206011498504778,0.00434606251178261,0.036856237189173
"cancer","35-39","Male",0.041356385328675,0.0122505176585799,0.0704622529987701
"cancer","40-44","Male",0.0112704569313918,-0.000294602792648179,0.0228355166554317
"cancer","45-49","Male",0.0410532854826383,0.0192385094202257,0.0628680615450509
"cancer","50-54","Male",0.062080434447773,0.0336084560461889,0.0905524128493572
"cancer","55-59","Male",0.0943260628214072,0.0599347191012462,0.128717406541568
"cancer","60-64","Male",0.152575921664598,0.113141596651581,0.192010246677614
"cancer","65-69","Male",0.24052200566347,0.193050349107417,0.287993662219524
"cancer","70-74","Male",0.331606353221067,0.28868679291408,0.374525913528053
"cancer","75-79","Male",0.413631908285534,0.339326089362006,0.487937727209062
"cancer","80+","Male",0.439364418001261,0.39753789813288,0.481190937869641
"cancer","18-24","Both",0.00838033489626604,0.00269146483889281,0.0140692049536393
"cancer","25-29","Both",0.0114740982492565,0.00344180194071464,0.0195063945577984
"cancer","30-34","Both",0.0230263072702071,0.0121785864284896,0.0338740281119247
"cancer","35-39","Both",0.0466652779777731,0.0293608996367598,0.0639696563187864
"cancer","40-44","Both",0.0333046718290738,0.0208392651209507,0.045770078537197
"cancer","45-49","Both",0.0594289068435392,0.0406491401155317,0.0782086735715467
"cancer","50-54","Both",0.085086030247196,0.0624418886500711,0.107730171844321
"cancer","55-59","Both",0.10776662017989,0.0844106287731714,0.131122611586608
"cancer","60-64","Both",0.175964477952395,0.145422507833017,0.206506448071773
"cancer","65-69","Both",0.234075571413822,0.201231328549135,0.266919814278509
"cancer","70-74","Both",0.303278626524981,0.271180807696257,0.335376445353706
"cancer","75-79","Both",0.351259784106321,0.294242969918977,0.408276598293664
"cancer","80+","Both",0.388389517476365,0.359272269506397,0.417506765446334
"diabetes","18-24","Female",0.0127884188411971,0.00573528164258448,0.0198415560398098
"diabetes","25-29","Female",0.0297173633264833,0.0113248665671625,0.0481098600858042
"diabetes","30-34","Female",0.0452758681639401,0.0251087270189041,0.0654430093089761
"diabetes","35-39","Female",0.0576001744690913,0.037727739992499,0.0774726089456836
"diabetes","40-44","Female",0.0805415407373033,0.0595037070966785,0.101579374377928
"diabetes","45-49","Female",0.109856786033452,0.0782109220817794,0.141502649985124
"diabetes","50-54","Female",0.167728465155808,0.131526402688399,0.203930527623217
"diabetes","55-59","Female",0.170568028293082,0.133550051773683,0.207586004812481
"diabetes","60-64","Female",0.204305972345588,0.168874772018247,0.23973717267293
"diabetes","65-69","Female",0.218979515049951,0.167436257219929,0.270522772879973
"diabetes","70-74","Female",0.242995208763612,0.203006016821188,0.282984400706036
"diabetes","75-79","Female",0.236315114374708,0.188322379440306,0.284307849309111
"diabetes","80+","Female",0.243355404888786,0.209843631437541,0.27686717834003
"diabetes","18-24","Male",0.0156226983276438,0.00605091606693166,0.025194480588356
"diabetes","25-29","Male",0.0346823144656557,0.0158432280407287,0.0535214008905827
"diabetes","30-34","Male",0.0292538993659685,0.0111915366440889,0.047316262087848
"diabetes","35-39","Male",0.0592386300628995,0.032882135220227,0.085595124905572
"diabetes","40-44","Male",0.0847905674939786,0.0569552090451778,0.112625925942779
"diabetes","45-49","Male",0.13948508175572,0.104033586607265,0.174936576904174
"diabetes","50-54","Male",0.173612114584105,0.133133768263381,0.21409046090483
"diabetes","55-59","Male",0.220795448020022,0.180255560444004,0.26133533559604
"diabetes","60-64","Male",0.274855727578581,0.229249492366288,0.320461962790873
"diabetes","65-69","Male",0.295781275762888,0.234579263528345,0.35698328799743
"diabetes","70-74","Male",0.32453984358557,0.275653616368849,0.37342607080229
"diabetes","75-79","Male",0.376095883903542,0.321463178662829,0.430728589144255
"diabetes","80+","Male",0.2960708805325,0.250542915163246,0.341598845901754
"diabetes","18-24","Both",0.0142217481942733,0.0090326400078397,0.0194108563807068
"diabetes","25-29","Both",0.0321769536585707,0.0195562551526712,0.0447976521644702
"diabetes","30-34","Both",0.0371472844079654,0.0225670871150941,0.0517274817008367
"diabetes","35-39","Both",0.0583827839733741,0.0432841234699059,0.0734814444768424
"diabetes","40-44","Both",0.0826211847936165,0.0656146560376754,0.0996277135495575
"diabetes","45-49","Both",0.124431556328073,0.0997607310319726,0.149102381624174
"diabetes","50-54","Both",0.170465818334412,0.144850516823885,0.196081119844939
"diabetes","55-59","Both",0.196032273420841,0.165440391915996,0.226624154925686
"diabetes","60-64","Both",0.23846888070581,0.208588005066491,0.268349756345129
"diabetes","65-69","Both",0.254738791093687,0.211157369882769,0.298320212304605
"diabetes","70-74","Both",0.281328222562249,0.249689830265489,0.312966614859009
"diabetes","75-79","Both",0.295694367120944,0.255649484603394,0.335739249638495
"diabetes","80+","Both",0.264532147306812,0.239010908178553,0.290053386435071
"high_bp","18-24","Female",0.0342348005628405,0.0227945400845441,0.0456750610411369
"high_bp","25-29","Female",0.0840985914680185,0.0592738722799017,0.108923310656135
"high_bp","30-34","Female",0.112301614515922,0.0819680906813756,0.142635138350468
"high_bp","35-39","Female",0.151883038533979,0.119697357295141,0.184068719772817
"high_bp","40-44","Female",0.167940681510333,0.13112106959638,0.204760293424286
"high_bp","45-49","Female",0.260635974743157,0.219502824678734,0.30176912480758
"high_bp","50-54","Female",0.369334705107554,0.313427464480898,0.42524194573421
"high_bp","55-59","Female",0.402098170499198,0.357898124906884,0.446298216091512
"high_bp","60-64","Female",0.472135566496554,0.42565793025006,0.518613202743048
"high_bp","65-69","Female",0.552404276008036,0.48917277155546,0.615635780460612
"high_bp","70-74","Female",0.604546627352843,0.557410202799913,0.651683051905774
"high_bp","75-79","Female",0.642106255096223,0.588057902087051,0.696154608105395
"high_bp","80+","Female",0.685841064367752,0.644530528264257,0.727151600471248
"high_bp","18-24","Male",0.0522069048971663,0.0365894879347221,0.0678243218596106
"high_bp","25-29","Male",0.117763393566632,0.0888221964859419,0.146704590647322
"high_bp","30-34","Male",0.180759913227521,0.149632619067064,0.211887207387979
"high_bp","35-39","Male",0.219661180688835,0.173085305853523,0.266237055524147
"high_bp","40-44","Male",0.223889785796244,0.181440773909866,0.266338797682621
"high_bp","45-49","Male",0.318265099324883,0.26811610016573,0.368414098484037
"high_bp","50-54","Male",0.369450192014757,0.306173925103967,0.432726458925547
"high_bp","55-59","Male",0.452042138907034,0.399600699424922,0.504483578389146
"high_bp","60-64","Male",0.527966200430492,0.479744694203057,0.576187706657928
"high_bp","65-69","Male",0.536159227224416,0.4842132721342,0.588105182314632
"high_bp","70-74","Male",0.564056390491703,0.512938494117442,0.615174286865965
"high_bp","75-79","Male",0.614309336278446,0.552942981083902,0.675675691472989
"high_bp","80+","Male",0.551224079775807,0.493941195759163,0.608506963792451
"high_bp","18-24","Both",0.0433427108704734,0.0335292768160443,0.0531561449249025
"high_bp","25-29","Both",0.100759173248937,0.0798869501487403,0.121631396349134
"high_bp","30-34","Both",0.147015204606135,0.125211980779912,0.168818428432358
"high_bp","35-39","Both",0.184218153896087,0.157237051395579,0.211199256396594
"high_bp","40-44","Both",0.195342028029235,0.164838774845983,0.225845281212488
"high_bp","45-49","Both",0.288976792961409,0.255199540126677,0.322754045796141
"high_bp","50-54","Both",0.369388435102241,0.324051426190492,0.41472544401399
"high_bp","55-59","Both",0.427420819804841,0.389066309629019,0.465775329980663
"high_bp","60-64","Both",0.499158337162682,0.465167670897739,0.533149003427625
"high_bp","65-69","Both",0.544844419727265,0.50069593504676,0.58899290440777
"high_bp","70-74","Both",0.585507880037184,0.551107698506423,0.619908061567945
"high_bp","75-79","Both",0.630298048047349,0.586142723884214,0.674453372210483
"high_bp","80+","Both",0.631956945167193,0.60117642068488,0.662737469649506
"high_chol","18-24","Female",0.0484205285904475,0.0333705847790576,0.0634704724018374
"high_chol","25-29","Female",0.0800530354707041,0.0561098634563237,0.103996207485084
"high_chol","30-34","Female",0.104021714998146,0.0681762198459463,0.139867210150345
"high_chol","35-39","Female",0.12929194831818,0.101158619827453,0.157425276808908
"high_chol","40-44","Female",0.251096317204247,0.203007432246707,0.299185202161788
"high_chol","45-49","Female",0.256865785828771,0.207348140835505,0.306383430822038
"high_chol","50-54","Female",0.422614815709724,0.367073799812456,0.478155831606991
"high_chol","55-59","Female",0.411053198142975,0.36605833864026,0.456048057645691
"high_chol","60-64","Female",0.48184393830394,0.444648234213582,0.519039642394297
"high_chol","65-69","Female",0.629704259230661,0.582725748275118,0.676682770186204
"high_chol","70-74","Female",0.617593555934792,0.5625131662547,0.672673945614883
"high_chol","75-79","Female",0.626975963450547,0.563251425742731,0.690700501158362
"high_chol","80+","Female",0.578996202351686,0.537682007492207,0.620310397211165
"high_chol","18-24","Male",0.0510121747612999,0.0342173189716078,0.067807030550992
"high_chol","25-29","Male",0.094963407834435,0.0667413317886461,0.123185483880224
"high_chol","30-34","Male",0.17105632377423,0.133625723807077,0.208486923741384
"high_chol","35-39","Male",0.254386365389103,0.208067220803359,0.300705509974847
"high_chol","40-44","Male",0.284056577968692,0.224098195103201,0.344014960834183
"high_chol","45-49","Male",0.356021265298384,0.302033813077918,0.410008717518849
"high_chol","50-54","Male",0.46669717167714,0.403893499703723,0.529500843650557
"high_chol","55-59","Male",0.52495684696832,0.464874714654822,0.585038979281818
"high_chol","60-64","Male",0.550963434589884,0.49246274287394,0.609464126305828
"high_chol","65-69","Male",0.530046751556997,0.476896829158697,0.583196673955297
"high_chol","70-74","Male",0.683707424852935,0.639644929008712,0.727769920697159
"high_chol","75-79","Male",0.578556447693962,0.509483816675799,0.647629078712125
"high_chol","80+","Male",0.529440585926907,0.472110975619608,0.586770196234206
"high_chol","18-24","Both",0.0497321932884529,0.0393100949199191,0.0601542916569867
"high_chol","25-29","Both",0.0874185598085645,0.0698526645129599,0.104984455104169
"high_chol","30-34","Both",0.137919964191689,0.111593653154201,0.164246275229178
"high_chol","35-39","Both",0.188923305320415,0.164167501401924,0.213679109238905
"high_chol","40-44","Both",0.267216505160234,0.227709128744718,0.30672388157575
"high_chol","45-49","Both",0.30563975744719,0.26829492833084,0.34298458656354
"high_chol","50-54","Both",0.443203458421964,0.40254849328919,0.483858423554737
"high_chol","55-59","Both",0.468830970481865,0.426824389315728,0.510837551648002
"high_chol","60-64","Both",0.515238236442927,0.482348735933192,0.548127736952662
"high_chol","65-69","Both",0.583212505786708,0.542863956884333,0.623561054689082
"high_chol","70-74","Both",0.648600644080358,0.61063331676755,0.686567971393166
"high_chol","75-79","Both",0.606389155510307,0.556924016890071,0.655854294130544
"high_chol","80+","Both",0.559245708675317,0.52746064548306,0.591030771867574
"kidney","18-24","Female",0.0070860057366813,8.89100357992674e-05,0.0140831014375633
"kidney","25-29","Female",0.0135433379018663,0.0023151047759265,0.0247715710278061
"kidney","30-34","Female",0.00625021828441458,0.000495363676549505,0.0120050728922796
"kidney","35-39","Female",0.0214468165190137,0.0095383958475184,0.033355237190509
"kidney","40-44","Female",0.0149497303481627,0.00318943184933604,0.0267100288469893
"kidney","45-49","Female",0.0245569157704231,0.0121452574016514,0.0369685741391948
"kidney","50-54","Female",0.0307349637753187,0.0211791803335188,0.0402907472171186
"kidney","55-59","Female",0.0348750023749976,0.0175610253035191,0.0521889794464762
"kidney","60-64","Female",0.0331606619909577,0.0188083716374931,0.0475129523444222
"kidney","65-69","Female",0.0638851210891688,0.0365507106888316,0.0912195314895059
"kidney","70-74","Female",0.0561335980261711,0.0337867718777051,0.0784804241746371
"kidney","75-79","Female",0.076594420325447,0.0487818266525132,0.104407013998381
"kidney","80+","Female",0.112603575795132,0.0832855440302495,0.141921607560014
"kidney","18-24","Male",0.00843639823549271,-0.00221730715630301,0.0190901036272884
"kidney","25-29","Male",0.0185612554412182,0.00302071753665312,0.0341017933457833
"kidney","30-34","Male",0.0138008199685249,0.00435679824746346,0.0232448416895863
"kidney","35-39","Male",0.0074463204133938,8.34743565186957e-05,0.0148091664702689
"kidney","40-44","Male",0.0103711813942487,-0.000513825672033237,0.0212561884605307
"kidney","45-49","Male",0.0133128698398772,0.00545602416749565,0.0211697155122587
"kidney","50-54","Male",0.0372431662837811,0.0134298195818601,0.0610565129857022
"kidney","55-59","Male",0.0285976012965743,0.00870720528913509,0.0484879973040134
"kidney","60-64","Male",0.0396579118020293,0.0216913995169786,0.0576244240870799
"kidney","65-69","Male",0.042001231955109,0.0238681219029586,0.0601343420072595
"kidney","70-74","Male",0.0584928128686174,0.0349751377490088,0.0820104879882259
"kidney","75-79","Male",0.0915462733775799,0.0507962930442385,0.132296253710921
"kidney","80+","Male",0.105549288920463,0.0808517003302063,0.13024687751072
"kidney","18-24","Both",0.00776883320994359,0.00129124605808446,0.0142464203618027
"kidney","25-29","Both",0.0160268196672459,0.00653727917280948,0.0255163601616823
"kidney","30-34","Both",0.0100809396502597,0.00448339011561816,0.0156784891849013
"kidney","35-39","Both",0.0147594693865423,0.00748798673369343,0.0220309520393912
"kidney","40-44","Both",0.0127064502190493,0.00497280631691676,0.0204400941211819
"kidney","45-49","Both",0.0190266825521914,0.0113077826619446,0.0267455824424382
"kidney","50-54","Both",0.0337628887121536,0.0217987595993071,0.0457270178250002
"kidney","55-59","Both",0.0316897417389181,0.0178238454285375,0.0455556380492986
"kidney","60-64","Both",0.0363070745062347,0.0232158846250332,0.0493982643874362
"kidney","65-69","Both",0.0536731747902957,0.0365558035608422,0.0707905460197493
"kidney","70-74","Both",0.05724046862217,0.0420256757885725,0.0724552614557676
"kidney","75-79","Both",0.0829382947663449,0.0588617512155337,0.107014838317156
"kidney","80+","Both",0.109784724178158,0.0903703943482567,0.129199054008059
"depression","18-24","Female",0.158897196230051,0.13048206219253,0.187312330267573
"depression","25-29","Female",0.127589488046991,0.0961961638010059,0.158982812292976
"depression","30-34","Female",0.114282098149879,0.0877622470216258,0.140801949278133
"depression","35-39","Female",0.128374917386708,0.0985831664783015,0.158166668295114
"depression","40-44","Female",0.124756326489867,0.0923886551374859,0.157123997842247
"depression","45-49","Female",0.0908000540279496,0.0623770959628905,0.119223012093009
"depression","50-54","Female",0.120157028364914,0.0834228419100548,0.156891214819774
"depression","55-59","Female",0.108127530334187,0.0806180285347906,0.135637032133583
"depression","60-64","Female",0.0990962840511109,0.0746658505423117,0.12352671755991
"depression","65-69","Female",0.109402558888255,0.0728505523834752,0.145954565393034
"depression","70-74","Female",0.106706780786635,0.0705702240851108,0.142843337488159
"depression","75-79","Female",0.068559221461743,0.0351263412186735,0.101992101704813
"depression","80+","Female",0.0667468499409573,0.0392624413320473,0.0942312585498674
"depression","18-24","Male",0.0969632221034777,0.068863246403364,0.125063197803591
"depression","25-29","Male",0.09486407625174,0.0597041968634313,0.130023955640049
"depression","30-34","Male",0.07782910927161,0.0505442616683092,0.105113956874911
"depression","35-39","Male",0.100499199382465,0.0656149920725369,0.135383406692393
"depression","40-44","Male",0.051306526944765,0.0277613525256796,0.0748517013638504
"depression","45-49","Male",0.0611320542289063,0.0306517621148256,0.091612346342987
"depression","50-54","Male",0.0865906343529883,0.0551518824446318,0.118029386261345
"depression","55-59","Male",0.0694159119463926,0.0471583722331339,0.0916734516596513
"depression","60-64","Male",0.0655967653060772,0.0376893565302402,0.0935041740819142
"depression","65-69","Male",0.059717216895926,0.0285414429501695,0.0908929908416824
"depression","70-74","Male",0.0492811721071978,0.0267657654592512,0.0717965787551444
"depression","75-79","Male",0.0686623760107732,0.032647234686657,0.104677517334889
"depression","80+","Male",0.0540905616891784,0.0293473391950118,0.0788337841833449
"depression","18-24","Both",0.127497217792443,0.107673218491766,0.147321217093121
"depression","25-29","Both",0.11101380688599,0.083973267640727,0.138054346131252
"depression","30-34","Both",0.0948616431298014,0.0734598105189411,0.116263475740662
"depression","35-39","Both",0.115034065107902,0.0922981014611159,0.137770028754689
"depression","40-44","Both",0.0875920635845376,0.0655014704710745,0.109682656698001
"depression","45-49","Both",0.0761223462504834,0.053630049847089,0.0986146426538778
"depression","50-54","Both",0.104310850706085,0.0826652564705903,0.12595644494158
"depression","55-59","Both",0.0887258212390692,0.0719387508631446,0.105512891614994
"depression","60-64","Both",0.082939784052796,0.0647051263080234,0.101174441797569
"depression","65-69","Both",0.0862993032888155,0.0613691704378676,0.111229436139764
"depression","70-74","Both",0.0800060937963087,0.057894070052492,0.102118117540125
"depression","75-79","Both",0.0686034148505979,0.0444950363713905,0.0927117933298054
"depression","80+","Both",0.0616603055052426,0.0444841467354529,0.0788364642750323
