age_years,External,Cardiovascular,Cancer,Respiratory,Neurological,Endocrine,Other,Digestive,Mental,Infectious,Genitourinary
0,0.1120287840379426,0.018725979229699895,0.005151688609044075,0.024531850519257502,0.014228473301169352,0.009485648867446234,0.7799493008422602,0.008586147681740127,0.0,0.02477716902445008,0.002534957886989942
1,0.5116279069767442,0.053156146179401995,0.05813953488372093,0.0664451827242525,0.04983388704318937,0.018272425249169437,0.17275747508305647,0.018272425249169437,0.0016611295681063123,0.04817275747508306,0.0016611295681063123
2,0.5189309576837416,0.0334075723830735,0.10022271714922049,0.0467706013363029,0.0779510022271715,0.031180400890868598,0.13140311804008908,0.0066815144766146995,0.0,0.051224944320712694,0.0022271714922048997
3,0.4945945945945946,0.05405405405405406,0.1,0.08378378378378379,0.06486486486486487,0.008108108108108109,0.13513513513513514,0.016216216216216217,0.0,0.043243243243243246,0.0
4,0.43342776203966005,0.04815864022662889,0.1388101983002833,0.0764872521246459,0.059490084985835696,0.028328611898016998,0.14730878186968838,0.025495750708215296,0.0028328611898017,0.028328611898016998,0.0113314447592068
5,0.4061433447098976,0.04436860068259386,0.17406143344709898,0.07508532423208192,0.05460750853242321,0.017064846416382253,0.1296928327645051,0.027303754266211604,0.0034129692832764505,0.06143344709897611,0.006825938566552901
6,0.3512396694214876,0.05371900826446281,0.1652892561983471,0.05371900826446281,0.09090909090909091,0.05371900826446281,0.1652892561983471,0.012396694214876033,0.008264462809917356,0.04132231404958678,0.004132231404958678
7,0.41198501872659177,0.0449438202247191,0.1647940074906367,0.07116104868913857,0.0898876404494382,0.0149812734082397,0.13857677902621723,0.011235955056179775,0.003745318352059925,0.04119850187265917,0.00749063670411985
8,0.4122448979591837,0.04897959183673469,0.1510204081632653,0.061224489795918366,0.10204081632653061,0.061224489795918366,0.09795918367346938,0.024489795918367346,0.004081632653061225,0.036734693877551024,0.0
9,0.4153846153846154,0.05,0.16538461538461538,0.06538461538461539,0.08846153846153847,0.03461538461538462,0.11153846153846154,0.03076923076923077,0.0,0.038461538461538464,0.0
10,0.42105263157894735,0.06191950464396285,0.15479876160990713,0.0804953560371517,0.09597523219814241,0.030959752321981424,0.1021671826625387,0.009287925696594427,0.01238390092879257,0.02476780185758514,0.006191950464396285
11,0.4868804664723032,0.061224489795918366,0.15160349854227406,0.04956268221574344,0.07580174927113703,0.029154518950437316,0.09912536443148688,0.023323615160349854,0.0,0.023323615160349854,0.0
12,0.600418410041841,0.058577405857740586,0.1192468619246862,0.03765690376569038,0.05230125523012552,0.014644351464435146,0.08577405857740586,0.010460251046025104,0.006276150627615063,0.014644351464435146,0.0
13,0.6521739130434783,0.04891304347826087,0.08831521739130435,0.03125,0.06929347826086957,0.02717391304347826,0.06521739130434782,0.010869565217391304,0.0,0.006793478260869565,0.0
14,0.7248255234297108,0.0448654037886341,0.07976071784646062,0.019940179461615155,0.04885343968095713,0.013958125623130608,0.05583250249252243,0.005982053838484547,0.0019940179461615153,0.003988035892323031,0.0
15,0.8028592927012792,0.029345372460496615,0.0398796087283672,0.01655379984951091,0.04138449962377728,0.009029345372460496,0.04589917231000752,0.005267118133935289,0.002257336343115124,0.006772009029345372,0.0007524454477050414
16,0.8333333333333334,0.027131782945736434,0.035437430786267994,0.012181616832779624,0.03765227021040975,0.011627906976744186,0.026578073089700997,0.006644518272425249,0.0022148394241417496,0.006090808416389812,0.0011074197120708748
17,0.8508771929824561,0.020885547201336674,0.04218880534670008,0.010025062656641603,0.027151211361737676,0.007518796992481203,0.030492898913951544,0.005012531328320802,0.0012531328320802004,0.0037593984962406013,0.000835421888053467
18,0.8561643835616438,0.020928462709284626,0.03272450532724505,0.012557077625570776,0.0258751902587519,0.010273972602739725,0.030060882800608826,0.005707762557077625,0.001902587519025875,0.002663622526636225,0.001141552511415525
19,0.8525573192239859,0.02433862433862434,0.02821869488536155,0.010934744268077601,0.022574955908289243,0.015520282186948854,0.02857142857142857,0.006349206349206349,0.0049382716049382715,0.003527336860670194,0.0024691358024691358
20,0.8406909788867563,0.025911708253358926,0.03230966090850928,0.011836212412028152,0.025911708253358926,0.015674984005118364,0.0291106845809341,0.006078055022392835,0.003838771593090211,0.006397952655150352,0.0022392834293026233
21,0.8305637982195846,0.028189910979228485,0.03353115727002967,0.010089020771513354,0.026409495548961423,0.014540059347181009,0.030267062314540058,0.009792284866468843,0.006231454005934718,0.00771513353115727,0.0026706231454005935
22,0.8193807339449541,0.03297018348623853,0.03555045871559633,0.012041284403669725,0.026376146788990827,0.01576834862385321,0.03268348623853211,0.010607798165137615,0.004873853211009175,0.008027522935779817,0.0017201834862385322
23,0.8158182813355227,0.03393541324575807,0.02928297755883963,0.0150519978106185,0.022988505747126436,0.018609742747673783,0.030103995621237,0.012862616310892173,0.010125889436234263,0.008210180623973728,0.0030103995621237
24,0.7969398340248963,0.04019709543568465,0.038641078838174275,0.01270746887966805,0.021006224066390043,0.01737551867219917,0.03319502074688797,0.015560165975103735,0.00933609958506224,0.010632780082987552,0.004408713692946058
25,0.7907758827768436,0.042997838097525824,0.02786452077828489,0.01633437424933942,0.025942829690127314,0.020417967811674275,0.026663463848186405,0.01969733365361518,0.01345183761710305,0.012490992073024261,0.0033629594042757626
26,0.7899121819410043,0.04210763341589732,0.02972303535239811,0.012834947083990092,0.023418149065525782,0.0218419274938077,0.026120243188471066,0.02094122945282594,0.015762215717180814,0.013285296104480973,0.004053141184417924
27,0.7727078891257996,0.05287846481876333,0.03113006396588486,0.011727078891257996,0.01791044776119403,0.0255863539445629,0.03283582089552239,0.027078891257995737,0.01577825159914712,0.008955223880597015,0.003411513859275053
28,0.7553008595988538,0.05501432664756447,0.037440305635148045,0.011843361986628463,0.019102196752626553,0.02387774594078319,0.03151862464183381,0.026170009551098376,0.020248328557784145,0.013371537726838587,0.006112702960840497
29,0.7341980270369017,0.06412130069419072,0.034892217756667884,0.01772013153087322,0.017902813299232736,0.026488856412130068,0.029411764705882353,0.031421264157837046,0.021191085129704055,0.01680672268907563,0.005845816587504567
30,0.7339944328462074,0.061064718162839246,0.03479471120389701,0.016005567153792623,0.016005567153792623,0.024356297842727904,0.032011134307585246,0.03966597077244259,0.021572720946416143,0.016701461377870562,0.003827418232428671
31,0.6996117761242316,0.07408605629246198,0.038984147525072795,0.01504367518602394,0.019087673891944355,0.028307990941442897,0.031381429957942415,0.042704626334519574,0.0263668715626011,0.01844063409899709,0.005985118084762213
32,0.6913183279742765,0.08231511254019293,0.042282958199356915,0.013344051446945338,0.01945337620578778,0.0297427652733119,0.030064308681672026,0.04485530546623794,0.02282958199356913,0.016720257234726688,0.00707395498392283
33,0.6639881928501148,0.09035749426041326,0.04394883568383076,0.014922925549360446,0.01803870121351263,0.033781567727123644,0.025910134470318136,0.053952115447687764,0.029681862905870778,0.018366677599212858,0.007051492292554936
34,0.6414819608477592,0.10046917974437793,0.047079760556544246,0.016016825756350106,0.020061478725125384,0.03591651836272448,0.028474356900177966,0.05516906649409481,0.02798899854392493,0.019090762012619316,0.008251092056301569
35,0.6317228805834093,0.10650258280158006,0.04968094804010939,0.014433302947432392,0.018535399574597388,0.031601336979641445,0.033272561531449404,0.056517775752051046,0.030385900941962928,0.018383470069887574,0.008963840777879064
36,0.5965299220702838,0.1167475371268931,0.057197470960152916,0.017938538450227907,0.016909278047345978,0.04014115571239524,0.029554477282752536,0.06601970298485517,0.030583737685634466,0.019555947654756652,0.00882223202470225
37,0.5832834032354703,0.12941881366087477,0.06246255242660276,0.017825044937088075,0.017974835230677052,0.036848412222887955,0.029358897543439184,0.0603654883163571,0.03609946075494308,0.01902336728579988,0.007339724385859796
38,0.556910569105691,0.14227642276422764,0.06335856462012895,0.01892346509671993,0.01822259601906364,0.040370058873002525,0.027894589290720494,0.06812447434819176,0.03336136809643959,0.022287636669470142,0.008270255116344266
39,0.5404706842606448,0.15154400761801115,0.06624948986532445,0.01918106380084342,0.017548632839069513,0.04407563596789552,0.02747925452319412,0.07046660318324037,0.03496122976465787,0.01700448918514488,0.01101890899197388
40,0.5138979511940494,0.15855409108704163,0.07112097089912567,0.02179303144982383,0.019183087563617383,0.046065509591543784,0.02857888555396059,0.07320892600809083,0.033929270520683806,0.022184523032754797,0.011483753099308365
41,0.49007987632053596,0.17624323627930946,0.07948982221077042,0.023962896160783304,0.01868075238340634,0.0499871167224942,0.026668384437000772,0.07137335738211802,0.030791033238855965,0.02306106673537748,0.009662458129348106
42,0.4688343400591184,0.1875080323865827,0.08597866598123635,0.02171957331962473,0.019791800539776378,0.044981364863128134,0.029430664439018123,0.07402647474617659,0.032001028145482585,0.024418455211412414,0.011309600308443645
43,0.4373455264458725,0.19550173010380623,0.09639149777558081,0.024839347503707365,0.02014335145823035,0.053509639149777556,0.027805239742956005,0.07525951557093426,0.03373702422145329,0.02162629757785467,0.01384083044982699
44,0.4068669527896996,0.20748007357449416,0.10300429184549356,0.02857142857142857,0.021213979153893316,0.05174739423666462,0.02955242182709994,0.07369711833231146,0.036051502145922745,0.02844880441446965,0.01336603310852238
45,0.3799507995079951,0.22373923739237392,0.11340713407134072,0.026076260762607627,0.01980319803198032,0.05559655596555966,0.027921279212792128,0.08007380073800738,0.03333333333333333,0.023985239852398525,0.016113161131611316
46,0.3608282036933408,0.2348069390039172,0.12120872971460549,0.02574146614437605,0.019809736989367655,0.05875769445998881,0.027867935086737548,0.07800783435926133,0.03324006715165081,0.02630106323447118,0.013430330162283156
47,0.32974910394265233,0.24807211903986098,0.12935809710003257,0.029651352231997392,0.0190072770717932,0.06071467361789942,0.02487237971108939,0.08308895405669599,0.03128054740957967,0.027804931030737483,0.01640056478766156
48,0.3075763665594855,0.25683279742765275,0.1370578778135048,0.027833601286173633,0.02059887459807074,0.06762459807073955,0.02713022508038585,0.07787379421221866,0.0317524115755627,0.028536977491961414,0.01718247588424437
49,0.28427853553481697,0.26857501794687727,0.1520997846374731,0.03239411342426418,0.02503589375448672,0.0629935391241924,0.027279253409906678,0.07537688442211055,0.026830581478822686,0.02485642498205312,0.02027997128499641
50,0.2676727561556791,0.27013502779984117,0.16147736298649723,0.03367752184273233,0.024463860206513106,0.06600476568705321,0.02589356632247816,0.07966640190627482,0.028832406671961873,0.025258141382049244,0.016918189038919777
51,0.2611036339165545,0.26760879318079855,0.1630028413339315,0.03551667414386123,0.0231045311799013,0.06751906684611933,0.02759084791386272,0.0816509645580978,0.028712427097353072,0.02602063705697622,0.01816958277254374
52,0.2391976418146524,0.27938744697677764,0.16909914443885254,0.037529657056582066,0.02214393558127831,0.06657559853332375,0.027679919476597887,0.08347113379826011,0.028111294845064347,0.028470774318786397,0.018333453159824573
53,0.22034708936867997,0.2860754304454769,0.18222191855698278,0.04065318393003553,0.023845312927029242,0.06647991254441105,0.02616835200874556,0.07973490024596884,0.028491391090461875,0.02808144301721782,0.017901065864990434
54,0.20696096133491065,0.2944399476993961,0.18778407322084553,0.04308573563289957,0.023348483905111763,0.0686134113691551,0.02384658489508748,0.07957163314862088,0.02571446360749642,0.0283917564286159,0.018242948757860655
55,0.19247939560439561,0.2917239010989011,0.1985462454212454,0.04664606227106227,0.022607600732600732,0.06702152014652014,0.025183150183150184,0.08104395604395605,0.026156135531135532,0.028846153846153848,0.01974587912087912
56,0.1792771577761851,0.29568956690897924,0.20768915736664278,0.05052728575816525,0.022166478959762464,0.06726732876011057,0.02426538343401249,0.07817139346779974,0.027951264461963755,0.028207228422238148,0.018787754684140474
57,0.16529755385177072,0.3040343190945601,0.21508762322015335,0.05585980284775466,0.02386820007301935,0.06507849580138737,0.02368565169769989,0.07671595472800292,0.025100401606425703,0.027382256297918947,0.017889740781307048
58,0.15090013586956522,0.29971976902173914,0.22503396739130435,0.060377038043478264,0.025857676630434784,0.06878396739130435,0.024116847826086956,0.07286005434782608,0.026579483695652172,0.027428668478260868,0.018342391304347828
59,0.13959061800180725,0.3026755195851177,0.23785015518799354,0.06282167131575846,0.026598043452638196,0.06792912426825914,0.024044316976387852,0.06926491965583624,0.025930145758849645,0.02514438376615723,0.01815110203119475
60,0.126346972782818,0.30568413256804294,0.24573227180151824,0.06539529716719127,0.02562488428068876,0.06813553045732272,0.021884836141455286,0.06846880207369006,0.024069616737641176,0.02806887613404925,0.0205887798555823
61,0.11471861471861472,0.3116883116883117,0.25034911325233905,0.0718824186566122,0.027405390308616114,0.06483033095936322,0.02202904622259461,0.06514453288646838,0.023914257785225528,0.027754503560955174,0.020283479960899315
62,0.10219389956520296,0.31232367486474827,0.2621062763450496,0.07301935012778386,0.02784692488964121,0.06611570247933884,0.02286833283547413,0.06352683461117196,0.021640280128779582,0.027647781207474527,0.02071094294533506
63,0.09380286985400088,0.31637320634124944,0.26900181715646343,0.07628924118052509,0.03054702675606241,0.06419575161350961,0.02058399649100821,0.060530108402782126,0.020646657058712953,0.026254777868287487,0.021774547277398332
64,0.08554150966330376,0.3198310441230096,0.27151452534338155,0.07967667436489607,0.031147441351647015,0.06572869818889024,0.020268627689315668,0.059468822170900694,0.01956970949313237,0.025738422268141485,0.02151452534338155
65,0.07639873322274167,0.31714673503242347,0.2759161514100437,0.0833660081435681,0.03284572462675313,0.0674709696878299,0.021565374754938922,0.05507464937415171,0.020238274770019604,0.02744684059719499,0.02253053838033479
66,0.0720424745534012,0.31588982429380186,0.27866592355753717,0.08747176674195535,0.03537590566425156,0.06843448417470886,0.02079727787392567,0.05250652664926227,0.017951952128127658,0.026810595171746207,0.024053269191282155
67,0.06522362385321101,0.3149942660550459,0.27772362385321103,0.08916284403669725,0.04114105504587156,0.06479357798165138,0.021129587155963303,0.0525802752293578,0.02032683486238532,0.026834862385321102,0.026089449541284403
68,0.060230066985105,0.3127950029676945,0.28515304824623383,0.09191373901246432,0.04530680308640231,0.06678725869817133,0.02063254289025183,0.04824623385432859,0.017975749696164608,0.02614397558011362,0.02481557898307001
69,0.055048401776110756,0.31873465898121844,0.2796271270581097,0.09495573512783033,0.045037094238671777,0.06610772497862599,0.02032598803055793,0.047243443007253375,0.02018809123252158,0.02650376458258639,0.026227970986513693
70,0.05105785837651123,0.31374136442141626,0.2858916234887737,0.09731217616580311,0.04914183937823834,0.06727655440414508,0.01945703799654577,0.04466213298791019,0.02013169257340242,0.024827288428324698,0.02650043177892919
71,0.04974193030781162,0.32022036209985827,0.27737811889925923,0.09945711764233947,0.054716123338592784,0.06434359372074987,0.018452651565801087,0.042039954002085954,0.021474607546867062,0.02495119407375712,0.027224346802877546
72,0.04839038824549768,0.32184582419264324,0.27633794194173766,0.10106627212897301,0.05813478904137544,0.06435896127748585,0.0186470078057242,0.04058466404775266,0.020509157696035916,0.024054895158410285,0.026070098464364064
73,0.04573383773884967,0.3164261102142117,0.27023445218187514,0.10409387725596973,0.0638056914291222,0.0654442061637069,0.019565793595335054,0.040264090021927185,0.022601865015300836,0.02457772101877063,0.027252355364930966
74,0.0455988010755058,0.31661303830387444,0.2649755366509455,0.10545686957288315,0.0686957288314894,0.0630978093181117,0.01959271829682197,0.03874465552959845,0.025609379821042888,0.023251201128399523,0.02836426147132719
75,0.043028846153846154,0.32232905982905985,0.2593215811965812,0.10381944444444445,0.07532051282051282,0.06268696581196581,0.01733440170940171,0.03715277777777778,0.02641559829059829,0.024626068376068375,0.02796474358974359
76,0.04170523364980298,0.31864702615502605,0.25419829159283847,0.11123158702033692,0.08081876603284585,0.06130166873826462,0.019517097294581228,0.03527887234548965,0.02649882315605744,0.0232195276756671,0.02758310633908973
77,0.04131390123395486,0.3195868609876604,0.24783375127243837,0.10914417657720286,0.08513543709809569,0.061002557290761476,0.018099659855500657,0.03426273059065968,0.032053032748218586,0.021426620651985005,0.03014127169352236
78,0.04195332837486054,0.32381926366679065,0.24042394942357753,0.10917162513945705,0.09118166604685757,0.058176831535886944,0.018733730011156562,0.03177296392711045,0.03284213462253626,0.02256879880996653,0.029355708441799924
79,0.041422727384072704,0.32427798055018003,0.23165862381500624,0.11162824878132425,0.09543639614922961,0.05565490042378071,0.01751463635695564,0.032236729294760305,0.037282904245155915,0.022511819317541582,0.030375033681992993
80,0.04058200787602925,0.32918222267682706,0.22467140592236484,0.11036669564772669,0.1029253822942771,0.055566920677133945,0.018462640004091445,0.029049250754359945,0.03863857208612489,0.021198793024088374,0.029356109036976424
81,0.03972145427990194,0.3364717542120912,0.21741171561212247,0.10273329508111209,0.10487194199572271,0.05615252203849565,0.01789160711491315,0.030514840123102602,0.04144280423556413,0.021569036565646026,0.031219028741328047
82,0.04107784121735086,0.33562404732994033,0.21029787893662644,0.10346965665125171,0.10990260159661043,0.05624305681142946,0.01870462707003901,0.027953600124008576,0.04415222052858656,0.021882346862324643,0.03069212287183197
83,0.03822769616157399,0.34509302507632494,0.20554236359366437,0.1010620254155468,0.11345667092868512,0.05404065443728309,0.01685671789786812,0.027790099939983822,0.047021370978263706,0.019909714792683244,0.030999660778122797
84,0.03954512303827557,0.3480186920936766,0.19588881985899895,0.10051052105561709,0.11517787201858405,0.05091704708138624,0.018908187245077118,0.027281813025039844,0.053104994462602306,0.0190162340293347,0.03163069609140758
85,0.0400462707943153,0.3566707061804561,0.18469758730858213,0.09816018508317727,0.1187066211303294,0.053486834857331716,0.017021042194557672,0.026908670265506224,0.05158642723366751,0.019472292607689765,0.03324336234438691
86,0.040230855855855854,0.36151463963963965,0.1735641891891892,0.09763513513513514,0.12232545045045046,0.052083333333333336,0.018102477477477476,0.024690315315315316,0.058248873873873876,0.01818693693693694,0.03341779279279279
87,0.039288339049485546,0.3723358647721705,0.16621754042136208,0.09554140127388536,0.12245835374816266,0.04856687898089172,0.01892454679078883,0.023793483586477218,0.06216315531602156,0.018250857422831945,0.032459578637922586
88,0.03679284726465764,0.37857395555269674,0.160357636767118,0.0967420319686103,0.11973756150902132,0.051780143440645805,0.019007493648087993,0.02527900170456373,0.06146077895346219,0.017109960441256875,0.0331585887498794
89,0.039563484019190485,0.39056693019798633,0.14855733495506454,0.09156024055679438,0.12095411852152173,0.05074667207243733,0.019122913710385835,0.022197445773363064,0.06696398405297656,0.017399824312453543,0.032367051827826204
90,0.03930355568615927,0.39858213341169557,0.14219071407581546,0.0928592418454305,0.12173082574199236,0.04804584190420218,0.018770202762268588,0.022186306200411402,0.06839553335292389,0.017594769321187188,0.030340875697913605
91,0.03623633460262867,0.4028989067682103,0.13896736682635222,0.08893256356712935,0.12037833190025796,0.04946157310731687,0.02022683536011137,0.023420546206444744,0.07054825369528724,0.015845719199115586,0.03308356876714572
92,0.037254061264351386,0.41403458625125056,0.1253870706493259,0.09242056119289219,0.1212900766995379,0.04582916488018675,0.020627888142537278,0.02334333762088514,0.07126863894049831,0.015101710256776714,0.033442904101757896
93,0.03816536451014558,0.42409083244337026,0.11713787870271486,0.08869653195435895,0.11955483109437356,0.0455286380754314,0.019560451913889044,0.02197740430554775,0.07447585858018099,0.015120004496655612,0.03569220392333202
94,0.03719210103970414,0.42830228176679924,0.10794780545670225,0.08854929872304794,0.11806573163073059,0.045495778382527385,0.02128253436605959,0.02281766799246389,0.08268787942223152,0.016188681878445327,0.03147023934128812
95,0.03559841384282624,0.43808579668348957,0.11003965392934391,0.0840843547224225,0.11346431146359048,0.046232876712328765,0.02496395097332372,0.021539293439077144,0.07786589762076424,0.013788752703677,0.03433669790915645
96,0.03351548269581057,0.44966605950212507,0.0949605343047966,0.08706739526411658,0.10880388585306618,0.05051608986035216,0.02671523982999393,0.021979356405585914,0.0792956891317547,0.01408621736490589,0.033394049787492414
97,0.031746031746031744,0.45601851851851855,0.09623015873015874,0.08482142857142858,0.11259920634920635,0.05026455026455026,0.023809523809523808,0.021825396825396824,0.07721560846560846,0.013888888888888888,0.031580687830687834
98,0.0363855421686747,0.4527710843373494,0.08457831325301204,0.08457831325301204,0.11783132530120483,0.0455421686746988,0.02313253012048193,0.02072289156626506,0.08602409638554216,0.01759036144578313,0.030843373493975902
99,0.025435540069686412,0.486411149825784,0.08118466898954704,0.08815331010452962,0.1073170731707317,0.04320557491289199,0.029616724738675958,0.018815331010452963,0.07979094076655052,0.010452961672473868,0.029616724738675958
100,0.03320420586607637,0.4698395130049806,0.07028223574986164,0.09795240730492528,0.11289429994465966,0.05921416712783619,0.026563364692861097,0.016048699501936912,0.06419479800774765,0.009407858328721638,0.040398450470392915
101,0.032723772858517804,0.4879692011549567,0.068334937439846,0.09817131857555342,0.09239653512993262,0.0519730510105871,0.03946102021174206,0.015399422521655439,0.07699711260827719,0.009624639076034648,0.026948989412897015
102,0.03063063063063063,0.4810810810810811,0.06486486486486487,0.08648648648648649,0.11531531531531532,0.04864864864864865,0.03063063063063063,0.005405405405405406,0.08468468468468468,0.014414414414414415,0.03783783783783784
103,0.03678929765886288,0.5050167224080268,0.06020066889632107,0.07692307692307693,0.09364548494983277,0.0802675585284281,0.033444816053511704,0.006688963210702341,0.06020066889632107,0.010033444816053512,0.03678929765886288
104,0.05555555555555555,0.49382716049382713,0.06790123456790123,0.08024691358024691,0.1111111111111111,0.030864197530864196,0.043209876543209874,0.043209876543209874,0.037037037037037035,0.006172839506172839,0.030864197530864196
105,0.04487179487179487,0.46794871794871795,0.038461538461538464,0.09615384615384616,0.11538461538461539,0.05128205128205128,0.02564102564102564,0.01282051282051282,0.10897435897435898,0.00641025641025641,0.03205128205128205
