age_years,External,Cardiovascular,Cancer,Neurological,Other,Infectious,Chronic respiratory,Diabetes & kidney disease,Digestive
0,0.07833041191936897,0.018733567046450482,0.003615249780893953,0.010736196319018405,0.35276073619631904,0.5192813321647678,0.007887817703768623,0.002081507449605609,0.006573181419807186
1,0.3397129186602871,0.08931419457735247,0.049441786283891544,0.03508771929824561,0.291866028708134,0.14354066985645933,0.030303030303030304,0.003189792663476874,0.017543859649122806
2,0.43373493975903615,0.043373493975903614,0.09156626506024096,0.06265060240963856,0.1855421686746988,0.1180722891566265,0.043373493975903614,0.004819277108433735,0.016867469879518072
3,0.4507936507936508,0.06349206349206349,0.1111111111111111,0.06031746031746032,0.18095238095238095,0.08571428571428572,0.02857142857142857,0.006349206349206349,0.012698412698412698
4,0.38408304498269896,0.04498269896193772,0.1695501730103806,0.07958477508650519,0.14186851211072665,0.11418685121107267,0.03460207612456748,0.010380622837370242,0.020761245674740483
5,0.35793357933579334,0.03690036900369004,0.16974169741697417,0.08118081180811808,0.17712177121771217,0.11439114391143912,0.02952029520295203,0.01107011070110701,0.02214022140221402
6,0.3425196850393701,0.051181102362204724,0.14960629921259844,0.05511811023622047,0.23228346456692914,0.11811023622047244,0.03543307086614173,0.0,0.015748031496062992
7,0.31100478468899523,0.06698564593301436,0.18660287081339713,0.07177033492822966,0.20095693779904306,0.08133971291866028,0.05741626794258373,0.014354066985645933,0.009569377990430622
8,0.2898550724637681,0.0966183574879227,0.15458937198067632,0.0821256038647343,0.15942028985507245,0.12077294685990338,0.057971014492753624,0.0,0.03864734299516908
9,0.32211538461538464,0.07692307692307693,0.1778846153846154,0.11538461538461539,0.16826923076923078,0.057692307692307696,0.04326923076923077,0.014423076923076924,0.02403846153846154
10,0.3248730964467005,0.07106598984771574,0.17766497461928935,0.08121827411167512,0.14213197969543148,0.116751269035533,0.050761421319796954,0.015228426395939087,0.02030456852791878
11,0.3605150214592275,0.060085836909871244,0.18454935622317598,0.0815450643776824,0.1759656652360515,0.055793991416309016,0.055793991416309016,0.008583690987124463,0.017167381974248927
12,0.3835125448028674,0.06451612903225806,0.1827956989247312,0.06093189964157706,0.11827956989247312,0.0931899641577061,0.06093189964157706,0.025089605734767026,0.010752688172043012
13,0.5047318611987381,0.0473186119873817,0.1167192429022082,0.07255520504731862,0.12302839116719243,0.07255520504731862,0.015772870662460567,0.015772870662460567,0.031545741324921134
14,0.5342465753424658,0.04657534246575343,0.1232876712328767,0.07671232876712329,0.11506849315068493,0.0410958904109589,0.0273972602739726,0.010958904109589041,0.024657534246575342
15,0.5472972972972973,0.05405405405405406,0.11936936936936937,0.06981981981981981,0.11936936936936937,0.033783783783783786,0.033783783783783786,0.01126126126126126,0.01126126126126126
16,0.6270566727605119,0.04936014625228519,0.10603290676416818,0.04936014625228519,0.09323583180987204,0.03656307129798903,0.018281535648994516,0.007312614259597806,0.012797074954296161
17,0.6754966887417219,0.03642384105960265,0.10099337748344371,0.056291390728476824,0.08774834437086093,0.02152317880794702,0.009933774834437087,0.006622516556291391,0.004966887417218543
18,0.6938239159001314,0.03679369250985545,0.06701708278580815,0.04862023653088042,0.07621550591327202,0.0328515111695138,0.024967148488830485,0.013140604467805518,0.006570302233902759
19,0.6622596153846154,0.04567307692307692,0.06610576923076923,0.057692307692307696,0.08533653846153846,0.03125,0.02403846153846154,0.019230769230769232,0.008413461538461538
20,0.6498855835240275,0.04462242562929062,0.07208237986270023,0.05835240274599542,0.07208237986270023,0.05263157894736842,0.020594965675057208,0.013729977116704805,0.016018306636155607
21,0.6315205327413984,0.03995560488346282,0.06770255271920089,0.05660377358490566,0.09988901220865705,0.04550499445061043,0.025527192008879023,0.021087680355160933,0.01220865704772475
22,0.6354679802955665,0.04827586206896552,0.059113300492610835,0.03940886699507389,0.10147783251231528,0.06305418719211822,0.020689655172413793,0.013793103448275862,0.0187192118226601
23,0.6481835564053537,0.045889101338432124,0.07265774378585087,0.04875717017208413,0.0841300191204589,0.04875717017208413,0.011472275334608031,0.016252390057361378,0.02390057361376673
24,0.6433891992551211,0.05772811918063315,0.051210428305400374,0.04189944134078212,0.08100558659217877,0.05307262569832402,0.017690875232774673,0.028864059590316574,0.025139664804469275
25,0.6056701030927835,0.05756013745704467,0.07731958762886598,0.03951890034364261,0.0979381443298969,0.04553264604810996,0.024054982817869417,0.02147766323024055,0.030927835051546393
26,0.6008196721311475,0.05901639344262295,0.08032786885245902,0.038524590163934426,0.09016393442622951,0.05901639344262295,0.01639344262295082,0.019672131147540985,0.036065573770491806
27,0.5822475570032574,0.0749185667752443,0.09364820846905537,0.03501628664495114,0.0749185667752443,0.05130293159609121,0.017915309446254073,0.030944625407166124,0.03908794788273615
28,0.5285610990600145,0.08459869848156182,0.09616775126536514,0.03036876355748373,0.10339840925524223,0.06218365871294288,0.02024584237165582,0.03036876355748373,0.044107013738250184
29,0.5351488283723876,0.0759974667511083,0.10006333122229259,0.037365421152628246,0.08549715009499684,0.06713109563014566,0.02026599113362888,0.030398986700443317,0.048131728942368585
30,0.5124062319676861,0.09117137911136756,0.10098095787651472,0.03693017888055395,0.09059434506635891,0.054818234275822275,0.015579919215233698,0.03866128101557992,0.058857472590882864
31,0.485014985014985,0.0919080919080919,0.11688311688311688,0.030969030969030968,0.10139860139860139,0.06993006993006994,0.01948051948051948,0.036463536463536464,0.04795204795204795
32,0.4810964083175803,0.0893194706994329,0.12287334593572778,0.030718336483931945,0.09262759924385633,0.06049149338374291,0.015122873345935728,0.03733459357277883,0.07041587901701324
33,0.4652078774617068,0.09715536105032822,0.14660831509846828,0.03413566739606127,0.08533916849015317,0.05032822757111598,0.01487964989059081,0.04201312910284464,0.06433260393873086
34,0.43628593628593626,0.10761460761460762,0.13908313908313907,0.03108003108003108,0.08857808857808858,0.06604506604506605,0.01554001554001554,0.03923853923853924,0.07653457653457653
35,0.4148404459823145,0.1118800461361015,0.13917723952326028,0.028450595924644367,0.10649750096116878,0.0722798923490965,0.01768550557477893,0.0330642060745867,0.07612456747404844
36,0.4028644876973926,0.11164157179581344,0.16819684171869262,0.03268453911127433,0.1046639735585751,0.05325009181050312,0.016893132574366507,0.0374586852735953,0.072346676459787
37,0.37578726382085376,0.12071378586424072,0.18054583624912526,0.02729181245626312,0.09552134359692092,0.059132260321903427,0.02099370188943317,0.042337298810356895,0.07767669699090272
38,0.3781942078364566,0.12913117546848382,0.17410562180579217,0.031345826235093695,0.09369676320272573,0.05417376490630324,0.02112436115843271,0.03986371379897785,0.07836456558773425
39,0.3357321652065081,0.14580725907384232,0.18773466833541927,0.028473091364205255,0.09605757196495619,0.055381727158948686,0.024405506883604506,0.04224030037546934,0.08416770963704631
40,0.31760914151772635,0.15294462349838853,0.20128918839730442,0.030471725754468208,0.09610313507178435,0.05039554644008204,0.021388807500732493,0.048637562261939646,0.08116026955757398
41,0.300810654313839,0.16270990156340476,0.22148233931673422,0.025188187608569775,0.09351476548928778,0.05153445280833816,0.021424435437174292,0.04487550665894615,0.07845975680370584
42,0.28805194805194806,0.17402597402597403,0.2109090909090909,0.03298701298701299,0.09844155844155844,0.043376623376623374,0.02207792207792208,0.04753246753246753,0.0825974025974026
43,0.27556748840615086,0.1728093727117403,0.2174762020990969,0.03026604832804491,0.10104954845008543,0.04051745179399561,0.024896265560165973,0.04710763973639248,0.09030998291432756
44,0.26134259259259257,0.16782407407407407,0.23842592592592593,0.027546296296296298,0.0912037037037037,0.046064814814814815,0.026851851851851852,0.05439814814814815,0.0863425925925926
45,0.2287567084078712,0.18269230769230768,0.24955277280858676,0.03711985688729875,0.08877459749552773,0.05008944543828265,0.02795169946332737,0.05165474060822898,0.08340787119856888
46,0.2093421898435826,0.19091493464752518,0.25883865438182985,0.03192629097921577,0.08827940861367045,0.049067923719734306,0.0280694236125991,0.0561388472251982,0.08742232697664452
47,0.20196119340705196,0.18401836010849154,0.2695597746713958,0.03192155226371792,0.08220321301898602,0.05007302315877321,0.02983517629876904,0.05695806384310453,0.09346964322970999
48,0.19235486508585445,0.19971381847914962,0.2686017988552739,0.036181520850367944,0.08462796402289452,0.04517579721995094,0.030866721177432544,0.05907604251839738,0.08340147179067865
49,0.17598908594815826,0.20327421555252387,0.29214578054960044,0.03118300526213214,0.0806860261157669,0.0452153576300916,0.03254726174235042,0.05632430325472618,0.08263496394465017
50,0.1618111618111618,0.2106002106002106,0.28501228501228504,0.03667953667953668,0.07546507546507547,0.05458055458055458,0.03159003159003159,0.05914355914355914,0.08511758511758512
51,0.1529206902010448,0.1983536488839639,0.30473325945860374,0.03197720436916258,0.08136773785024537,0.04701598860218458,0.04432483773943328,0.059205318980528734,0.080101313914833
52,0.14567439182380884,0.2126097596084641,0.29451561825248307,0.03541096876349503,0.07269324888441053,0.04922988340290773,0.041168849863250326,0.06808694400460631,0.08061033539657406
53,0.13220511515459982,0.20587861051024303,0.31568901895915513,0.034864486575900244,0.08041735589769691,0.049497391525639395,0.04262628833184884,0.05916783305764092,0.07965389998727573
54,0.1294626758023801,0.20867892775573987,0.31722562808029814,0.03245582401730977,0.0745281884841928,0.04555836037985335,0.047121048202909,0.06587330207957687,0.07909604519774012
55,0.12057951174994296,0.20967373944786677,0.3215833903718914,0.03171343828428017,0.07506274241387177,0.048026465890942276,0.05019393109742186,0.06707734428473648,0.07608943645904631
56,0.10567064239380623,0.2094580456162377,0.3304038501778615,0.0366185394433982,0.07334170328520612,0.046871730487549695,0.05942665829671479,0.06831973216154007,0.0698890981376857
57,0.09827036428640448,0.21509324572422456,0.324572422456276,0.04029374818823075,0.07150449318774761,0.04918349598995072,0.06145521306406416,0.0658034592714272,0.07382355783167456
58,0.09092480553154711,0.21037165082108902,0.3378565254969749,0.039498703543647366,0.06715643906655143,0.049524632670700085,0.0637856525496975,0.06663785652549697,0.0742437337942956
59,0.08214777420835245,0.224797307633471,0.3357044515832951,0.03709652745907909,0.06585589720055071,0.050481872418540616,0.06937433073275202,0.06463209423282852,0.06990974453113048
60,0.07545622308796392,0.2282140660241952,0.3357255143189119,0.04237577745882031,0.0661608912582872,0.04757022759893377,0.0710819492857631,0.06513567083589639,0.06827968013122822
61,0.0716246568505116,0.22036436236585974,0.3445844771649613,0.04342400798602446,0.06420014973795857,0.049663089593211876,0.07879960069877714,0.057836286498627404,0.06950336910406787
62,0.0634627588992096,0.2220042693128714,0.3405642416200311,0.04442393122944672,0.0633473720648474,0.051981768880170774,0.08342468124387008,0.06190503663531991,0.06888594011423296
63,0.056538604601732295,0.22323184016153888,0.3422604814283437,0.04362612253573516,0.06626281949094001,0.05202189276794729,0.0887932408735852,0.06296827674159095,0.06429672139858654
64,0.051159112253472395,0.23152587613069053,0.34372991943057685,0.04834165389748406,0.06114378923434333,0.05036824675003707,0.08941723098215609,0.06302209480500222,0.061292076516237456
65,0.04910359031971165,0.23381547535458502,0.3459720076768244,0.04924402003463933,0.05781023264522773,0.04896316060478397,0.08917286897907598,0.0639891401020456,0.061929504283106306
66,0.0433377600708278,0.23470562195661798,0.34652501106684375,0.051969898185037625,0.060292164674634795,0.04900398406374502,0.09406817175741479,0.06321381142098273,0.05688357680389553
67,0.04149620105201637,0.2405443767220506,0.3307589546631043,0.05861234031894465,0.05811138014527845,0.05314352508975537,0.09497369959088252,0.06474910244635551,0.05761041997161226
68,0.03890085768871184,0.23604731514979066,0.3323442136498516,0.0643469777651315,0.06024145359944718,0.05491646681029227,0.09601235722125116,0.06564773789683347,0.0515426202186903
69,0.03485660993238517,0.24562835159710888,0.3262609776948784,0.07099557006295174,0.055413072200202064,0.05137172612108495,0.09757519235252973,0.06757596953446803,0.050322530504391075
70,0.03431825746089272,0.25002773566066344,0.3115269405717244,0.07754890721496986,0.055619244850412336,0.05118153914426242,0.0985910284382974,0.06889538108797752,0.052290965570799895
71,0.03201486404402044,0.2502590488441062,0.30460570979383284,0.08450351949119234,0.057205130953657056,0.05205988494658234,0.09897452388608997,0.06881766534462429,0.05155965269589452
72,0.03069027631444788,0.2530333412636373,0.29979947659993883,0.09489175135098392,0.054990993440505724,0.050742616320565544,0.09737280358902899,0.06743024164769058,0.05104849947320124
73,0.03169697168973794,0.25367441554598363,0.2918159997369546,0.10232466379508763,0.056258836681682176,0.05135961595370401,0.09643902278630849,0.06766843126294676,0.04876204254759478
74,0.029214112376330037,0.260469168066704,0.27916744446518577,0.11321635243606497,0.054601456038827705,0.05099247091033539,0.09968265820421877,0.06797959056685957,0.044676746935473834
75,0.029448206310329923,0.259645584209768,0.27243912980838497,0.12199971185708111,0.0546030831292321,0.05218268261057484,0.0969024636219565,0.06886615761417664,0.043912980838495895
76,0.027870974559480094,0.26473463133701425,0.2641270176736322,0.13415052968060656,0.05328507648006763,0.050247008163157476,0.09639922859482736,0.06686392095738779,0.042321612553826646
77,0.02970248937462052,0.2709653916211293,0.24854887674559806,0.1436065573770492,0.05360048573163327,0.04981177899210686,0.09500910746812387,0.0656709168184578,0.043084395871281114
78,0.029378658262044124,0.26969833408374605,0.24197996398018912,0.15440679873930663,0.05191918054930211,0.050793561458802344,0.09458014407924359,0.06472309770373706,0.042520261143628994
79,0.030024610336341264,0.27634673229423024,0.22890347279190593,0.16152584085315833,0.05045118949958983,0.05102543068088597,0.09822258681979765,0.06685808039376538,0.036642056330325405
80,0.030767683877130362,0.2810316223417626,0.2174350208637072,0.17460157860338846,0.04957015735759891,0.049494746367703985,0.09733045095771957,0.061987833693630284,0.037780905937358604
81,0.029843643779741674,0.2866530704736007,0.2086109222750963,0.18676637208248356,0.04781327894856107,0.049490142760027195,0.09474280534783594,0.06029911624745071,0.03578064808520281
82,0.03070592712396537,0.29247930739225575,0.19826848063933022,0.19415374369707925,0.05032822757111598,0.0497098277994482,0.09050042812291885,0.060270193131005616,0.03358386452288079
83,0.02950581395348837,0.29881298449612403,0.18660368217054263,0.20414244186046512,0.04835271317829457,0.04934593023255814,0.08890503875968993,0.06012596899224806,0.034205426356589144
84,0.029172091229085297,0.30989922368484496,0.17452625488210619,0.2119195718212064,0.050002410916630505,0.05002652008293553,0.0833936062490959,0.059188003278846615,0.031872317855248564
85,0.030599095616316394,0.30948197090040064,0.16456971486141375,0.22169115062908554,0.0484993322555704,0.0509360136829034,0.08249572409268761,0.060190717180947026,0.03153628078067524
86,0.03121810928657575,0.3209249466555339,0.1539799610353465,0.22965952314685964,0.04749976806753873,0.05056127655626681,0.07755821504777809,0.057797569347805916,0.030800630856294645
87,0.032154941080387356,0.32691634581729084,0.14724069536810175,0.23752187609380468,0.04785905961964765,0.04923579512308949,0.07362034768405087,0.05770621864426555,0.0277447205693618
88,0.032346503859002416,0.3351457205391084,0.13422416772261261,0.24487962216334525,0.047045271282110356,0.05031678378067043,0.07049879046192835,0.05697500287985255,0.028568137311369656
89,0.03123165433838206,0.34141129505694495,0.12232006575085123,0.25572384642479745,0.04637783257015381,0.049735822472701655,0.06917928848185981,0.05694493366208759,0.02707526124222144
90,0.03181761863461777,0.35378515673398586,0.11262544913889233,0.25605253376285464,0.04817246933465494,0.049510593482839794,0.06398215834469087,0.05684549622103829,0.027208524346425473
91,0.03197785171826979,0.3661070330954256,0.10284219349267228,0.2593279317263976,0.04797947728023164,0.05095120774173884,0.0633461177008458,0.05074801249650758,0.0267201747479109
92,0.031946429516701076,0.37142025303054366,0.09605102959081044,0.26446455984331163,0.048250489651156636,0.04960033878566513,0.06074321105288232,0.0519824254936213,0.025541263035307817
93,0.03282036933407946,0.3762171236709569,0.0884722999440403,0.2693340794627868,0.04941242305540011,0.04837716843872412,0.05654728595411304,0.05310576385002798,0.025713486289871294
94,0.031834571173225676,0.39230792936608216,0.0796634719097661,0.2700853647261857,0.04554839902616414,0.05038676076304355,0.05584147431353817,0.05081820703257419,0.02351382168942032
95,0.032187938288920054,0.39474053295932676,0.07475455820476859,0.2743688639551192,0.048842917251051894,0.05094670406732118,0.051507713884992985,0.05007012622720897,0.02258064516129032
96,0.03243351329734053,0.3956408718256349,0.06830633873225354,0.28198360327934413,0.04987002599480104,0.050469906018796244,0.051349730053989205,0.04911017796440712,0.020835832833433314
97,0.030020243914481805,0.4028538981879228,0.05954673381721227,0.28247667012294475,0.05060978620451291,0.050856663210388585,0.05189354663506641,0.049967905989236165,0.021774551918234335
98,0.029010448678549478,0.40706822372464657,0.05457897971727105,0.2885064535955747,0.05304240934234788,0.050829748002458514,0.04480639213275968,0.04972341733251383,0.022433927473878304
99,0.02933397451310411,0.40835136651438647,0.05369880580267693,0.28556544041035503,0.052737036146509576,0.05498116534423339,0.0461649434960327,0.050733349362827605,0.01843391840987417
100,0.025741942346558876,0.4205935538772471,0.04605892990107435,0.28613977236464205,0.06031273268801191,0.05467503457079034,0.040846718434209124,0.04797361982767791,0.017657695989788322
101,0.026906519065190652,0.4208179581795818,0.04258917589175892,0.28198031980319804,0.058886838868388684,0.05796432964329643,0.04120541205412054,0.04920049200492005,0.020448954489544896
102,0.025979744605900485,0.4183179216204315,0.04073095552619991,0.29260237780713344,0.05702333773667988,0.060986349625715544,0.04117129018053721,0.04557463672391017,0.017613386173491855
103,0.022678951098511695,0.42771084337349397,0.041105598866052445,0.27781715095676823,0.06413890857547838,0.06484762579730688,0.04004252303330971,0.05102763997165131,0.010630758327427357
104,0.021251475796930343,0.4155844155844156,0.030696576151121605,0.28689492325855964,0.06198347107438017,0.0690672963400236,0.04250295159386069,0.053128689492325853,0.018890200708382526
105,0.023954908407703146,0.42414279004227334,0.0380460310004697,0.2902771254109911,0.07186472522310944,0.06106153123532175,0.035227806481916396,0.04274307186472522,0.012682010333489901
