age_years,External,Cardiovascular,Cancer,Neurological,Other,Infectious,Diabetes & kidney disease,Chronic respiratory,Digestive
0,0.08253676470588235,0.01875,0.0034926470588235296,0.013419117647058823,0.3329963235294118,0.5307904411764706,0.0022058823529411764,0.00818014705882353,0.007628676470588235
1,0.3695121951219512,0.05853658536585366,0.04390243902439024,0.032926829268292684,0.28292682926829266,0.15853658536585366,0.006097560975609756,0.03780487804878049,0.00975609756097561
2,0.4990859232175503,0.04936014625228519,0.0603290676416819,0.04936014625228519,0.16270566727605118,0.12614259597806216,0.0018281535648994515,0.031078610603290677,0.02010968921389397
3,0.5150862068965517,0.034482758620689655,0.10991379310344827,0.05818965517241379,0.15732758620689655,0.08836206896551724,0.00646551724137931,0.01939655172413793,0.010775862068965518
4,0.49283667621776506,0.034383954154727794,0.12893982808022922,0.0659025787965616,0.16045845272206305,0.06876790830945559,0.0057306590257879654,0.03151862464183381,0.011461318051575931
5,0.4147058823529412,0.058823529411764705,0.17352941176470588,0.05,0.15588235294117647,0.1,0.0,0.03235294117647059,0.014705882352941176
6,0.39615384615384613,0.03461538461538462,0.17307692307692307,0.06153846153846154,0.16153846153846155,0.11538461538461539,0.0038461538461538464,0.03076923076923077,0.023076923076923078
7,0.3804347826086957,0.06521739130434782,0.16666666666666666,0.08333333333333333,0.19202898550724637,0.06521739130434782,0.0,0.028985507246376812,0.018115942028985508
8,0.38976377952755903,0.015748031496062992,0.1889763779527559,0.07874015748031496,0.12598425196850394,0.09448818897637795,0.007874015748031496,0.05905511811023622,0.03937007874015748
9,0.35826771653543305,0.04330708661417323,0.15748031496062992,0.1141732283464567,0.16535433070866143,0.07874015748031496,0.01968503937007874,0.03937007874015748,0.023622047244094488
10,0.3096085409252669,0.05693950177935943,0.2099644128113879,0.11743772241992882,0.15302491103202848,0.0498220640569395,0.014234875444839857,0.07829181494661921,0.010676156583629894
11,0.39087947882736157,0.07166123778501629,0.1465798045602606,0.11400651465798045,0.15960912052117263,0.048859934853420196,0.006514657980456026,0.03257328990228013,0.029315960912052116
12,0.4257142857142857,0.06285714285714286,0.13714285714285715,0.12285714285714286,0.13714285714285715,0.06857142857142857,0.002857142857142857,0.02857142857142857,0.014285714285714285
13,0.5560253699788583,0.03171247357293869,0.11627906976744186,0.05919661733615222,0.12684989429175475,0.048625792811839326,0.0021141649048625794,0.046511627906976744,0.012684989429175475
14,0.6492659053833605,0.03262642740619902,0.09135399673735727,0.08156606851549755,0.07504078303425775,0.03262642740619902,0.004893964110929853,0.021207177814029365,0.011419249592169658
15,0.713963963963964,0.04391891891891892,0.08783783783783784,0.057432432432432436,0.05405405405405406,0.019144144144144143,0.007882882882882882,0.010135135135135136,0.00563063063063063
16,0.7868589743589743,0.028846153846153848,0.060897435897435896,0.038461538461538464,0.04487179487179487,0.019230769230769232,0.007211538461538462,0.007211538461538462,0.00641025641025641
17,0.7878426698450537,0.028605482717520857,0.056615017878426696,0.03456495828367104,0.05303933253873659,0.011918951132300357,0.005363528009535161,0.016090584028605484,0.0059594755661501785
18,0.8525390625,0.02587890625,0.03466796875,0.02587890625,0.0322265625,0.009765625,0.0068359375,0.0078125,0.00439453125
19,0.8354063018242123,0.028606965174129355,0.036069651741293535,0.02943615257048093,0.03980099502487562,0.011194029850746268,0.006633499170812604,0.007048092868988391,0.005804311774461028
20,0.8378812199036918,0.026484751203852328,0.04012841091492777,0.02608346709470305,0.03892455858747994,0.006821829855537721,0.008025682182985553,0.009630818619582664,0.006019261637239166
21,0.8263785394932935,0.03464977645305514,0.03651266766020864,0.028315946348733235,0.038375558867362144,0.014157973174366617,0.005961251862891207,0.006333830104321907,0.009314456035767511
22,0.8080056677293659,0.036131774707757705,0.0375487070492384,0.03506907545164718,0.04640453418349274,0.010981225646475381,0.00991852639036486,0.00991852639036486,0.0060219624512929506
23,0.8017741385192767,0.03514158990105766,0.03650631183896281,0.03343568747867622,0.05049471170249062,0.010917775503241215,0.011258955987717503,0.009553053565336063,0.010917775503241215
24,0.7887765772046009,0.039735099337748346,0.03799233182293482,0.029627047751829907,0.052980132450331126,0.015684907633321716,0.011153712094806553,0.010805158591843849,0.013245033112582781
25,0.7553956834532374,0.051667756703727925,0.04218443427076521,0.028449967298888164,0.0618051013734467,0.01765860039241334,0.014388489208633094,0.013734466971877043,0.014715500327011119
26,0.755973715651135,0.0528673835125448,0.04121863799283154,0.02867383512544803,0.05436081242532855,0.02090800477897252,0.017025089605734768,0.008064516129032258,0.02090800477897252
27,0.7442200760901375,0.05677494878548434,0.03833772314896108,0.027216856892010536,0.05940883816213052,0.01990049751243781,0.016388645010242904,0.009950248756218905,0.027802165642376354
28,0.737211916807195,0.06211354693648117,0.042439572793704326,0.024451939291736932,0.055930297920179874,0.021641371557054524,0.016020236087689713,0.012085441259134345,0.028105677346824058
29,0.7226449750721595,0.0669115717659407,0.03857255313565993,0.02309105221726581,0.06271319863552874,0.02676462870637628,0.020991865652059828,0.007871949619522435,0.030438205195486748
30,0.7010973282442748,0.06607824427480916,0.04174618320610687,0.025286259541984733,0.06440839694656489,0.03101145038167939,0.0245706106870229,0.008110687022900763,0.03769083969465649
31,0.6859783588818755,0.07732191163210099,0.049368800721370606,0.020739404869251576,0.0705590622182146,0.024346257889990983,0.022317403065825067,0.011045987376014428,0.03832281334535618
32,0.661630134071079,0.074271121515216,0.04873377314322196,0.024473292189827623,0.07533517769738242,0.025111725899127475,0.02489891466269419,0.013619919131730156,0.051925941689721214
33,0.6482236458940012,0.0858085808580858,0.0502814987381091,0.019996117258784703,0.079596194913609,0.029508833236264805,0.024072995534847604,0.0091244418559503,0.053387691710347504
34,0.6254410399257196,0.10770659238625813,0.048467966573816156,0.018570102135561744,0.08096564531104922,0.03119777158774373,0.027483751160631384,0.009842154131847726,0.05032497678737233
35,0.6218941303564999,0.10334893770255671,0.05527547713359741,0.017104789341015485,0.07436082102988836,0.03312927619733525,0.030788620813827872,0.010082823190493338,0.05401512423478574
36,0.5971997845988153,0.11452162986896428,0.059594327768802725,0.021719619457907017,0.078082929456112,0.03320768264225453,0.028540656973613354,0.010231556273559504,0.05690181295997128
37,0.583347669017719,0.12093583347669018,0.07173576466540513,0.019611216239463273,0.0765525546189575,0.03234130397385171,0.02993290899707552,0.009289523481851024,0.056253225528986754
38,0.5565785068630733,0.13056578506863073,0.06327418814864412,0.020756611985269503,0.08704385671242049,0.03130231001004352,0.03598928690994309,0.010378305992634751,0.06411114830934048
39,0.5177178153446034,0.15068270481144344,0.07688556566970091,0.02340702210663199,0.08615084525357607,0.02877113133940182,0.033810143042912875,0.011378413524057216,0.0711963589076723
40,0.496291718170581,0.15852904820766378,0.08606304079110012,0.025030902348578493,0.07663782447466007,0.03445611866501854,0.040327564894932014,0.012206427688504327,0.07045735475896168
41,0.47594826333381773,0.1745385845080657,0.0794942595552972,0.02325243423920942,0.08472605725911932,0.03473332364481907,0.0402557767766313,0.011916872547594826,0.07513442813544544
42,0.4447576099210823,0.1891206313416009,0.09540586245772266,0.019870349492671927,0.08244081172491545,0.0346674182638106,0.044673055242390076,0.01282412626832018,0.07624013528748591
43,0.4435050993022008,0.1800858829844337,0.09997316156736447,0.023349436392914653,0.08480944712828771,0.03462157809983897,0.0417337627482555,0.01274825550187869,0.07917337627482555
44,0.41615873427571004,0.19751005057709764,0.10699001426533523,0.02023083906108157,0.08792633899623914,0.03397743483335495,0.045778757618985866,0.013487226040721048,0.07794060433147451
45,0.3844655150019483,0.20911806728146512,0.1119625925444863,0.02117158072476945,0.08559553188725809,0.037927003506948956,0.050915703338095857,0.01727497077542538,0.08156903493960255
46,0.36716681376875554,0.22153574580759047,0.1262135922330097,0.024082713403101752,0.07817425293153449,0.036313201361745054,0.05005673937712773,0.017778338166687682,0.07867860295044761
47,0.33204295704295705,0.2338911088911089,0.13499000999000998,0.022102897102897104,0.08503996003996003,0.039460539460539464,0.05844155844155844,0.017232767232767232,0.07679820179820179
48,0.3083159317037219,0.242967694386439,0.14826188428939935,0.022601645989436186,0.08205380174425746,0.035990664537526106,0.06055767104778283,0.01867092494779511,0.08057978135364206
49,0.28419504468831314,0.2620205905645435,0.15341101934607987,0.02262699400384659,0.07976015386355922,0.0384658898065392,0.06527887770109742,0.019346079873288832,0.07489535015273222
50,0.27599364069952304,0.26073131955484896,0.16142024377318495,0.025331213566507683,0.07652358240593535,0.037943826179120295,0.06422893481717011,0.019925808161102277,0.07790143084260731
51,0.2565037918786599,0.26216761063645966,0.17327445521743304,0.02351924738408371,0.07564557934146107,0.03686282038974753,0.07305366228280695,0.0223672842469041,0.07660554862244408
52,0.23959218351741715,0.2819031435853866,0.17145284621920137,0.022344944774851317,0.07612574341546305,0.038742565845369586,0.07128292268479185,0.025998300764655907,0.0725573491928632
53,0.2203657710544141,0.28418755174230453,0.1798750658538421,0.025739444569880334,0.0755625799653797,0.037856551516519905,0.06916534958982463,0.027319936780311582,0.07992774892752315
54,0.20636430138990491,0.2836869056327725,0.19451353328456475,0.027944403803950257,0.07359180687637161,0.040965618141916606,0.06927578639356255,0.02852962692026335,0.07512801755669349
55,0.19995851483094793,0.29205559012652976,0.1962939915646823,0.02530595312175897,0.07121620687270967,0.03892691696051995,0.06803567724538477,0.03118301873746802,0.07702413053999861
56,0.19067824703308361,0.2848239740104754,0.2099051912749453,0.024796128091228536,0.06683020619240204,0.041039580985215145,0.07193529138765498,0.035271497712656634,0.07471988331233839
57,0.16956998416372274,0.29528566207820683,0.21360701668899987,0.026312583749543185,0.07138506517237178,0.04099159459130223,0.07211597027652576,0.037276160311852845,0.07345596296747472
58,0.1547145116431259,0.295031902710367,0.22855428914217157,0.026067513769973277,0.06751376997327807,0.04270055079893112,0.07018596280743851,0.04231880896547963,0.07291269018923488
59,0.1452689628482972,0.2944078947368421,0.23863196594427244,0.03125,0.06646671826625387,0.04344040247678019,0.06680534055727554,0.04387577399380805,0.06985294117647059
60,0.13413562895291636,0.30266163035839777,0.23827301475755447,0.03087666900913563,0.06421293042867182,0.043438158819395646,0.06772663387210119,0.05081693605059733,0.0678583977512298
61,0.12478653330080508,0.30047979181914286,0.25026429210376516,0.03187769374644222,0.06456859396600798,0.04431975278523217,0.07050500121980971,0.04980889647881597,0.06338944457997886
62,0.11221606961238557,0.30037292349418016,0.2601423889705051,0.03518288318830753,0.06234226089576977,0.04403510754510868,0.06539345312087995,0.05740761667985083,0.0629072964930124
63,0.10300444074382459,0.30016652789342213,0.2634263114071607,0.03493616430752151,0.06293366638912018,0.04301970580072162,0.06817235636969192,0.06119900083263947,0.06314182625589786
64,0.0963398823177421,0.3050762940061833,0.2708021674811343,0.036002792460357036,0.05963897476812606,0.044945314318008044,0.06635417705528407,0.06086898706824906,0.05997141052491606
65,0.08723629029676346,0.30380638345551747,0.273841918237987,0.03896020744629766,0.059448730671959535,0.04485065787367545,0.06812433972532574,0.06639562057816051,0.05733585171431316
66,0.0783795414028401,0.30457367676891867,0.27884674494375117,0.04155652548103522,0.05790864941292186,0.0454908710887072,0.06771377635704186,0.07057232433761604,0.05495789020716789
67,0.07490866578985825,0.305801549028204,0.28475814701154467,0.045857080227970186,0.05497588776852258,0.044103463393248575,0.0661990355107409,0.07096302791173462,0.05243314335817624
68,0.06741476294340489,0.3046435541269659,0.28509929973596604,0.04769831247847549,0.054040867868212605,0.04554586155435656,0.06836184135001722,0.07553667776374699,0.05165882217885432
69,0.06220229756234239,0.3044270103670496,0.2876435976463996,0.0533202577752872,0.05446903894648361,0.043961894087979826,0.06920706080134491,0.07677220509946764,0.04799663771364528
70,0.056759239247892807,0.30219364599092285,0.28917224983790796,0.0605954181975362,0.05086989409984871,0.04498054895180462,0.068132699373244,0.08088394207910093,0.04641236222174195
71,0.05299386079145295,0.30393068806973716,0.2854599091078215,0.06598984771573604,0.052116830999016664,0.043505993036914985,0.06723895075344832,0.08291918037579397,0.045844739150078404
72,0.048730964467005075,0.30631263829233374,0.28522712482103346,0.0733827931797475,0.04865286997266693,0.04430560978784329,0.06572953273460888,0.08444617987765196,0.0432122868671092
73,0.04739140546267345,0.30013695444326727,0.28049820408796095,0.08090648337166335,0.04832166205845112,0.04545337088813665,0.07020853252022016,0.08573864957750846,0.041344737590118606
74,0.045011918648881676,0.3043312877212558,0.27514327737485417,0.0849267129887914,0.04767459552670285,0.045011918648881676,0.07224729928488106,0.08779226048587513,0.037860729319876246
75,0.04453334610962054,0.29805481027213493,0.2745783825220391,0.09407339977002684,0.04553947872748179,0.046018589497891914,0.06920755078574166,0.0899051360674588,0.03808930624760445
76,0.04398980474261527,0.30217104364844566,0.2640071002685358,0.10365936916844933,0.04578762914751263,0.04535524099949934,0.07002412270720496,0.08882162851030904,0.036184060807427976
77,0.04289000992042552,0.30464149270743185,0.2627646326276463,0.11047554720645039,0.0462038541908521,0.04468412942989214,0.06606581252506491,0.08710977900669101,0.035164742385545726
78,0.0422893805535046,0.30384194312192886,0.2533543804262036,0.11803345469358657,0.04287496499223464,0.045471904677037454,0.0691498841561219,0.09000178221350918,0.03498230516587316
79,0.043571732120090995,0.3054270929680274,0.2445566582506312,0.1278404119691023,0.043846711496637755,0.045621578381621376,0.0648701347398945,0.09171812114091443,0.03254755893308002
80,0.04179965482185498,0.3039695486677542,0.23604510958223987,0.13648722131593258,0.04562971369127834,0.047568385464690166,0.06674232215050713,0.0907865806085538,0.030971463697188926
81,0.04161029167128757,0.31300876122879007,0.23131862038371964,0.1417988244427193,0.04291893090828435,0.046867028945325497,0.06467783076411224,0.08787845181324165,0.029921259842519685
82,0.04070766879954159,0.3138668704039729,0.22027504536338458,0.150272180307516,0.04548276191385732,0.04744055009072677,0.06389074586954446,0.08833922261484099,0.029724954636615415
83,0.04046934256407646,0.3151263712489501,0.2167018758431113,0.156456005497722,0.04650156532362748,0.047137875741301634,0.0644709715187457,0.08440021380030034,0.028735778462164983
84,0.0402126184423388,0.3232416608889916,0.2070461957219526,0.1630845081272629,0.041779010348458004,0.04709447140692807,0.06455588937678144,0.0844567701512467,0.028528875536039854
85,0.04068869874663108,0.32679174189496824,0.198079388753696,0.16953188371667058,0.043488499882251355,0.04880027213020383,0.06504958526310281,0.08059240652065834,0.02697752309181778
86,0.04030199914929817,0.33206614206720547,0.18912165036154827,0.17394193960017015,0.04450233943002978,0.04827732879625691,0.06558379413015739,0.07898234793704806,0.027222458528285837
87,0.040758562128502686,0.34033399377299745,0.1845174073025757,0.17851684121143505,0.044324936314746675,0.049051797339371636,0.06275120294367394,0.07458250778375318,0.025162751202943673
88,0.03811757806773201,0.3478668816889019,0.17504764697258465,0.18237795044714852,0.04216390558569125,0.04852660900161267,0.06330450080633339,0.07679225919953087,0.025802668230464742
89,0.04177003225006202,0.3514636566608782,0.1639171421483503,0.18475564376085338,0.046700570578020344,0.050204663855122796,0.06450012403870008,0.07175638799305384,0.024931778714959066
90,0.03878833932025422,0.3642235424150318,0.1549806576402321,0.18589389334070186,0.04631804365846919,0.049530256977065486,0.06507322464769273,0.07118679193147279,0.024005250069079855
91,0.039047406746916334,0.37074602466934165,0.14664140288304353,0.19074156635458464,0.044397384455342546,0.05238519839500669,0.06323376430375985,0.06928964184871451,0.023517610343290238
92,0.03855629465385563,0.3861378007719471,0.1358709041635871,0.19085160548575184,0.04701486408803482,0.04898579288823191,0.0607703046727437,0.06992691139032603,0.021885521885521887
93,0.03611898016997167,0.3910292728989613,0.13125590179414542,0.19107648725212464,0.04749763928234183,0.054390934844192634,0.06048158640226629,0.06515580736543909,0.02299338999055713
94,0.03826116183967285,0.3984650719847628,0.12027337404066998,0.19220211752842978,0.04750434149347375,0.04980113158926671,0.06509439247101002,0.06671895131925382,0.02167945773346031
95,0.03574462061155153,0.40331257078142696,0.11317950169875425,0.18891562853907135,0.05336919592298981,0.05549263873159683,0.06143827859569649,0.06695922989807475,0.021588335220838053
96,0.033114323258869906,0.41778361804643016,0.11099430573806394,0.19316688567674112,0.051073149364870785,0.05352606219886115,0.057030223390275955,0.06281208935611038,0.02049934296977661
97,0.03762679877329559,0.4256900212314225,0.10450577966501533,0.1830620429346544,0.05390422269403161,0.05531965086105214,0.05543760320830385,0.06487379098844066,0.01958008964378391
98,0.03546099290780142,0.44132817537072855,0.09606705351386202,0.18584784010315925,0.04803352675693101,0.05609284332688588,0.0551257253384913,0.061895551257253385,0.02014829142488717
99,0.031140248185436665,0.4387731210489347,0.09365488176071178,0.1856708030906111,0.05572465464762351,0.060875673144462655,0.05572465464762351,0.05502224303441817,0.023413720440177945
100,0.026288481494292634,0.4555517122103078,0.08509166378415774,0.1781390522310619,0.05845728121757177,0.059494984434451746,0.061224489795918366,0.05569007263922518,0.020062262193012798
101,0.0379746835443038,0.4572784810126582,0.07172995780590717,0.17563291139240506,0.047995780590717296,0.05590717299578059,0.06645569620253164,0.06434599156118144,0.02267932489451477
102,0.022033898305084745,0.4533898305084746,0.06864406779661017,0.1847457627118644,0.06694915254237288,0.0635593220338983,0.059322033898305086,0.06016949152542373,0.0211864406779661
103,0.026101141924959218,0.43882544861337686,0.0636215334420881,0.19086460032626426,0.06199021207177814,0.07504078303425775,0.06199021207177814,0.06199021207177814,0.01957585644371941
104,0.03184713375796178,0.445859872611465,0.07961783439490445,0.1910828025477707,0.03184713375796178,0.10191082802547771,0.07006369426751592,0.03184713375796178,0.01592356687898089
105,0.041176470588235294,0.4676470588235294,0.06470588235294118,0.16470588235294117,0.07941176470588235,0.058823529411764705,0.06470588235294118,0.04411764705882353,0.014705882352941176
